date_range,campaign_name,campaign_id,ad_group_name,ad_group_id,target_value,target_match_type,search_term,budget_currency,impressions,clicks,ctr,cpc,total_cost,purchases,sales,units_sold,roas,cost_per_purchase,purchase_rate,date,acos,conversion_rate
"Nov 09, 2025 - Nov 27, 2025",Auto Campaign 1 Signal Capture,468170906203317,Ad Group - Signal Capture,297953927298564,loose-match,TARGETING_EXPRESSION_PREDEFINED,mariguanol extra strength,USD,2,1,0.5,0.54,0.54,0,0.0,0,0.0,0.0,0.0,2025-11-09,0.0,0.0
"Sep 08, 2025 - Jan 18, 2026",BROAD MATCH CAMPAIGN,306896079483800,Broad Keyword,284907010614606,hair growth oil,BROAD,jamaican black castor oil for hair growth,USD,105,1,0.009523809523809525,0.37,0.37,0,0.0,0,0.0,0.0,0.0,2025-09-08,0.0,0.0
"Sep 14, 2025 - Sep 28, 2025",PRODUCT TARGETING EXACT CAMPAIGN,295732523762026,ASIN Exact targeting,517907737835689,"asin-expanded=""B0F7M35JY3""",TARGETING_EXPRESSION,B0CFYS7M4L,USD,24,1,0.041666666666666664,0.55,0.55,0,0.0,0,0.0,0.0,0.0,2025-09-14,0.0,0.0
"Dec 11, 2025 - Dec 12, 2025",BROAD MATCH CAMPAIGN,306896079483800,Broad Keyword,284907010614606,batana oil hair,BROAD,gipsophila batana oil shampoo for hair growth,USD,13,1,0.07692307692307693,1.5,1.5,0,0.0,0,0.0,0.0,0.0,2025-12-11,0.0,0.0
"Nov 22, 2025 - Dec 10, 2025",BROAD MATCH CAMPAIGN,306896079483800,Broad Keyword,284907010614606,hair growth,BROAD,henna hair growth,USD,30,1,0.03333333333333333,1.01,1.01,0,0.0,0,0.0,0.0,0.0,2025-11-22,0.0,0.0
"Sep 02, 2025 - Sep 25, 2025",Auto Campaign 1 Signal Capture,468170906203317,Ad Group - Signal Capture,297953927298564,substitutes,TARGETING_EXPRESSION_PREDEFINED,B0FK2W9PP7,USD,165,2,0.012121212121212121,0.45,0.9,0,0.0,0,0.0,0.0,0.0,2025-09-02,0.0,0.0
"Dec 10, 2025 - Dec 20, 2025",BROAD MATCH CAMPAIGN,306896079483800,Broad Keyword,284907010614606,batana oil hair,BROAD,raw batana hair oil,USD,22,1,0.045454545454545456,2.7,2.7,0,0.0,0,0.0,0.0,0.0,2025-12-10,0.0,0.0
"Jul 21, 2025 - Oct 24, 2025",Auto Campaign 1 Signal Capture,468170906203317,Ad Group - Signal Capture,297953927298564,close-match,TARGETING_EXPRESSION_PREDEFINED,natural moisturizer for hair,USD,2,1,0.5,0.3,0.3,0,0.0,0,0.0,0.0,0.0,2025-07-21,0.0,0.0
"Sep 12, 2025 - Jan 02, 2026",BROAD MATCH CAMPAIGN,306896079483800,Broad Keyword,284907010614606,hair growth oil,BROAD,4c hair growth oil,USD,53,1,0.018867924528301886,1.12,1.12,0,0.0,0,0.0,0.0,0.0,2025-09-12,0.0,0.0
"Mar 10, 2026 - Mar 10, 2026",Batana Hair oil pharase Manual,292247191707127,Phrase Keywords,465120102858213,batana,PHRASE,organic unrefined batana oil,USD,1,1,1.0,0.75,0.75,0,0.0,0,0.0,0.0,0.0,2026-03-10,0.0,0.0
"Sep 02, 2025 - Mar 06, 2026",Auto Campaign 1 Signal Capture,468170906203317,Ad Group - Signal Capture,297953927298564,substitutes,TARGETING_EXPRESSION_PREDEFINED,B0FH4YZJZ4,USD,318,1,0.0031446540880503146,0.5,0.5,0,0.0,0,0.0,0.0,0.0,2025-09-02,0.0,0.0
"Jan 17, 2026 - Jan 17, 2026",Auto Campaign 1 Signal Capture,468170906203317,Ad Group - Signal Capture,297953927298564,substitutes,TARGETING_EXPRESSION_PREDEFINED,B07FRB8D38,USD,1,1,1.0,0.22,0.22,0,0.0,0,0.0,0.0,0.0,2026-01-17,0.0,0.0
"Sep 08, 2025 - Sep 24, 2025",BROAD MATCH CAMPAIGN,306896079483800,Broad Keyword,284907010614606,hair growth oil,BROAD,yacemira batana oil for hair growth,USD,39,1,0.02564102564102564,1.04,1.04,0,0.0,0,0.0,0.0,0.0,2025-09-08,0.0,0.0
"Feb 03, 2026 - Feb 07, 2026",Batana Oil Phrase Match,212832079341322,Batana Oil Phrase Match,450560731451216,"keyword-group=""Keywords related to your product category""",TARGETING_EXPRESSION,batana oil organic,USD,58,1,0.017241379310344827,1.06,1.06,1,15.5,1,14.62264,1.06,0.0,2026-02-03,0.06838709677419355,1.0
"Oct 19, 2025 - Oct 19, 2025",Batana Hair oil pharase Manual,292247191707127,Phrase Keywords,465120102858213,hair moisturizer,PHRASE,giovanni hair moisturizer,USD,1,1,1.0,0.5,0.5,0,0.0,0,0.0,0.0,0.0,2025-10-19,0.0,0.0
"Jan 23, 2026 - Jan 25, 2026",Batana Oil Exact Ranking,116719674392449,High Intent,417102371297812,"keyword-group=""Keywords related to your product category""",TARGETING_EXPRESSION,alma hair oil,USD,425,1,0.002352941176470588,2.04,2.04,0,0.0,0,0.0,0.0,0.0,2026-01-23,0.0,0.0
"Mar 16, 2026 - Mar 16, 2026",Auto Campaign 1 Signal Capture,468170906203317,Ad Group - Signal Capture,297953927298564,close-match,TARGETING_EXPRESSION_PREDEFINED,organic hair mask for health,USD,1,1,1.0,0.9,0.9,0,0.0,0,0.0,0.0,0.0,2026-03-16,0.0,0.0
"Oct 23, 2025 - Jan 11, 2026",Batana Hair oil pharase Manual,292247191707127,Phrase Keywords,465120102858213,hair moisturizer,PHRASE,daily hair moisturizer for natural hair,USD,4,1,0.25,0.55,0.55,0,0.0,0,0.0,0.0,0.0,2025-10-23,0.0,0.0
"Sep 07, 2025 - Mar 15, 2026",PRODUCT TARGETING EXACT CAMPAIGN,295732523762026,ASIN Exact targeting,517907737835689,"asin-expanded=""B0DCX7628T""",TARGETING_EXPRESSION,B0CSD5K3L9,USD,26,1,0.038461538461538464,0.84,0.84,0,0.0,0,0.0,0.0,0.0,2025-09-07,0.0,0.0
"Jul 17, 2025 - Mar 02, 2026",Auto Campaign 1 Signal Capture,468170906203317,Ad Group - Signal Capture,297953927298564,close-match,TARGETING_EXPRESSION_PREDEFINED,100% batana oil raw,USD,4,1,0.25,0.8,0.8,0,0.0,0,0.0,0.0,0.0,2025-07-17,0.0,0.0
"Jul 19, 2025 - Mar 04, 2026",Auto Campaign 1 Signal Capture,468170906203317,Ad Group - Signal Capture,297953927298564,close-match,TARGETING_EXPRESSION_PREDEFINED,hair treatment for natural hair,USD,2,1,0.5,0.8,0.8,0,0.0,0,0.0,0.0,0.0,2025-07-19,0.0,0.0
"Nov 22, 2025 - Dec 21, 2025",BROAD MATCH CAMPAIGN,306896079483800,Broad Keyword,284907010614606,hair growth,BROAD,temple hair growth,USD,11,1,0.09090909090909091,1.05,1.05,0,0.0,0,0.0,0.0,0.0,2025-11-22,0.0,0.0
"Dec 06, 2025 - Dec 06, 2025",Auto Campaign 1 Signal Capture,468170906203317,Ad Group - Signal Capture,297953927298564,loose-match,TARGETING_EXPRESSION_PREDEFINED,edge control regrowth,USD,2,1,0.5,0.5,0.5,0,0.0,0,0.0,0.0,0.0,2025-12-06,0.0,0.0
"Sep 25, 2025 - Nov 13, 2025",Auto Campaign 1 Signal Capture,468170906203317,Ad Group - Signal Capture,297953927298564,loose-match,TARGETING_EXPRESSION_PREDEFINED,all natural edge control,USD,2,1,0.5,0.55,0.55,0,0.0,0,0.0,0.0,0.0,2025-09-25,0.0,0.0
"Sep 05, 2025 - Sep 05, 2025",BROAD MATCH CAMPAIGN,306896079483800,Broad Keyword,284907010614606,batana oil hair,BROAD,amazon batana hair oil,USD,1,1,1.0,1.58,1.58,1,9.99,1,6.32279,1.58,0.0,2025-09-05,0.15815815815815817,1.0
"Sep 08, 2025 - Mar 14, 2026",BROAD MATCH CAMPAIGN,306896079483800,Broad Keyword,284907010614606,hair growth oil,BROAD,castor oil for hair growth,USD,485,4,0.008247422680412371,0.895,3.58,1,11.99,1,3.34916,3.58,0.0,2025-09-08,0.29858215179316094,0.25
"Feb 08, 2026 - Mar 19, 2026",Auto Campaign 1 Signal Capture,468170906203317,Ad Group - Signal Capture,297953927298564,close-match,TARGETING_EXPRESSION_PREDEFINED,banana oil for hair growth,USD,33,1,0.030303030303030304,1.25,1.25,0,0.0,0,0.0,0.0,0.0,2026-02-08,0.0,0.0
"Sep 09, 2025 - Jan 22, 2026",BROAD MATCH CAMPAIGN,306896079483800,Broad Keyword,284907010614606,hair growth,BROAD,toddler hair growth products,USD,123,1,0.008130081300813009,0.52,0.52,0,0.0,0,0.0,0.0,0.0,2025-09-09,0.0,0.0
"Dec 03, 2025 - Dec 03, 2025",Auto Campaign 1 Signal Capture,468170906203317,Ad Group - Signal Capture,297953927298564,loose-match,TARGETING_EXPRESSION_PREDEFINED,restorative hair oil for edges black women,USD,1,1,1.0,0.5,0.5,0,0.0,0,0.0,0.0,0.0,2025-12-03,0.0,0.0
"Sep 26, 2025 - Sep 26, 2025",Auto Campaign 1 Signal Capture,468170906203317,Ad Group - Signal Capture,297953927298564,loose-match,TARGETING_EXPRESSION_PREDEFINED,chiki alka hair styling cream,USD,1,1,1.0,0.55,0.55,1,11.99,1,21.8,0.55,0.0,2025-09-26,0.045871559633027525,1.0
"Nov 21, 2025 - Mar 10, 2026",Auto Campaign 1 Signal Capture,468170906203317,Ad Group - Signal Capture,297953927298564,substitutes,TARGETING_EXPRESSION_PREDEFINED,B0BT1NKY54,USD,53,2,0.03773584905660377,0.55,1.1,0,0.0,0,0.0,0.0,0.0,2025-11-21,0.0,0.0
"Feb 12, 2026 - Mar 16, 2026",Batana Hair oil pharase Manual,292247191707127,Phrase Keywords,465120102858213,batana,PHRASE,honduras batana oil,USD,13,1,0.07692307692307693,2.25,2.25,0,0.0,0,0.0,0.0,0.0,2026-02-12,0.0,0.0
"Aug 04, 2025 - Jan 04, 2026",Auto Campaign 1 Signal Capture,468170906203317,Ad Group - Signal Capture,297953927298564,substitutes,TARGETING_EXPRESSION_PREDEFINED,B0D982JMYF,USD,6,1,0.16666666666666666,0.52,0.52,0,0.0,0,0.0,0.0,0.0,2025-08-04,0.0,0.0
"Sep 08, 2025 - Jan 04, 2026",BROAD MATCH CAMPAIGN,306896079483800,Broad Keyword,284907010614606,hair growth oil,BROAD,pure batana oil for hair growth,USD,87,1,0.011494252873563218,1.23,1.23,1,9.99,1,8.12195,1.23,0.0,2025-09-08,0.12312312312312312,1.0
"Sep 08, 2025 - Sep 08, 2025",BROAD MATCH CAMPAIGN,306896079483800,Broad Keyword,284907010614606,men hair growth,BROAD,hair growth in men,USD,6,1,0.16666666666666666,0.61,0.61,0,0.0,0,0.0,0.0,0.0,2025-09-08,0.0,0.0
"Dec 14, 2025 - Dec 14, 2025",BROAD MATCH CAMPAIGN,306896079483800,Broad Keyword,284907010614606,hair growth oil,BROAD,hair growth oil for waves,USD,1,1,1.0,1.61,1.61,0,0.0,0,0.0,0.0,0.0,2025-12-14,0.0,0.0
"Sep 08, 2025 - Jan 21, 2026",BROAD MATCH CAMPAIGN,306896079483800,Broad Keyword,284907010614606,hair growth oil,BROAD,the mane attraction hair growth oil,USD,317,1,0.0031545741324921135,1.21,1.21,0,0.0,0,0.0,0.0,0.0,2025-09-08,0.0,0.0
"Jun 28, 2025 - Mar 10, 2026",Auto Campaign 1 Signal Capture,468170906203317,Ad Group - Signal Capture,297953927298564,loose-match,TARGETING_EXPRESSION_PREDEFINED,hair care,USD,2126,5,0.0023518344308560675,1.132,5.66,0,0.0,0,0.0,0.0,0.0,2025-06-28,0.0,0.0
"Dec 26, 2025 - Dec 26, 2025",Auto Campaign 1 Signal Capture,468170906203317,Ad Group - Signal Capture,297953927298564,close-match,TARGETING_EXPRESSION_PREDEFINED,B0DKVKNLYP,USD,1,1,1.0,0.45,0.45,0,0.0,0,0.0,0.0,0.0,2025-12-26,0.0,0.0
"Sep 04, 2025 - Mar 10, 2026",Auto Campaign 1 Signal Capture,468170906203317,Ad Group - Signal Capture,297953927298564,substitutes,TARGETING_EXPRESSION_PREDEFINED,B0DZY8YRWX,USD,11,1,0.09090909090909091,0.45,0.45,0,0.0,0,0.0,0.0,0.0,2025-09-04,0.0,0.0
"Jul 01, 2025 - Feb 11, 2026",Auto Campaign 1 Signal Capture,468170906203317,Ad Group - Signal Capture,297953927298564,close-match,TARGETING_EXPRESSION_PREDEFINED,cold pressed batana oil,USD,31,1,0.03225806451612903,1.58,1.58,0,0.0,0,0.0,0.0,0.0,2025-07-01,0.0,0.0
"Sep 09, 2025 - Sep 20, 2025",BROAD MATCH CAMPAIGN,306896079483800,Broad Keyword,284907010614606,hair growth oil,BROAD,10 & 1 hair growth oil,USD,13,1,0.07692307692307693,0.9,0.9,0,0.0,0,0.0,0.0,0.0,2025-09-09,0.0,0.0
"Dec 11, 2025 - Dec 20, 2025",BROAD MATCH CAMPAIGN,306896079483800,Broad Keyword,284907010614606,batana oil,BROAD,arivy batana oil,USD,2,1,0.5,0.82,0.82,0,0.0,0,0.0,0.0,0.0,2025-12-11,0.0,0.0
"Dec 10, 2025 - Dec 12, 2025",BROAD MATCH CAMPAIGN,306896079483800,Broad Keyword,284907010614606,batana oil hair,BROAD,batana oil organic for hair,USD,26,1,0.038461538461538464,1.15,1.15,0,0.0,0,0.0,0.0,0.0,2025-12-10,0.0,0.0
"Sep 08, 2025 - Mar 12, 2026",BROAD MATCH CAMPAIGN,306896079483800,Broad Keyword,284907010614606,hair growth oil,BROAD,minnah crack hair growth oil,USD,351,1,0.002849002849002849,1.29,1.29,0,0.0,0,0.0,0.0,0.0,2025-09-08,0.0,0.0
"Jul 21, 2025 - Mar 01, 2026",Auto Campaign 1 Signal Capture,468170906203317,Ad Group - Signal Capture,297953927298564,close-match,TARGETING_EXPRESSION_PREDEFINED,100% batana oil,USD,48,1,0.020833333333333332,1.53,1.53,0,0.0,0,0.0,0.0,0.0,2025-07-21,0.0,0.0
"Sep 02, 2025 - Sep 02, 2025",Batana Hair oil pharase Manual,292247191707127,Phrase Keywords,465120102858213,hair growth,PHRASE,curly hair growth,USD,1,1,1.0,0.8,0.8,0,0.0,0,0.0,0.0,0.0,2025-09-02,0.0,0.0
"Sep 07, 2025 - Jan 04, 2026",PRODUCT TARGETING EXACT CAMPAIGN,295732523762026,ASIN Exact targeting,517907737835689,"asin-expanded=""B0DCX7628T""",TARGETING_EXPRESSION,B074LVMLNG,USD,125,1,0.008,0.75,0.75,0,0.0,0,0.0,0.0,0.0,2025-09-07,0.0,0.0
"Feb 26, 2026 - Mar 13, 2026",Batana Hair oil pharase Manual,292247191707127,Phrase Keywords,465120102858213,batana,PHRASE,luxmiel batana oil for hair growth,USD,6,2,0.3333333333333333,0.57,1.14,0,0.0,0,0.0,0.0,0.0,2026-02-26,0.0,0.0
"Sep 23, 2025 - Dec 02, 2025",BROAD MATCH CAMPAIGN,306896079483800,Broad Keyword,284907010614606,vitamins for hair growth,BROAD,hair growth vitamins,USD,73,1,0.0136986301369863,0.52,0.52,0,0.0,0,0.0,0.0,0.0,2025-09-23,0.0,0.0
"Jul 04, 2025 - Jan 13, 2026",Auto Campaign 1 Signal Capture,468170906203317,Ad Group - Signal Capture,297953927298564,loose-match,TARGETING_EXPRESSION_PREDEFINED,skala vitamin pump,USD,8,1,0.125,0.5,0.5,0,0.0,0,0.0,0.0,0.0,2025-07-04,0.0,0.0
"Aug 07, 2025 - Mar 17, 2026",Auto Campaign 1 Signal Capture,468170906203317,Ad Group - Signal Capture,297953927298564,substitutes,TARGETING_EXPRESSION_PREDEFINED,B07XSN37JK,USD,23,1,0.043478260869565216,0.5,0.5,0,0.0,0,0.0,0.0,0.0,2025-08-07,0.0,0.0
"Sep 29, 2025 - Jan 19, 2026",PRODUCT TARGETING EXACT CAMPAIGN,295732523762026,ASIN Exact targeting,517907737835689,"asin-expanded=""B000V8MTIC""",TARGETING_EXPRESSION,B000T7AIW4,USD,40,1,0.025,0.3,0.3,1,16.99,1,56.63333,0.3,0.0,2025-09-29,0.017657445556209538,1.0
"Sep 28, 2025 - Mar 17, 2026",PRODUCT TARGETING EXACT CAMPAIGN,295732523762026,ASIN Exact targeting,517907737835689,"asin-expanded=""B000V8MTIC""",TARGETING_EXPRESSION,B000GGPK0I,USD,171,1,0.005847953216374269,0.4,0.4,0,0.0,0,0.0,0.0,0.0,2025-09-28,0.0,0.0
"Feb 17, 2026 - Feb 17, 2026",Batana Hair oil pharase Manual,292247191707127,Phrase Keywords,465120102858213,batana,PHRASE,vitalstrands batana oil,USD,2,1,0.5,3.35,3.35,0,0.0,0,0.0,0.0,0.0,2026-02-17,0.0,0.0
"Sep 08, 2025 - Dec 27, 2025",PRODUCT TARGETING EXACT CAMPAIGN,295732523762026,ASIN Exact targeting,517907737835689,"asin-expanded=""B0DSHXCT4N""",TARGETING_EXPRESSION,B00329TN3Q,USD,20,1,0.05,0.4,0.4,0,0.0,0,0.0,0.0,0.0,2025-09-08,0.0,0.0
"Sep 06, 2025 - Mar 17, 2026",Batana Hair oil pharase Manual,292247191707127,Phrase Keywords,465120102858213,hair oils for hair growth,PHRASE,alma hair oil for hair growth,USD,16,2,0.125,0.625,1.25,0,0.0,0,0.0,0.0,0.0,2025-09-06,0.0,0.0
"Dec 31, 2025 - Dec 31, 2025",Auto Campaign 1 Signal Capture,468170906203317,Ad Group - Signal Capture,297953927298564,close-match,TARGETING_EXPRESSION_PREDEFINED,joana,USD,1,1,1.0,0.45,0.45,0,0.0,0,0.0,0.0,0.0,2025-12-31,0.0,0.0
"Sep 02, 2025 - Sep 08, 2025",PRODUCT TARGETING EXACT CAMPAIGN,295732523762026,ASIN Exact targeting,517907737835689,"asin-expanded=""B0DZDV2FLB""",TARGETING_EXPRESSION,B0FDGF6VLX,USD,3,1,0.3333333333333333,0.75,0.75,0,0.0,0,0.0,0.0,0.0,2025-09-02,0.0,0.0
"Sep 08, 2025 - Mar 16, 2026",BROAD MATCH CAMPAIGN,306896079483800,Broad Keyword,284907010614606,hair growth oil,BROAD,hair growth oil for men,USD,11,1,0.09090909090909091,1.8,1.8,1,9.99,1,5.55,1.8,0.0,2025-09-08,0.18018018018018017,1.0
"Sep 20, 2025 - Nov 04, 2025",BROAD MATCH CAMPAIGN,306896079483800,Broad Keyword,284907010614606,hair moisturizer for dry hair,BROAD,moisturizer for dry hair black women,USD,6,2,0.3333333333333333,0.605,1.21,0,0.0,0,0.0,0.0,0.0,2025-09-20,0.0,0.0
"Sep 02, 2025 - Dec 15, 2025",BROAD MATCH CAMPAIGN,306896079483800,Broad Keyword,284907010614606,batana oil hair,BROAD,labanta batana oil for hair growth,USD,185,1,0.005405405405405406,1.5,1.5,0,0.0,0,0.0,0.0,0.0,2025-09-02,0.0,0.0
"Sep 08, 2025 - Jan 04, 2026",BROAD MATCH CAMPAIGN,306896079483800,Broad Keyword,284907010614606,hair growth oil,BROAD,minnah beauty hair growth oil,USD,63,1,0.015873015873015872,1.04,1.04,1,9.99,1,9.60577,1.04,0.0,2025-09-08,0.1041041041041041,1.0
"Sep 05, 2025 - Mar 20, 2026",BROAD MATCH CAMPAIGN,306896079483800,Broad Keyword,284907010614606,batana oil,BROAD,botanic batana oil,USD,330,3,0.00909090909090909,0.99667,2.99,0,0.0,0,0.0,0.0,0.0,2025-09-05,0.0,0.0
"Sep 25, 2025 - Dec 22, 2025",BROAD MATCH CAMPAIGN,306896079483800,Broad Keyword,284907010614606,hair oil for hair growth,BROAD,scalp stimulator hair growth oil,USD,253,2,0.007905138339920948,0.665,1.33,0,0.0,0,0.0,0.0,0.0,2025-09-25,0.0,0.0
"Oct 20, 2025 - Oct 20, 2025",Auto Campaign 1 Signal Capture,468170906203317,Ad Group - Signal Capture,297953927298564,loose-match,TARGETING_EXPRESSION_PREDEFINED,black woman edge growth hair growth,USD,1,1,1.0,0.4,0.4,0,0.0,0,0.0,0.0,0.0,2025-10-20,0.0,0.0
"Sep 04, 2025 - Mar 09, 2026",BROAD MATCH CAMPAIGN,306896079483800,Broad Keyword,284907010614606,hair growth oil,BROAD,hair growth oil,USD,40335,208,0.005156811701995785,1.00986,210.05,15,155.85,15,0.74197,14.00333,0.0,2025-09-04,1.3477702919473855,0.07211538461538461
"Feb 12, 2026 - Mar 19, 2026",Batana Hair oil pharase Manual,292247191707127,Phrase Keywords,465120102858213,batana,PHRASE,lebanta raw batana oil,USD,131,4,0.030534351145038167,1.975,7.9,0,0.0,0,0.0,0.0,0.0,2026-02-12,0.0,0.0
"Dec 13, 2025 - Dec 15, 2025",BROAD MATCH CAMPAIGN,306896079483800,Broad Keyword,284907010614606,hair growth oil,BROAD,super hair growth oil ￼ white girl hair￼,USD,1,1,1.0,2.0,2.0,0,0.0,0,0.0,0.0,0.0,2025-12-13,0.0,0.0
"Sep 08, 2025 - Jan 02, 2026",BROAD MATCH CAMPAIGN,306896079483800,Broad Keyword,284907010614606,hair growth oil,BROAD,batana natural hair growth oil,USD,209,1,0.004784688995215311,1.35,1.35,0,0.0,0,0.0,0.0,0.0,2025-09-08,0.0,0.0
"Sep 26, 2025 - Sep 26, 2025",Auto Campaign 1 Signal Capture,468170906203317,Ad Group - Signal Capture,297953927298564,loose-match,TARGETING_EXPRESSION_PREDEFINED,black girl hair growth vitamins,USD,1,1,1.0,0.54,0.54,0,0.0,0,0.0,0.0,0.0,2025-09-26,0.0,0.0
"Feb 21, 2026 - Feb 22, 2026",Auto Campaign 1 Signal Capture,468170906203317,Ad Group - Signal Capture,297953927298564,close-match,TARGETING_EXPRESSION_PREDEFINED,oil for growth,USD,413,1,0.002421307506053269,1.84,1.84,0,0.0,0,0.0,0.0,0.0,2026-02-21,0.0,0.0
"Sep 03, 2025 - Mar 20, 2026",BROAD MATCH CAMPAIGN,306896079483800,Broad Keyword,284907010614606,hair growth oil,BROAD,hair oils for hair growth,USD,12560,60,0.004777070063694267,0.96833,58.1,2,19.98,2,0.34389,29.05,0.0,2025-09-03,2.9079079079079078,0.03333333333333333
"Sep 19, 2025 - Dec 13, 2025",BROAD MATCH CAMPAIGN,306896079483800,Broad Keyword,284907010614606,hair growth oil,BROAD,herbs for hair growth oil,USD,2,1,0.5,1.21,1.21,0,0.0,0,0.0,0.0,0.0,2025-09-19,0.0,0.0
"Mar 04, 2026 - Mar 05, 2026",Auto Campaign 1 Signal Capture,468170906203317,Ad Group - Signal Capture,297953927298564,close-match,TARGETING_EXPRESSION_PREDEFINED,raw batana unrefined,USD,238,2,0.008403361344537815,1.145,2.29,0,0.0,0,0.0,0.0,0.0,2026-03-04,0.0,0.0
"Feb 20, 2026 - Feb 25, 2026",Batana Hair oil pharase Manual,292247191707127,Phrase Keywords,465120102858213,batana,PHRASE,batana oil for curly hair,USD,5,1,0.2,1.5,1.5,0,0.0,0,0.0,0.0,0.0,2026-02-20,0.0,0.0
"Feb 24, 2026 - Mar 19, 2026",Auto Campaign 1 Signal Capture,468170906203317,Ad Group - Signal Capture,297953927298564,loose-match,TARGETING_EXPRESSION_PREDEFINED,batama oil from honduras,USD,1,1,1.0,2.64,2.64,0,0.0,0,0.0,0.0,0.0,2026-02-24,0.0,0.0
"Feb 22, 2026 - Feb 22, 2026",Auto Campaign 1 Signal Capture,468170906203317,Ad Group - Signal Capture,297953927298564,close-match,TARGETING_EXPRESSION_PREDEFINED,batana natural hair,USD,73,1,0.0136986301369863,1.84,1.84,0,0.0,0,0.0,0.0,0.0,2026-02-22,0.0,0.0
"Sep 06, 2025 - Sep 06, 2025",BROAD MATCH CAMPAIGN,306896079483800,Broad Keyword,284907010614606,hair growth,BROAD,hair oils for hair growth black women,USD,4,1,0.25,1.35,1.35,0,0.0,0,0.0,0.0,0.0,2025-09-06,0.0,0.0
"Aug 31, 2025 - Dec 04, 2025",Batana Hair oil pharase Manual,292247191707127,Phrase Keywords,465120102858213,hair growth,PHRASE,forchics hair growth oil spray,USD,8,1,0.125,0.8,0.8,0,0.0,0,0.0,0.0,0.0,2025-08-31,0.0,0.0
"Sep 05, 2025 - Jan 17, 2026",Auto Campaign 1 Signal Capture,468170906203317,Ad Group - Signal Capture,297953927298564,loose-match,TARGETING_EXPRESSION_PREDEFINED,edge growth for black women,USD,98,3,0.030612244897959183,0.46,1.38,1,11.99,1,8.68841,1.38,0.0,2025-09-05,0.11509591326105087,0.3333333333333333
"Nov 22, 2025 - Nov 22, 2025",PRODUCT TARGETING EXPANDED CAMPAIGN,488143762344483,ASIN Expanded targeting,501339022401488,"asin-expanded=""B0F7M35JY3""",TARGETING_EXPRESSION,B0FDH4NL43,USD,1,1,1.0,0.12,0.12,0,0.0,0,0.0,0.0,0.0,2025-11-22,0.0,0.0
"Jun 25, 2025 - Mar 15, 2026",Auto Campaign 1 Signal Capture,468170906203317,Ad Group - Signal Capture,297953927298564,substitutes,TARGETING_EXPRESSION_PREDEFINED,B0CW6J494Z,USD,1062,5,0.004708097928436911,0.56,2.8,1,13.99,1,4.99643,2.8,0.0,2025-06-25,0.20014295925661185,0.2
"Jul 04, 2025 - Mar 09, 2026",Auto Campaign 1 Signal Capture,468170906203317,Ad Group - Signal Capture,297953927298564,substitutes,TARGETING_EXPRESSION_PREDEFINED,B0DSHY2T4Q,USD,487,2,0.004106776180698152,0.525,1.05,0,0.0,0,0.0,0.0,0.0,2025-07-04,0.0,0.0
"Sep 10, 2025 - Sep 22, 2025",Auto Campaign 1 Signal Capture,468170906203317,Ad Group - Signal Capture,297953927298564,loose-match,TARGETING_EXPRESSION_PREDEFINED,dadi oil,USD,4,1,0.25,0.45,0.45,0,0.0,0,0.0,0.0,0.0,2025-09-10,0.0,0.0
"Jan 29, 2026 - Jan 31, 2026",Batana Oil Phrase Match,212832079341322,Batana Oil Phrase Match,450560731451216,growth,PHRASE,hair growth recipes,USD,3,1,0.3333333333333333,0.24,0.24,0,0.0,0,0.0,0.0,0.0,2026-01-29,0.0,0.0
"Nov 07, 2025 - Mar 09, 2026",Auto Campaign 1 Signal Capture,468170906203317,Ad Group - Signal Capture,297953927298564,substitutes,TARGETING_EXPRESSION_PREDEFINED,B0FR8LM7S1,USD,41,1,0.024390243902439025,0.44,0.44,0,0.0,0,0.0,0.0,0.0,2025-11-07,0.0,0.0
"Sep 09, 2025 - Dec 14, 2025",PRODUCT TARGETING EXACT CAMPAIGN,295732523762026,ASIN Exact targeting,517907737835689,"asin-expanded=""B0DCX7628T""",TARGETING_EXPRESSION,B0CR1SYNNS,USD,119,2,0.01680672268907563,0.8,1.6,0,0.0,0,0.0,0.0,0.0,2025-09-09,0.0,0.0
"Oct 17, 2025 - Jan 21, 2026",PRODUCT TARGETING EXACT CAMPAIGN,295732523762026,ASIN Exact targeting,517907737835689,"asin-expanded=""B000V8MTIC""",TARGETING_EXPRESSION,B0CRB21CRK,USD,61,1,0.01639344262295082,0.6,0.6,0,0.0,0,0.0,0.0,0.0,2025-10-17,0.0,0.0
"Sep 09, 2025 - Jan 21, 2026",PRODUCT TARGETING EXACT CAMPAIGN,295732523762026,ASIN Exact targeting,517907737835689,"asin-expanded=""B0DCX7628T""",TARGETING_EXPRESSION,B0CW6J494Z,USD,71,1,0.014084507042253521,0.55,0.55,0,0.0,0,0.0,0.0,0.0,2025-09-09,0.0,0.0
"Nov 26, 2025 - Jan 20, 2026",BROAD MATCH CAMPAIGN,306896079483800,Broad Keyword,284907010614606,raw batana oil,BROAD,raw batana oil,USD,111,1,0.009009009009009009,0.82,0.82,0,0.0,0,0.0,0.0,0.0,2025-11-26,0.0,0.0
"Jan 10, 2026 - Jan 10, 2026",PRODUCT TARGETING EXACT CAMPAIGN,295732523762026,ASIN Exact targeting,517907737835689,"asin-expanded=""B000V8MTIC""",TARGETING_EXPRESSION,B0GBXXZGRF,USD,1,1,1.0,0.6,0.6,0,0.0,0,0.0,0.0,0.0,2026-01-10,0.0,0.0
"Sep 05, 2025 - Sep 06, 2025",BROAD MATCH CAMPAIGN,306896079483800,Broad Keyword,284907010614606,batana oil hair growth,BROAD,weemotd batana oil for hair growth,USD,25,1,0.04,1.3,1.3,0,0.0,0,0.0,0.0,0.0,2025-09-05,0.0,0.0
"Sep 08, 2025 - Jan 20, 2026",BROAD MATCH CAMPAIGN,306896079483800,Broad Keyword,284907010614606,hair growth oil,BROAD,rosemary and mint oil for hair growth,USD,87,1,0.011494252873563218,0.93,0.93,0,0.0,0,0.0,0.0,0.0,2025-09-08,0.0,0.0
"Mar 02, 2026 - Mar 02, 2026",Auto Campaign 1 Signal Capture,468170906203317,Ad Group - Signal Capture,297953927298564,loose-match,TARGETING_EXPRESSION_PREDEFINED,mens hair oil for dry hair,USD,1,1,1.0,3.74,3.74,1,15.5,1,4.14439,3.74,0.0,2026-03-02,0.24129032258064517,1.0
"Dec 16, 2025 - Dec 16, 2025",Auto Campaign 1 Signal Capture,468170906203317,Ad Group - Signal Capture,297953927298564,loose-match,TARGETING_EXPRESSION_PREDEFINED,maree keratin hair treatment,USD,1,1,1.0,0.47,0.47,0,0.0,0,0.0,0.0,0.0,2025-12-16,0.0,0.0
"Sep 18, 2025 - Sep 23, 2025",BROAD MATCH CAMPAIGN,306896079483800,Broad Keyword,284907010614606,hair growth oil,BROAD,amtreea batana oil for hair growth,USD,14,1,0.07142857142857142,0.81,0.81,0,0.0,0,0.0,0.0,0.0,2025-09-18,0.0,0.0
"Sep 03, 2025 - Oct 31, 2025",PRODUCT TARGETING EXACT CAMPAIGN,295732523762026,ASIN Exact targeting,517907737835689,"asin-expanded=""B0CMXF1NK3""",TARGETING_EXPRESSION,B0D2RY92V6,USD,5,1,0.2,0.35,0.35,0,0.0,0,0.0,0.0,0.0,2025-09-03,0.0,0.0
"Jul 23, 2025 - Mar 05, 2026",Auto Campaign 1 Signal Capture,468170906203317,Ad Group - Signal Capture,297953927298564,substitutes,TARGETING_EXPRESSION_PREDEFINED,B0DWV49SMM,USD,6,1,0.16666666666666666,0.6,0.6,0,0.0,0,0.0,0.0,0.0,2025-07-23,0.0,0.0
"Sep 26, 2025 - Sep 28, 2025",BROAD MATCH CAMPAIGN,306896079483800,Broad Keyword,284907010614606,best hair growth products for women,BROAD,banana oil,USD,2,1,0.5,0.52,0.52,0,0.0,0,0.0,0.0,0.0,2025-09-26,0.0,0.0
"Sep 03, 2025 - Dec 15, 2025",BROAD MATCH CAMPAIGN,306896079483800,Broad Keyword,284907010614606,batana oil hair,BROAD,dersie batana oil for hair growth,USD,77,2,0.025974025974025976,1.025,2.05,0,0.0,0,0.0,0.0,0.0,2025-09-03,0.0,0.0
"Mar 15, 2026 - Mar 15, 2026",Batana Hair oil pharase Manual,292247191707127,Phrase Keywords,465120102858213,batana,PHRASE,lebanta raw batana oil for hair,USD,2,1,0.5,1.08,1.08,0,0.0,0,0.0,0.0,0.0,2026-03-15,0.0,0.0
"Feb 01, 2026 - Feb 01, 2026",Auto Campaign 2 Cheap Discovery,163081140507766,Ad Group Cheap Discovery,391494289840856,loose-match,TARGETING_EXPRESSION_PREDEFINED,raw botanical oil paste,USD,1,1,1.0,0.66,0.66,0,0.0,0,0.0,0.0,0.0,2026-02-01,0.0,0.0
"Jan 22, 2026 - Jan 22, 2026",Auto Campaign 2 Cheap Discovery,163081140507766,Ad Group Cheap Discovery,391494289840856,loose-match,TARGETING_EXPRESSION_PREDEFINED,camille rose – batana hair food (limited),USD,1,1,1.0,1.78,1.78,0,0.0,0,0.0,0.0,0.0,2026-01-22,0.0,0.0
"Nov 22, 2025 - Jan 13, 2026",Auto Campaign 1 Signal Capture,468170906203317,Ad Group - Signal Capture,297953927298564,loose-match,TARGETING_EXPRESSION_PREDEFINED,puffy hold me down baby gelle,USD,6,1,0.16666666666666666,0.5,0.5,0,0.0,0,0.0,0.0,0.0,2025-11-22,0.0,0.0
"Nov 08, 2025 - Jan 04, 2026",Auto Campaign 1 Signal Capture,468170906203317,Ad Group - Signal Capture,297953927298564,loose-match,TARGETING_EXPRESSION_PREDEFINED,skala hair treatment,USD,9,1,0.1111111111111111,0.45,0.45,0,0.0,0,0.0,0.0,0.0,2025-11-08,0.0,0.0
"Sep 10, 2025 - Jan 21, 2026",PRODUCT TARGETING EXACT CAMPAIGN,295732523762026,ASIN Exact targeting,517907737835689,"asin-expanded=""B0DCX7628T""",TARGETING_EXPRESSION,B0DL5LB7JH,USD,1224,12,0.00980392156862745,0.78167,9.38,0,0.0,0,0.0,0.0,0.0,2025-09-10,0.0,0.0
"Oct 17, 2025 - Mar 19, 2026",BROAD MATCH CAMPAIGN,306896079483800,Broad Keyword,284907010614606,hair growth,BROAD,pure onion juice for hair growth,USD,47,2,0.0425531914893617,0.785,1.57,0,0.0,0,0.0,0.0,0.0,2025-10-17,0.0,0.0
"Feb 12, 2026 - Mar 04, 2026",Batana Hair oil pharase Manual,292247191707127,Phrase Keywords,465120102858213,batana,PHRASE,batana hair oil,USD,201,3,0.014925373134328358,2.5,7.5,0,0.0,0,0.0,0.0,0.0,2026-02-12,0.0,0.0
"Sep 15, 2025 - Mar 11, 2026",BROAD MATCH CAMPAIGN,306896079483800,Broad Keyword,284907010614606,batana oil,BROAD,leave in batana oil,USD,26,1,0.038461538461538464,2.02,2.02,0,0.0,0,0.0,0.0,0.0,2025-09-15,0.0,0.0
"Sep 26, 2025 - Sep 26, 2025",Auto Campaign 1 Signal Capture,468170906203317,Ad Group - Signal Capture,297953927298564,loose-match,TARGETING_EXPRESSION_PREDEFINED,eld coconut oil for hair loss,USD,1,1,1.0,0.55,0.55,0,0.0,0,0.0,0.0,0.0,2025-09-26,0.0,0.0
"Mar 04, 2026 - Mar 16, 2026",Auto Campaign 1 Signal Capture,468170906203317,Ad Group - Signal Capture,297953927298564,loose-match,TARGETING_EXPRESSION_PREDEFINED,salt and pepper drawstring ponytail,USD,7,1,0.14285714285714285,0.47,0.47,0,0.0,0,0.0,0.0,0.0,2026-03-04,0.0,0.0
"Sep 04, 2025 - Mar 02, 2026",Batana Hair oil Exact Manual,502286450850716,Exact Keywords,296070289941158,raw batana oil for hair growth,EXACT,raw batana oil for hair growth,USD,483,5,0.010351966873706004,0.598,2.99,0,0.0,0,0.0,0.0,0.0,2025-09-04,0.0,0.0
"Sep 07, 2025 - Sep 07, 2025",Auto Campaign 1 Signal Capture,468170906203317,Ad Group - Signal Capture,297953927298564,loose-match,TARGETING_EXPRESSION_PREDEFINED,botana oil styling cream,USD,1,1,1.0,0.6,0.6,0,0.0,0,0.0,0.0,0.0,2025-09-07,0.0,0.0
"Nov 26, 2025 - Nov 26, 2025",Auto Campaign 1 Signal Capture,468170906203317,Ad Group - Signal Capture,297953927298564,substitutes,TARGETING_EXPRESSION_PREDEFINED,B0CF5135WP,USD,1,1,1.0,0.27,0.27,0,0.0,0,0.0,0.0,0.0,2025-11-26,0.0,0.0
"Sep 18, 2025 - Nov 10, 2025",Batana Hair oil Exact Manual,502286450850716,Exact Keywords,296070289941158,bantans oil for hair growth,EXACT,bantan oil for hair growth,USD,559,2,0.0035778175313059034,0.54,1.08,0,0.0,0,0.0,0.0,0.0,2025-09-18,0.0,0.0
"Sep 01, 2025 - Jan 21, 2026",Batana Hair oil pharase Manual,292247191707127,Phrase Keywords,465120102858213,hair moisturizer,PHRASE,wavenuvo hair moisturizer,USD,19,1,0.05263157894736842,0.63,0.63,0,0.0,0,0.0,0.0,0.0,2025-09-01,0.0,0.0
"Sep 09, 2025 - Sep 18, 2025",BROAD MATCH CAMPAIGN,306896079483800,Broad Keyword,284907010614606,hair growth oil,BROAD,batina oil for hair growth,USD,4,1,0.25,1.04,1.04,0,0.0,0,0.0,0.0,0.0,2025-09-09,0.0,0.0
"Jan 23, 2026 - Feb 05, 2026",Auto Campaign 2 Cheap Discovery,163081140507766,Ad Group Cheap Discovery,391494289840856,substitutes,TARGETING_EXPRESSION_PREDEFINED,B0F1QZT1FV,USD,46,1,0.021739130434782608,0.99,0.99,0,0.0,0,0.0,0.0,0.0,2026-01-23,0.0,0.0
"Nov 21, 2025 - Nov 23, 2025",BROAD MATCH CAMPAIGN,306896079483800,Broad Keyword,284907010614606,hair growth,BROAD,natures collection miracle growth hair and scalp moisturizer,USD,2,1,0.5,0.75,0.75,0,0.0,0,0.0,0.0,0.0,2025-11-21,0.0,0.0
"Jan 24, 2026 - Feb 02, 2026",Batana Oil Exact Ranking,116719674392449,High Intent,417102371297812,"keyword-group=""Keywords related to your product category""",TARGETING_EXPRESSION,moroccan oil for hair,USD,40,1,0.025,2.04,2.04,0,0.0,0,0.0,0.0,0.0,2026-01-24,0.0,0.0
"Sep 05, 2025 - Nov 05, 2025",Batana Hair oil pharase Manual,292247191707127,Phrase Keywords,465120102858213,hair growth products,PHRASE,hair growth products for black women,USD,14,1,0.07142857142857142,0.72,0.72,0,0.0,0,0.0,0.0,0.0,2025-09-05,0.0,0.0
"Sep 08, 2025 - Jan 21, 2026",PRODUCT TARGETING EXACT CAMPAIGN,295732523762026,ASIN Exact targeting,517907737835689,"asin-expanded=""B0DCX7628T""",TARGETING_EXPRESSION,B0C6L9KK98,USD,73,1,0.0136986301369863,0.6,0.6,0,0.0,0,0.0,0.0,0.0,2025-09-08,0.0,0.0
"Sep 20, 2025 - Mar 11, 2026",Auto Campaign 1 Signal Capture,468170906203317,Ad Group - Signal Capture,297953927298564,substitutes,TARGETING_EXPRESSION_PREDEFINED,B0DT4WJYGB,USD,14,1,0.07142857142857142,0.45,0.45,0,0.0,0,0.0,0.0,0.0,2025-09-20,0.0,0.0
"Sep 25, 2025 - Dec 28, 2025",BROAD MATCH CAMPAIGN,306896079483800,Broad Keyword,284907010614606,hair oil for hair growth,BROAD,oil for hair growth and thickening,USD,19,1,0.05263157894736842,0.75,0.75,0,0.0,0,0.0,0.0,0.0,2025-09-25,0.0,0.0
"Sep 04, 2025 - Mar 17, 2026",Batana Hair oil pharase Manual,292247191707127,Phrase Keywords,465120102858213,hair growth oil,PHRASE,african hair growth oil,USD,44,1,0.022727272727272728,0.86,0.86,0,0.0,0,0.0,0.0,0.0,2025-09-04,0.0,0.0
"Mar 07, 2026 - Mar 18, 2026",Auto Campaign 1 Signal Capture,468170906203317,Ad Group - Signal Capture,297953927298564,substitutes,TARGETING_EXPRESSION_PREDEFINED,B00PKHV6U6,USD,8,1,0.125,1.05,1.05,0,0.0,0,0.0,0.0,0.0,2026-03-07,0.0,0.0
"Sep 08, 2025 - Mar 15, 2026",BROAD MATCH CAMPAIGN,306896079483800,Broad Keyword,284907010614606,hair growth oil,BROAD,nene crack hair growth oil,USD,56,2,0.03571428571428571,1.195,2.39,0,0.0,0,0.0,0.0,0.0,2025-09-08,0.0,0.0
"Jul 23, 2025 - Sep 02, 2025",Auto Campaign 1 Signal Capture,468170906203317,Ad Group - Signal Capture,297953927298564,close-match,TARGETING_EXPRESSION_PREDEFINED,B01NALN8Q9,USD,43,1,0.023255813953488372,0.8,0.8,0,0.0,0,0.0,0.0,0.0,2025-07-23,0.0,0.0
"Feb 03, 2026 - Feb 03, 2026",Auto Campaign 2 Cheap Discovery,163081140507766,Ad Group Cheap Discovery,391494289840856,loose-match,TARGETING_EXPRESSION_PREDEFINED,chebe hair growth powder hair mask,USD,1,1,1.0,0.66,0.66,1,15.99,1,24.22727,0.66,0.0,2026-02-03,0.04127579737335835,1.0
"Sep 08, 2025 - Mar 14, 2026",BROAD MATCH CAMPAIGN,306896079483800,Broad Keyword,284907010614606,hair growth oil,BROAD,banatan oil hair growth,USD,166,2,0.012048192771084338,1.175,2.35,0,0.0,0,0.0,0.0,0.0,2025-09-08,0.0,0.0
"Sep 06, 2025 - Sep 06, 2025",BROAD MATCH CAMPAIGN,306896079483800,Broad Keyword,284907010614606,batana oil hair,BROAD,batana hair oil leave in conditioner,USD,2,1,0.5,1.35,1.35,1,9.99,1,7.4,1.35,0.0,2025-09-06,0.13513513513513514,1.0
"Sep 04, 2025 - Oct 17, 2025",Auto Campaign 1 Signal Capture,468170906203317,Ad Group - Signal Capture,297953927298564,loose-match,TARGETING_EXPRESSION_PREDEFINED,extreme growth styling cream,USD,19,2,0.10526315789473684,0.55,1.1,0,0.0,0,0.0,0.0,0.0,2025-09-04,0.0,0.0
"Sep 25, 2025 - Dec 12, 2025",Auto Campaign 1 Signal Capture,468170906203317,Ad Group - Signal Capture,297953927298564,loose-match,TARGETING_EXPRESSION_PREDEFINED,best edge control for 4c hair,USD,13,1,0.07692307692307693,0.4,0.4,0,0.0,0,0.0,0.0,0.0,2025-09-25,0.0,0.0
"Sep 15, 2025 - Dec 07, 2025",Auto Campaign 1 Signal Capture,468170906203317,Ad Group - Signal Capture,297953927298564,loose-match,TARGETING_EXPRESSION_PREDEFINED,restore edges black women,USD,11,1,0.09090909090909091,0.4,0.4,0,0.0,0,0.0,0.0,0.0,2025-09-15,0.0,0.0
"Jul 14, 2025 - Oct 24, 2025",Auto Campaign 1 Signal Capture,468170906203317,Ad Group - Signal Capture,297953927298564,substitutes,TARGETING_EXPRESSION_PREDEFINED,B0DF734821,USD,1,1,1.0,0.45,0.45,0,0.0,0,0.0,0.0,0.0,2025-07-14,0.0,0.0
"Sep 07, 2025 - Jan 01, 2026",BROAD MATCH CAMPAIGN,306896079483800,Broad Keyword,284907010614606,hair growth,BROAD,hair growth brush,USD,29,1,0.034482758620689655,0.8,0.8,0,0.0,0,0.0,0.0,0.0,2025-09-07,0.0,0.0
"Mar 05, 2026 - Mar 16, 2026",Auto Campaign 1 Signal Capture,468170906203317,Ad Group - Signal Capture,297953927298564,loose-match,TARGETING_EXPRESSION_PREDEFINED,bali hair,USD,2,1,0.5,0.81,0.81,0,0.0,0,0.0,0.0,0.0,2026-03-05,0.0,0.0
"Mar 07, 2026 - Mar 07, 2026",Auto Campaign 1 Signal Capture,468170906203317,Ad Group - Signal Capture,297953927298564,loose-match,TARGETING_EXPRESSION_PREDEFINED,organic hair products for black hair,USD,2,1,0.5,0.9,0.9,0,0.0,0,0.0,0.0,0.0,2026-03-07,0.0,0.0
"Sep 04, 2025 - Sep 04, 2025",Auto Campaign 1 Signal Capture,468170906203317,Ad Group - Signal Capture,297953927298564,substitutes,TARGETING_EXPRESSION_PREDEFINED,B0F291T6XB,USD,1,1,1.0,0.72,0.72,0,0.0,0,0.0,0.0,0.0,2025-09-04,0.0,0.0
"Oct 17, 2025 - Jan 09, 2026",Auto Campaign 1 Signal Capture,468170906203317,Ad Group - Signal Capture,297953927298564,loose-match,TARGETING_EXPRESSION_PREDEFINED,mariguanol oil,USD,13,1,0.07692307692307693,0.5,0.5,0,0.0,0,0.0,0.0,0.0,2025-10-17,0.0,0.0
"Oct 17, 2025 - Dec 03, 2025",PRODUCT TARGETING EXACT CAMPAIGN,295732523762026,ASIN Exact targeting,517907737835689,"asin=""B0CJKSW96B""",TARGETING_EXPRESSION,pomade for women,USD,2,1,0.5,0.31,0.31,0,0.0,0,0.0,0.0,0.0,2025-10-17,0.0,0.0
"Dec 27, 2025 - Dec 27, 2025",BROAD MATCH CAMPAIGN,306896079483800,Broad Keyword,284907010614606,hair oil for hair growth,BROAD,doo gro hair oil stimulating growth,USD,2,1,0.5,0.24,0.24,0,0.0,0,0.0,0.0,0.0,2025-12-27,0.0,0.0
"Feb 07, 2026 - Feb 24, 2026",Batana Hair oil pharase Manual,292247191707127,Phrase Keywords,465120102858213,batana oil for hair growth,PHRASE,labanta batana oil for hair growth,USD,77,2,0.025974025974025976,1.545,3.09,0,0.0,0,0.0,0.0,0.0,2026-02-07,0.0,0.0
"Sep 08, 2025 - Jan 21, 2026",BROAD MATCH CAMPAIGN,306896079483800,Broad Keyword,284907010614606,hair growth oil,BROAD,mane choice hair growth oil,USD,41,1,0.024390243902439025,1.04,1.04,0,0.0,0,0.0,0.0,0.0,2025-09-08,0.0,0.0
"Nov 24, 2025 - Dec 15, 2025",BROAD MATCH CAMPAIGN,306896079483800,Broad Keyword,284907010614606,batana oil hair,BROAD,lebanta batana oil,USD,195,2,0.010256410256410256,1.205,2.41,1,16.99,1,7.04979,2.41,0.0,2025-11-24,0.14184814596821663,0.5
"Dec 16, 2025 - Dec 16, 2025",BROAD MATCH CAMPAIGN,306896079483800,Broad Keyword,284907010614606,hair growth,BROAD,chebe + batana for hair growth,USD,1,1,1.0,1.05,1.05,0,0.0,0,0.0,0.0,0.0,2025-12-16,0.0,0.0
"Sep 08, 2025 - Mar 16, 2026",BROAD MATCH CAMPAIGN,306896079483800,Broad Keyword,284907010614606,hair growth oil,BROAD,lifewitqueenp crack hair growth oil,USD,53,1,0.018867924528301886,0.9,0.9,1,9.99,1,11.1,0.9,0.0,2025-09-08,0.09009009009009009,1.0
"Sep 22, 2025 - Jan 15, 2026",Batana Hair oil pharase Manual,292247191707127,Phrase Keywords,465120102858213,hair moisturizer,PHRASE,hair moisturizer mizani,USD,8,1,0.125,0.5,0.5,0,0.0,0,0.0,0.0,0.0,2025-09-22,0.0,0.0
"Sep 08, 2025 - Sep 22, 2025",BROAD MATCH CAMPAIGN,306896079483800,Broad Keyword,284907010614606,hair growth oil,BROAD,batana mama batana oil for hair growth,USD,5,1,0.2,0.62,0.62,0,0.0,0,0.0,0.0,0.0,2025-09-08,0.0,0.0
"Sep 10, 2025 - Sep 20, 2025",PRODUCT TARGETING EXACT CAMPAIGN,295732523762026,ASIN Exact targeting,517907737835689,"asin-expanded=""B0DCX7628T""",TARGETING_EXPRESSION,B0F7M4XCS6,USD,62,2,0.03225806451612903,0.725,1.45,0,0.0,0,0.0,0.0,0.0,2025-09-10,0.0,0.0
"Sep 16, 2025 - Sep 23, 2025",PRODUCT TARGETING EXACT CAMPAIGN,295732523762026,ASIN Exact targeting,517907737835689,"asin-expanded=""B0F9XFGYVB""",TARGETING_EXPRESSION,B0C8LYLYPK,USD,11,1,0.09090909090909091,0.55,0.55,0,0.0,0,0.0,0.0,0.0,2025-09-16,0.0,0.0
"Jan 22, 2026 - Jan 31, 2026",Auto Campaign 2 Cheap Discovery,163081140507766,Ad Group Cheap Discovery,391494289840856,substitutes,TARGETING_EXPRESSION_PREDEFINED,natural hair moisturizer,USD,3,1,0.3333333333333333,0.24,0.24,0,0.0,0,0.0,0.0,0.0,2026-01-22,0.0,0.0
"Mar 06, 2026 - Mar 16, 2026",Auto Campaign 1 Signal Capture,468170906203317,Ad Group - Signal Capture,297953927298564,substitutes,TARGETING_EXPRESSION_PREDEFINED,B01M1BQFDO,USD,6,1,0.16666666666666666,0.45,0.45,0,0.0,0,0.0,0.0,0.0,2026-03-06,0.0,0.0
"Sep 06, 2025 - Sep 07, 2025",BROAD MATCH CAMPAIGN,306896079483800,Broad Keyword,284907010614606,hair growth,BROAD,mille rosemary oil for hair growth,USD,1,1,1.0,1.04,1.04,0,0.0,0,0.0,0.0,0.0,2025-09-06,0.0,0.0
"Nov 21, 2025 - Jan 18, 2026",Batana Hair oil Exact Manual,502286450850716,Exact Keywords,296070289941158,daily hair moisturizer,EXACT,daily hair moisturizer,USD,203,2,0.009852216748768473,0.7,1.4,0,0.0,0,0.0,0.0,0.0,2025-11-21,0.0,0.0
"Sep 24, 2025 - Mar 16, 2026",PRODUCT TARGETING EXACT CAMPAIGN,295732523762026,ASIN Exact targeting,517907737835689,"asin-expanded=""B000V8MTIC""",TARGETING_EXPRESSION,B0CFYS7M4L,USD,1742,6,0.003444316877152698,0.44333,2.66,0,0.0,0,0.0,0.0,0.0,2025-09-24,0.0,0.0
"Oct 28, 2025 - Dec 29, 2025",PRODUCT TARGETING EXACT CAMPAIGN,295732523762026,ASIN Exact targeting,517907737835689,"asin-expanded=""B000V8MTIC""",TARGETING_EXPRESSION,B00RZX3Y4O,USD,51,2,0.0392156862745098,0.4,0.8,0,0.0,0,0.0,0.0,0.0,2025-10-28,0.0,0.0
"Sep 09, 2025 - Dec 31, 2025",PRODUCT TARGETING EXACT CAMPAIGN,295732523762026,ASIN Exact targeting,517907737835689,"asin-expanded=""B0D6BMGP8Z""",TARGETING_EXPRESSION,B0142A9TZU,USD,24,2,0.08333333333333333,0.475,0.95,0,0.0,0,0.0,0.0,0.0,2025-09-09,0.0,0.0
"Jul 24, 2025 - Nov 06, 2025",Auto Campaign 1 Signal Capture,468170906203317,Ad Group - Signal Capture,297953927298564,substitutes,TARGETING_EXPRESSION_PREDEFINED,B0DNMSHFJ8,USD,21,2,0.09523809523809523,0.525,1.05,0,0.0,0,0.0,0.0,0.0,2025-07-24,0.0,0.0
"Aug 30, 2025 - Jan 19, 2026",Batana Hair oil pharase Manual,292247191707127,Phrase Keywords,465120102858213,hair moisturizer,PHRASE,optimum hair moisturizer,USD,27,2,0.07407407407407407,0.8,1.6,1,9.99,1,6.24375,1.6,0.0,2025-08-30,0.16016016016016016,0.5
"Sep 11, 2025 - Dec 08, 2025",PRODUCT TARGETING EXACT CAMPAIGN,295732523762026,ASIN Exact targeting,517907737835689,"asin-expanded=""B0D6BMGP8Z""",TARGETING_EXPRESSION,B0DPLBGS18,USD,2,1,0.5,0.55,0.55,0,0.0,0,0.0,0.0,0.0,2025-09-11,0.0,0.0
"Mar 12, 2026 - Mar 20, 2026",Auto Campaign 1 Signal Capture,468170906203317,Ad Group - Signal Capture,297953927298564,close-match,TARGETING_EXPRESSION_PREDEFINED,bask and lather hair products,USD,156,1,0.00641025641025641,0.9,0.9,0,0.0,0,0.0,0.0,0.0,2026-03-12,0.0,0.0
"Sep 08, 2025 - Dec 18, 2025",BROAD MATCH CAMPAIGN,306896079483800,Broad Keyword,284907010614606,hair growth oil,BROAD,african hair oil for hair growth,USD,5,2,0.4,1.175,2.35,0,0.0,0,0.0,0.0,0.0,2025-09-08,0.0,0.0
"Mar 04, 2026 - Mar 16, 2026",Auto Campaign 1 Signal Capture,468170906203317,Ad Group - Signal Capture,297953927298564,substitutes,TARGETING_EXPRESSION_PREDEFINED,B0FRSGJVM6,USD,91,1,0.01098901098901099,0.65,0.65,0,0.0,0,0.0,0.0,0.0,2026-03-04,0.0,0.0
"Sep 08, 2025 - Sep 22, 2025",BROAD MATCH CAMPAIGN,306896079483800,Broad Keyword,284907010614606,hair growth oil,BROAD,trwlcff divine batana oil for hair growth,USD,7,1,0.14285714285714285,0.69,0.69,0,0.0,0,0.0,0.0,0.0,2025-09-08,0.0,0.0
"Nov 19, 2025 - Jan 19, 2026",PRODUCT TARGETING EXACT CAMPAIGN,295732523762026,ASIN Exact targeting,517907737835689,"asin-expanded=""B000V8MTIC""",TARGETING_EXPRESSION,B07N7PK9QK,USD,320,1,0.003125,0.6,0.6,0,0.0,0,0.0,0.0,0.0,2025-11-19,0.0,0.0
"Jul 04, 2025 - Mar 11, 2026",Auto Campaign 1 Signal Capture,468170906203317,Ad Group - Signal Capture,297953927298564,substitutes,TARGETING_EXPRESSION_PREDEFINED,B0DFYWSB3S,USD,54,1,0.018518518518518517,0.4,0.4,0,0.0,0,0.0,0.0,0.0,2025-07-04,0.0,0.0
"Jan 30, 2026 - Feb 08, 2026",Auto Campaign 2 Cheap Discovery,163081140507766,Ad Group Cheap Discovery,391494289840856,close-match,TARGETING_EXPRESSION_PREDEFINED,luxmiel batana oil,USD,3,2,0.6666666666666666,0.99,1.98,1,15.5,1,7.82828,1.98,0.0,2026-01-30,0.12774193548387097,0.5
"Nov 29, 2025 - Nov 29, 2025",BROAD MATCH CAMPAIGN,306896079483800,Broad Keyword,284907010614606,batana oil,BROAD,whole blends oil,USD,1,1,1.0,0.82,0.82,0,0.0,0,0.0,0.0,0.0,2025-11-29,0.0,0.0
"Sep 23, 2025 - Sep 28, 2025",BROAD MATCH CAMPAIGN,306896079483800,Broad Keyword,284907010614606,mens hair growth,BROAD,hair growth oil for men,USD,153,1,0.006535947712418301,1.12,1.12,0,0.0,0,0.0,0.0,0.0,2025-09-23,0.0,0.0
"Sep 09, 2025 - Mar 12, 2026",Auto Campaign 1 Signal Capture,468170906203317,Ad Group - Signal Capture,297953927298564,substitutes,TARGETING_EXPRESSION_PREDEFINED,B000GGPK0I,USD,476,3,0.0063025210084033615,0.38,1.14,0,0.0,0,0.0,0.0,0.0,2025-09-09,0.0,0.0
"Sep 05, 2025 - Jan 13, 2026",Auto Campaign 1 Signal Capture,468170906203317,Ad Group - Signal Capture,297953927298564,loose-match,TARGETING_EXPRESSION_PREDEFINED,edge growth oil,USD,25,1,0.04,0.3,0.3,0,0.0,0,0.0,0.0,0.0,2025-09-05,0.0,0.0
"Sep 07, 2025 - Jan 11, 2026",PRODUCT TARGETING EXACT CAMPAIGN,295732523762026,ASIN Exact targeting,517907737835689,"asin-expanded=""B0DCX7628T""",TARGETING_EXPRESSION,B07L62YJVN,USD,99,1,0.010101010101010102,0.85,0.85,0,0.0,0,0.0,0.0,0.0,2025-09-07,0.0,0.0
"Jan 30, 2026 - Mar 18, 2026",Auto Campaign 2 Cheap Discovery,163081140507766,Ad Group Cheap Discovery,391494289840856,loose-match,TARGETING_EXPRESSION_PREDEFINED,wild growth oil,USD,9,1,0.1111111111111111,0.5,0.5,0,0.0,0,0.0,0.0,0.0,2026-01-30,0.0,0.0
"Sep 11, 2025 - Dec 02, 2025",PRODUCT TARGETING EXACT CAMPAIGN,295732523762026,ASIN Exact targeting,517907737835689,"asin-expanded=""B0DSHXCT4N""",TARGETING_EXPRESSION,B0DN6TKYF5,USD,14,1,0.07142857142857142,0.45,0.45,0,0.0,0,0.0,0.0,0.0,2025-09-11,0.0,0.0
"Sep 27, 2025 - Sep 27, 2025",Auto Campaign 1 Signal Capture,468170906203317,Ad Group - Signal Capture,297953927298564,loose-match,TARGETING_EXPRESSION_PREDEFINED,mixed oils for hair growth,USD,2,1,0.5,0.55,0.55,0,0.0,0,0.0,0.0,0.0,2025-09-27,0.0,0.0
"Jun 29, 2025 - Mar 17, 2026",Auto Campaign 1 Signal Capture,468170906203317,Ad Group - Signal Capture,297953927298564,substitutes,TARGETING_EXPRESSION_PREDEFINED,B0DCX7628T,USD,7104,21,0.0029560810810810812,0.53238,11.18,2,25.98,2,2.32379,5.59,0.0,2025-06-29,0.43033102386451116,0.09523809523809523
"Mar 03, 2026 - Mar 03, 2026",Auto Campaign 1 Signal Capture,468170906203317,Ad Group - Signal Capture,297953927298564,loose-match,TARGETING_EXPRESSION_PREDEFINED,hair lossleave in,USD,1,1,1.0,1.2,1.2,0,0.0,0,0.0,0.0,0.0,2026-03-03,0.0,0.0
"Sep 23, 2025 - Mar 12, 2026",BROAD MATCH CAMPAIGN,306896079483800,Broad Keyword,284907010614606,hair growth oil,BROAD,hair oil,USD,55,1,0.01818181818181818,1.0,1.0,0,0.0,0,0.0,0.0,0.0,2025-09-23,0.0,0.0
"Nov 06, 2025 - Jan 18, 2026",PRODUCT TARGETING EXACT CAMPAIGN,295732523762026,ASIN Exact targeting,517907737835689,"asin-expanded=""B01I2ZQJSG""",TARGETING_EXPRESSION,B0C5FR12SJ,USD,200,2,0.01,0.535,1.07,0,0.0,0,0.0,0.0,0.0,2025-11-06,0.0,0.0
"Mar 15, 2026 - Mar 15, 2026",BROAD MATCH CAMPAIGN,306896079483800,Broad Keyword,284907010614606,hair growth,BROAD,curly hair growth mask thick,USD,1,1,1.0,0.21,0.21,0,0.0,0,0.0,0.0,0.0,2026-03-15,0.0,0.0
"Sep 05, 2025 - Jan 01, 2026",Auto Campaign 1 Signal Capture,468170906203317,Ad Group - Signal Capture,297953927298564,substitutes,TARGETING_EXPRESSION_PREDEFINED,B00NFV4E7Q,USD,3,1,0.3333333333333333,0.5,0.5,0,0.0,0,0.0,0.0,0.0,2025-09-05,0.0,0.0
"Sep 01, 2025 - Jan 06, 2026",Auto Campaign 1 Signal Capture,468170906203317,Ad Group - Signal Capture,297953927298564,loose-match,TARGETING_EXPRESSION_PREDEFINED,help edges grow black women,USD,11,1,0.09090909090909091,0.45,0.45,0,0.0,0,0.0,0.0,0.0,2025-09-01,0.0,0.0
"Sep 04, 2025 - Oct 24, 2025",Auto Campaign 1 Signal Capture,468170906203317,Ad Group - Signal Capture,297953927298564,substitutes,TARGETING_EXPRESSION_PREDEFINED,B075YZHYQV,USD,2,1,0.5,0.4,0.4,0,0.0,0,0.0,0.0,0.0,2025-09-04,0.0,0.0
"Jan 29, 2026 - Feb 05, 2026",Batana Oil Phrase Match,212832079341322,Batana Oil Phrase Match,450560731451216,"keyword-group=""Keywords related to your product category""",TARGETING_EXPRESSION,hair growth oil for black women,USD,33,2,0.06060606060606061,1.06,2.12,0,0.0,0,0.0,0.0,0.0,2026-01-29,0.0,0.0
"Oct 01, 2025 - Oct 01, 2025",Auto Campaign 1 Signal Capture,468170906203317,Ad Group - Signal Capture,297953927298564,loose-match,TARGETING_EXPRESSION_PREDEFINED,vegan moroccan hair & skin oil,USD,1,1,1.0,0.45,0.45,0,0.0,0,0.0,0.0,0.0,2025-10-01,0.0,0.0
"Feb 12, 2026 - Mar 16, 2026",Batana Hair oil pharase Manual,292247191707127,Phrase Keywords,465120102858213,batana,PHRASE,azure batana oil for hair growth,USD,992,3,0.0030241935483870967,1.90333,5.71,0,0.0,0,0.0,0.0,0.0,2026-02-12,0.0,0.0
"Sep 08, 2025 - Dec 21, 2025",BROAD MATCH CAMPAIGN,306896079483800,Broad Keyword,284907010614606,hair growth oil,BROAD,organic botana oil hair growth,USD,108,2,0.018518518518518517,1.31,2.62,0,0.0,0,0.0,0.0,0.0,2025-09-08,0.0,0.0
"Oct 26, 2025 - Jan 02, 2026",Auto Campaign 1 Signal Capture,468170906203317,Ad Group - Signal Capture,297953927298564,substitutes,TARGETING_EXPRESSION_PREDEFINED,B0FNMHGW1W,USD,6,1,0.16666666666666666,0.5,0.5,0,0.0,0,0.0,0.0,0.0,2025-10-26,0.0,0.0
"Sep 20, 2025 - Nov 01, 2025",BROAD MATCH CAMPAIGN,306896079483800,Broad Keyword,284907010614606,shampoo hair growth,BROAD,batana shampoo for hair growth,USD,13,1,0.07692307692307693,0.75,0.75,0,0.0,0,0.0,0.0,0.0,2025-09-20,0.0,0.0
"Sep 08, 2025 - Mar 13, 2026",BROAD MATCH CAMPAIGN,306896079483800,Broad Keyword,284907010614606,hair growth oil,BROAD,argan oil for hair growth,USD,147,2,0.013605442176870748,1.345,2.69,0,0.0,0,0.0,0.0,0.0,2025-09-08,0.0,0.0
"Sep 09, 2025 - Jan 02, 2026",PRODUCT TARGETING EXACT CAMPAIGN,295732523762026,ASIN Exact targeting,517907737835689,"asin-expanded=""B0DCX7628T""",TARGETING_EXPRESSION,B074LSMQJ3,USD,55,1,0.01818181818181818,0.61,0.61,0,0.0,0,0.0,0.0,0.0,2025-09-09,0.0,0.0
"Feb 07, 2026 - Feb 07, 2026",Auto Campaign 1 Signal Capture,468170906203317,Ad Group - Signal Capture,297953927298564,close-match,TARGETING_EXPRESSION_PREDEFINED,100% natural raw batana oil for hair growth,USD,3,1,0.3333333333333333,1.58,1.58,0,0.0,0,0.0,0.0,0.0,2026-02-07,0.0,0.0
"Jan 29, 2026 - Jan 31, 2026",Batana Oil Phrase Match,212832079341322,Batana Oil Phrase Match,450560731451216,growth,PHRASE,cinnoir batana oil for hair growth,USD,7,1,0.14285714285714285,0.72,0.72,0,0.0,0,0.0,0.0,0.0,2026-01-29,0.0,0.0
"Aug 03, 2025 - Sep 07, 2025",Auto Campaign 1 Signal Capture,468170906203317,Ad Group - Signal Capture,297953927298564,close-match,TARGETING_EXPRESSION_PREDEFINED,B07YFD3T2T,USD,46,1,0.021739130434782608,0.75,0.75,0,0.0,0,0.0,0.0,0.0,2025-08-03,0.0,0.0
"Sep 18, 2025 - Sep 19, 2025",BROAD MATCH CAMPAIGN,306896079483800,Broad Keyword,284907010614606,hair growth oil,BROAD,divine raw batana oil for hair growth,USD,38,1,0.02631578947368421,1.12,1.12,0,0.0,0,0.0,0.0,0.0,2025-09-18,0.0,0.0
"Jul 24, 2025 - Jul 24, 2025",Auto Campaign 1 Signal Capture,468170906203317,Ad Group - Signal Capture,297953927298564,loose-match,TARGETING_EXPRESSION_PREDEFINED,badam katael oil,USD,1,1,1.0,0.63,0.63,1,9.99,1,15.85714,0.63,0.0,2025-07-24,0.06306306306306306,1.0
"Sep 15, 2025 - Mar 16, 2026",BROAD MATCH CAMPAIGN,306896079483800,Broad Keyword,284907010614606,extremely fast hair growth,BROAD,extremely fast hair growth,USD,14,1,0.07142857142857142,1.0,1.0,0,0.0,0,0.0,0.0,0.0,2025-09-15,0.0,0.0
"Feb 12, 2026 - Mar 02, 2026",Batana Hair oil pharase Manual,292247191707127,Phrase Keywords,465120102858213,batana oil,PHRASE,batana oil for hair growth,USD,449,9,0.0200445434298441,2.62778,23.65,0,0.0,0,0.0,0.0,0.0,2026-02-12,0.0,0.0
"Nov 06, 2025 - Nov 25, 2025",Auto Campaign 1 Signal Capture,468170906203317,Ad Group - Signal Capture,297953927298564,loose-match,TARGETING_EXPRESSION_PREDEFINED,bask and lather stimulating balm,USD,364,2,0.005494505494505495,0.45,0.9,0,0.0,0,0.0,0.0,0.0,2025-11-06,0.0,0.0
"Jun 30, 2025 - Mar 16, 2026",Auto Campaign 1 Signal Capture,468170906203317,Ad Group - Signal Capture,297953927298564,substitutes,TARGETING_EXPRESSION_PREDEFINED,B0D6V2M5V1,USD,365,3,0.00821917808219178,0.7,2.1,0,0.0,0,0.0,0.0,0.0,2025-06-30,0.0,0.0
"Sep 26, 2025 - Oct 23, 2025",BROAD MATCH CAMPAIGN,306896079483800,Broad Keyword,284907010614606,batana oil 100 pure,BROAD,pure batana oil,USD,79,1,0.012658227848101266,0.69,0.69,0,0.0,0,0.0,0.0,0.0,2025-09-26,0.0,0.0
"Sep 05, 2025 - Dec 20, 2025",Auto Campaign 1 Signal Capture,468170906203317,Ad Group - Signal Capture,297953927298564,loose-match,TARGETING_EXPRESSION_PREDEFINED,african hair products,USD,3,2,0.6666666666666666,0.63,1.26,1,9.99,1,7.92857,1.26,0.0,2025-09-05,0.12612612612612611,0.5
"Feb 15, 2026 - Mar 02, 2026",Batana Hair oil pharase Manual,292247191707127,Phrase Keywords,465120102858213,batana oil,PHRASE,organic batana oil,USD,23,1,0.043478260869565216,2.25,2.25,0,0.0,0,0.0,0.0,0.0,2026-02-15,0.0,0.0
"Sep 18, 2025 - Nov 10, 2025",Batana Hair oil pharase Manual,292247191707127,Phrase Keywords,465120102858213,hair moisturizer,PHRASE,batana oil hair moisturizer,USD,20,2,0.1,0.535,1.07,0,0.0,0,0.0,0.0,0.0,2025-09-18,0.0,0.0
"Sep 02, 2025 - Dec 01, 2025",Batana Hair oil pharase Manual,292247191707127,Phrase Keywords,465120102858213,scalp massager hair growth,PHRASE,scalp massager hair growth,USD,631,5,0.00792393026941363,0.72,3.6,0,0.0,0,0.0,0.0,0.0,2025-09-02,0.0,0.0
"Jul 04, 2025 - Mar 08, 2026",Auto Campaign 1 Signal Capture,468170906203317,Ad Group - Signal Capture,297953927298564,substitutes,TARGETING_EXPRESSION_PREDEFINED,B0DJMBNJ37,USD,20,1,0.05,0.45,0.45,0,0.0,0,0.0,0.0,0.0,2025-07-04,0.0,0.0
"Mar 04, 2026 - Mar 04, 2026",Auto Campaign 1 Signal Capture,468170906203317,Ad Group - Signal Capture,297953927298564,loose-match,TARGETING_EXPRESSION_PREDEFINED,rosemary grease for hair growth,USD,1,1,1.0,1.17,1.17,0,0.0,0,0.0,0.0,0.0,2026-03-04,0.0,0.0
"Oct 31, 2025 - Mar 19, 2026",PRODUCT TARGETING EXACT CAMPAIGN,295732523762026,ASIN Exact targeting,517907737835689,"asin-expanded=""B000V8MTIC""",TARGETING_EXPRESSION,B0DSCKBJLD,USD,674,4,0.005934718100890208,0.6125,2.45,0,0.0,0,0.0,0.0,0.0,2025-10-31,0.0,0.0
"Mar 04, 2026 - Mar 04, 2026",PRODUCT TARGETING EXACT CAMPAIGN,295732523762026,ASIN Exact targeting,517907737835689,"asin=""B0DSCKBJLD""",TARGETING_EXPRESSION,bask and lather hydrating mist,USD,1,1,1.0,1.16,1.16,0,0.0,0,0.0,0.0,0.0,2026-03-04,0.0,0.0
"Oct 31, 2025 - Jan 05, 2026",Auto Campaign 1 Signal Capture,468170906203317,Ad Group - Signal Capture,297953927298564,substitutes,TARGETING_EXPRESSION_PREDEFINED,blue magic super sure gro,USD,39,1,0.02564102564102564,0.43,0.43,0,0.0,0,0.0,0.0,0.0,2025-10-31,0.0,0.0
"Jul 07, 2025 - Nov 01, 2025",Auto Campaign 1 Signal Capture,468170906203317,Ad Group - Signal Capture,297953927298564,close-match,TARGETING_EXPRESSION_PREDEFINED,edges oil,USD,7,1,0.14285714285714285,0.4,0.4,0,0.0,0,0.0,0.0,0.0,2025-07-07,0.0,0.0
"Sep 07, 2025 - Sep 07, 2025",BROAD MATCH CAMPAIGN,306896079483800,Broad Keyword,284907010614606,hair growth,BROAD,hair growth co 10 in1 oil,USD,1,1,1.0,1.24,1.24,0,0.0,0,0.0,0.0,0.0,2025-09-07,0.0,0.0
"Sep 01, 2025 - Sep 09, 2025",PRODUCT TARGETING EXACT CAMPAIGN,295732523762026,ASIN Exact targeting,517907737835689,"asin-expanded=""B0DL5LB7JH""",TARGETING_EXPRESSION,B00J5RQ968,USD,43,4,0.09302325581395349,0.535,2.14,0,0.0,0,0.0,0.0,0.0,2025-09-01,0.0,0.0
"Dec 07, 2025 - Dec 07, 2025",Auto Campaign 1 Signal Capture,468170906203317,Ad Group - Signal Capture,297953927298564,loose-match,TARGETING_EXPRESSION_PREDEFINED,khalida naturals hair,USD,1,1,1.0,0.45,0.45,0,0.0,0,0.0,0.0,0.0,2025-12-07,0.0,0.0
"Sep 22, 2025 - Nov 11, 2025",BROAD MATCH CAMPAIGN,306896079483800,Broad Keyword,284907010614606,hair growth oil,BROAD,carol daughter hair growth oil,USD,471,1,0.0021231422505307855,0.82,0.82,0,0.0,0,0.0,0.0,0.0,2025-09-22,0.0,0.0
"Dec 12, 2025 - Dec 12, 2025",BROAD MATCH CAMPAIGN,306896079483800,Broad Keyword,284907010614606,hair growth oil,BROAD,bontiac hair growth oil,USD,3,1,0.3333333333333333,1.63,1.63,0,0.0,0,0.0,0.0,0.0,2025-12-12,0.0,0.0
"Sep 07, 2025 - Oct 25, 2025",BROAD MATCH CAMPAIGN,306896079483800,Broad Keyword,284907010614606,hair growth,BROAD,horsetail oil for hair growth,USD,23,1,0.043478260869565216,0.52,0.52,1,11.99,1,23.05769,0.52,0.0,2025-09-07,0.043369474562135114,1.0
"Feb 15, 2026 - Mar 02, 2026",Batana Hair oil pharase Manual,292247191707127,Phrase Keywords,465120102858213,batana oil,PHRASE,honduras batana oil,USD,4,1,0.25,2.87,2.87,1,14.99,1,5.223,2.87,0.0,2026-02-15,0.1914609739826551,1.0
"Sep 02, 2025 - Mar 11, 2026",Auto Campaign 1 Signal Capture,468170906203317,Ad Group - Signal Capture,297953927298564,substitutes,TARGETING_EXPRESSION_PREDEFINED,B0DSCKBJLD,USD,3110,19,0.006109324758842444,0.49053,9.32,3,31.97,3,3.43026,3.10667,0.0,2025-09-02,0.29152330309665314,0.15789473684210525
"Feb 13, 2026 - Feb 13, 2026",Batana Hair oil pharase Manual,292247191707127,Phrase Keywords,465120102858213,batana,PHRASE,otana batana oil for hair growth,USD,1,1,1.0,2.27,2.27,0,0.0,0,0.0,0.0,0.0,2026-02-13,0.0,0.0
"Oct 19, 2025 - Oct 19, 2025",Batana Hair oil pharase Manual,292247191707127,Phrase Keywords,465120102858213,hair moisturizer,PHRASE,batana oil hair moisturizer leave in,USD,1,1,1.0,0.5,0.5,1,11.99,1,23.98,0.5,0.0,2025-10-19,0.041701417848206836,1.0
"Nov 26, 2025 - Jan 22, 2026",BROAD MATCH CAMPAIGN,306896079483800,Broad Keyword,284907010614606,batana hair oil,BROAD,batana hair oil,USD,77,1,0.012987012987012988,0.46,0.46,0,0.0,0,0.0,0.0,0.0,2025-11-26,0.0,0.0
"Oct 16, 2025 - Oct 16, 2025",BROAD MATCH CAMPAIGN,306896079483800,Broad Keyword,284907010614606,hair thickening,BROAD,aparthy hair,USD,2,1,0.5,0.52,0.52,0,0.0,0,0.0,0.0,0.0,2025-10-16,0.0,0.0
"Oct 22, 2025 - Oct 22, 2025",PRODUCT TARGETING EXACT CAMPAIGN,295732523762026,ASIN Exact targeting,517907737835689,"asin-expanded=""B0CR1SYNNS""",TARGETING_EXPRESSION,B0CQGND14Z,USD,1,1,1.0,0.4,0.4,0,0.0,0,0.0,0.0,0.0,2025-10-22,0.0,0.0
"Sep 28, 2025 - Jan 13, 2026",PRODUCT TARGETING EXACT CAMPAIGN,295732523762026,ASIN Exact targeting,517907737835689,"asin=""B0CJKSW96B""",TARGETING_EXPRESSION,hair moisturizer for black women,USD,19,1,0.05263157894736842,0.6,0.6,1,11.99,1,19.98333,0.6,0.0,2025-09-28,0.0500417014178482,1.0
"Jul 24, 2025 - Oct 04, 2025",Auto Campaign 1 Signal Capture,468170906203317,Ad Group - Signal Capture,297953927298564,substitutes,TARGETING_EXPRESSION_PREDEFINED,B0DL5SW8DJ,USD,4,1,0.25,0.18,0.18,0,0.0,0,0.0,0.0,0.0,2025-07-24,0.0,0.0
"Jul 09, 2025 - Mar 09, 2026",Auto Campaign 1 Signal Capture,468170906203317,Ad Group - Signal Capture,297953927298564,substitutes,TARGETING_EXPRESSION_PREDEFINED,B0DT4YN5GG,USD,12,1,0.08333333333333333,0.66,0.66,0,0.0,0,0.0,0.0,0.0,2025-07-09,0.0,0.0
"Sep 23, 2025 - Jan 20, 2026",BROAD MATCH CAMPAIGN,306896079483800,Broad Keyword,284907010614606,hair grease for black hair growth,BROAD,do grow hair grease,USD,37,1,0.02702702702702703,0.8,0.8,0,0.0,0,0.0,0.0,0.0,2025-09-23,0.0,0.0
"Sep 08, 2025 - Jan 04, 2026",BROAD MATCH CAMPAIGN,306896079483800,Broad Keyword,284907010614606,hair growth oil,BROAD,10 in 1 hair growth oil,USD,90,1,0.011111111111111112,0.68,0.68,0,0.0,0,0.0,0.0,0.0,2025-09-08,0.0,0.0
"Oct 18, 2025 - Jan 02, 2026",Auto Campaign 1 Signal Capture,468170906203317,Ad Group - Signal Capture,297953927298564,substitutes,TARGETING_EXPRESSION_PREDEFINED,B09DNBTDH1,USD,3,1,0.3333333333333333,0.4,0.4,0,0.0,0,0.0,0.0,0.0,2025-10-18,0.0,0.0
"Sep 05, 2025 - Nov 05, 2025",PRODUCT TARGETING EXACT CAMPAIGN,295732523762026,ASIN Exact targeting,517907737835689,"asin-expanded=""B0F9XFGYVB""",TARGETING_EXPRESSION,B0CMXF1NK3,USD,22,1,0.045454545454545456,0.75,0.75,0,0.0,0,0.0,0.0,0.0,2025-09-05,0.0,0.0
"Sep 10, 2025 - Sep 24, 2025",BROAD MATCH CAMPAIGN,306896079483800,Broad Keyword,284907010614606,hair growth oil,BROAD,batana oil for hair growth qytin,USD,795,8,0.010062893081761006,0.885,7.08,0,0.0,0,0.0,0.0,0.0,2025-09-10,0.0,0.0
"Jan 27, 2026 - Feb 06, 2026",Batana Oil Phrase Match,212832079341322,Batana Oil Phrase Match,450560731451216,"keyword-group=""Keywords related to your product category""",TARGETING_EXPRESSION,hair growth oil,USD,5488,10,0.0018221574344023323,1.059,10.59,1,16.99,1,1.60434,10.59,0.0,2026-01-27,0.6233078281341966,0.1
"Sep 05, 2025 - Nov 02, 2025",Batana Hair oil pharase Manual,292247191707127,Phrase Keywords,465120102858213,hair growth products,PHRASE,curly hair growth products,USD,18,1,0.05555555555555555,0.45,0.45,0,0.0,0,0.0,0.0,0.0,2025-09-05,0.0,0.0
"Aug 29, 2025 - Jan 18, 2026",Batana Hair oil pharase Manual,292247191707127,Phrase Keywords,465120102858213,hair growth,PHRASE,hair growth oil,USD,232,2,0.008620689655172414,0.8,1.6,0,0.0,0,0.0,0.0,0.0,2025-08-29,0.0,0.0
"Jan 26, 2026 - Feb 05, 2026",Batana Oil Exact Ranking,116719674392449,High Intent,417102371297812,"keyword-group=""Keywords related to your product category""",TARGETING_EXPRESSION,amla oil,USD,250,1,0.004,2.04,2.04,0,0.0,0,0.0,0.0,0.0,2026-01-26,0.0,0.0
"Sep 03, 2025 - Mar 15, 2026",Batana Hair oil pharase Manual,292247191707127,Phrase Keywords,465120102858213,hair moisturizer,PHRASE,hair moisturizer for curly hair,USD,27,1,0.037037037037037035,0.54,0.54,0,0.0,0,0.0,0.0,0.0,2025-09-03,0.0,0.0
"Sep 02, 2025 - Dec 15, 2025",BROAD MATCH CAMPAIGN,306896079483800,Broad Keyword,284907010614606,batana oil hair,BROAD,heykeratin batana natural organic hair growth oil,USD,8,1,0.125,2.7,2.7,1,16.99,1,6.29259,2.7,0.0,2025-09-02,0.15891701000588584,1.0
"Oct 18, 2025 - Oct 18, 2025",BROAD MATCH CAMPAIGN,306896079483800,Broad Keyword,284907010614606,hair growth,BROAD,botanical hair growth oil,USD,1,1,1.0,0.52,0.52,0,0.0,0,0.0,0.0,0.0,2025-10-18,0.0,0.0
"Sep 18, 2025 - Dec 14, 2025",BROAD MATCH CAMPAIGN,306896079483800,Broad Keyword,284907010614606,batana oil hair,BROAD,batana oil gray hair,USD,4,1,0.25,1.27,1.27,0,0.0,0,0.0,0.0,0.0,2025-09-18,0.0,0.0
"Jul 04, 2025 - Jan 01, 2026",Auto Campaign 1 Signal Capture,468170906203317,Ad Group - Signal Capture,297953927298564,substitutes,TARGETING_EXPRESSION_PREDEFINED,B0F8Q88B7M,USD,6,1,0.16666666666666666,0.55,0.55,0,0.0,0,0.0,0.0,0.0,2025-07-04,0.0,0.0
"Jul 24, 2025 - Jul 24, 2025",Auto Campaign 1 Signal Capture,468170906203317,Ad Group - Signal Capture,297953927298564,close-match,TARGETING_EXPRESSION_PREDEFINED,hair growth natural hair,USD,2,1,0.5,0.79,0.79,0,0.0,0,0.0,0.0,0.0,2025-07-24,0.0,0.0
"Mar 05, 2026 - Mar 05, 2026",Auto Campaign 1 Signal Capture,468170906203317,Ad Group - Signal Capture,297953927298564,loose-match,TARGETING_EXPRESSION_PREDEFINED,human curly hair for boho braids,USD,1,1,1.0,0.9,0.9,0,0.0,0,0.0,0.0,0.0,2026-03-05,0.0,0.0
"Sep 25, 2025 - Sep 28, 2025",Auto Campaign 1 Signal Capture,468170906203317,Ad Group - Signal Capture,297953927298564,loose-match,TARGETING_EXPRESSION_PREDEFINED,moisturizer hair products,USD,2,1,0.5,0.45,0.45,0,0.0,0,0.0,0.0,0.0,2025-09-25,0.0,0.0
"Sep 30, 2025 - Oct 19, 2025",BROAD MATCH CAMPAIGN,306896079483800,Broad Keyword,284907010614606,batana oil hair growth,BROAD,batana oil for hair growth richgrand,USD,17,1,0.058823529411764705,0.52,0.52,0,0.0,0,0.0,0.0,0.0,2025-09-30,0.0,0.0
"Sep 23, 2025 - Mar 15, 2026",BROAD MATCH CAMPAIGN,306896079483800,Broad Keyword,284907010614606,extremely fast hair growth,BROAD,hair oil,USD,50,1,0.02,0.89,0.89,1,11.99,1,13.47191,0.89,0.0,2025-09-23,0.07422852376980818,1.0
"Sep 26, 2025 - Dec 28, 2025",BROAD MATCH CAMPAIGN,306896079483800,Broad Keyword,284907010614606,hair oil for hair growth,BROAD,rosemary mint oil for hair growth,USD,65,1,0.015384615384615385,0.7,0.7,0,0.0,0,0.0,0.0,0.0,2025-09-26,0.0,0.0
"Sep 22, 2025 - Sep 22, 2025",BROAD MATCH CAMPAIGN,306896079483800,Broad Keyword,284907010614606,hair growth conditioner,BROAD,leave in conditioner for hair growth,USD,1,1,1.0,0.69,0.69,0,0.0,0,0.0,0.0,0.0,2025-09-22,0.0,0.0
"Sep 07, 2025 - Jan 18, 2026",PRODUCT TARGETING EXACT CAMPAIGN,295732523762026,ASIN Exact targeting,517907737835689,"asin-expanded=""B0DCX7628T""",TARGETING_EXPRESSION,B0C35WRR24,USD,17,1,0.058823529411764705,0.85,0.85,1,9.99,1,11.75294,0.85,0.0,2025-09-07,0.08508508508508508,1.0
"Sep 05, 2025 - Dec 15, 2025",BROAD MATCH CAMPAIGN,306896079483800,Broad Keyword,284907010614606,batana oil,BROAD,bcxc batana oil,USD,250,3,0.012,1.35333,4.06,0,0.0,0,0.0,0.0,0.0,2025-09-05,0.0,0.0
"Feb 28, 2026 - Feb 28, 2026",Batana Hair oil pharase Manual,292247191707127,Phrase Keywords,465120102858213,batana,PHRASE,olive batana oil,USD,2,1,0.5,1.48,1.48,0,0.0,0,0.0,0.0,0.0,2026-02-28,0.0,0.0
"Sep 03, 2025 - Jan 13, 2026",PRODUCT TARGETING EXACT CAMPAIGN,295732523762026,ASIN Exact targeting,517907737835689,"asin-expanded=""B0DSHXCT4N""",TARGETING_EXPRESSION,B0CH79ZSZK,USD,18,1,0.05555555555555555,0.45,0.45,0,0.0,0,0.0,0.0,0.0,2025-09-03,0.0,0.0
"Sep 08, 2025 - Mar 18, 2026",BROAD MATCH CAMPAIGN,306896079483800,Broad Keyword,284907010614606,hair growth oil,BROAD,raw banana oil for hair growth,USD,38,2,0.05263157894736842,1.28,2.56,0,0.0,0,0.0,0.0,0.0,2025-09-08,0.0,0.0
"Sep 26, 2025 - Mar 16, 2026",Auto Campaign 1 Signal Capture,468170906203317,Ad Group - Signal Capture,297953927298564,loose-match,TARGETING_EXPRESSION_PREDEFINED,vitapointe hair cream original,USD,20,1,0.05,0.69,0.69,0,0.0,0,0.0,0.0,0.0,2025-09-26,0.0,0.0
"Jan 23, 2026 - Jan 27, 2026",Batana Oil Exact Ranking,116719674392449,High Intent,417102371297812,"keyword-group=""Keywords related to your product category""",TARGETING_EXPRESSION,tea tree oil for hair,USD,73,1,0.0136986301369863,2.04,2.04,0,0.0,0,0.0,0.0,0.0,2026-01-23,0.0,0.0
"Sep 16, 2025 - Dec 17, 2025",Auto Campaign 1 Signal Capture,468170906203317,Ad Group - Signal Capture,297953927298564,substitutes,TARGETING_EXPRESSION_PREDEFINED,B0DSLT5641,USD,5,1,0.2,0.4,0.4,1,11.99,1,29.975,0.4,0.0,2025-09-16,0.03336113427856547,1.0
"Sep 27, 2025 - Mar 18, 2026",BROAD MATCH CAMPAIGN,306896079483800,Broad Keyword,284907010614606,hair oil for hair growth,BROAD,chebe oil for hair growth for black women,USD,21,1,0.047619047619047616,0.75,0.75,0,0.0,0,0.0,0.0,0.0,2025-09-27,0.0,0.0
"Jul 04, 2025 - Mar 18, 2026",Auto Campaign 1 Signal Capture,468170906203317,Ad Group - Signal Capture,297953927298564,substitutes,TARGETING_EXPRESSION_PREDEFINED,B0CGQKTZPJ,USD,111,1,0.009009009009009009,0.7,0.7,1,9.99,1,14.27143,0.7,0.0,2025-07-04,0.07007007007007006,1.0
"Jan 22, 2026 - Jan 22, 2026",Auto Campaign 2 Cheap Discovery,163081140507766,Ad Group Cheap Discovery,391494289840856,loose-match,TARGETING_EXPRESSION_PREDEFINED,shabana hussain hair product,USD,1,1,1.0,1.98,1.98,0,0.0,0,0.0,0.0,0.0,2026-01-22,0.0,0.0
"Sep 15, 2025 - Sep 15, 2025",BROAD MATCH CAMPAIGN,306896079483800,Broad Keyword,284907010614606,hair growth oil,BROAD,mens hair growth vitamin oil,USD,1,1,1.0,0.79,0.79,0,0.0,0,0.0,0.0,0.0,2025-09-15,0.0,0.0
"Sep 22, 2025 - Jan 17, 2026",Auto Campaign 1 Signal Capture,468170906203317,Ad Group - Signal Capture,297953927298564,loose-match,TARGETING_EXPRESSION_PREDEFINED,batana oil for hair growth,USD,219,2,0.0091324200913242,0.5,1.0,0,0.0,0,0.0,0.0,0.0,2025-09-22,0.0,0.0
"Jan 31, 2026 - Feb 05, 2026",Batana Oil Phrase Match,212832079341322,Batana Oil Phrase Match,450560731451216,hair growth,PHRASE,100% unrefined batana oil for hair growth,USD,5,1,0.2,0.92,0.92,0,0.0,0,0.0,0.0,0.0,2026-01-31,0.0,0.0
"Sep 13, 2025 - Sep 13, 2025",BROAD MATCH CAMPAIGN,306896079483800,Broad Keyword,284907010614606,hair growth oil,BROAD,castor oil for hair growth cream,USD,1,1,1.0,1.35,1.35,0,0.0,0,0.0,0.0,0.0,2025-09-13,0.0,0.0
"Jan 04, 2026 - Jan 04, 2026",Batana Hair oil pharase Manual,292247191707127,Phrase Keywords,465120102858213,hair growth,PHRASE,fast hair growth mask,USD,1,1,1.0,0.65,0.65,0,0.0,0,0.0,0.0,0.0,2026-01-04,0.0,0.0
"Sep 28, 2025 - Jan 18, 2026",BROAD MATCH CAMPAIGN,306896079483800,Broad Keyword,284907010614606,batana oil shampoo,BROAD,batana oil for hair shampoo,USD,4,1,0.25,1.05,1.05,0,0.0,0,0.0,0.0,0.0,2025-09-28,0.0,0.0
"Jan 23, 2026 - Feb 05, 2026",Batana Oil Exact Ranking,116719674392449,High Intent,417102371297812,"keyword-group=""Keywords related to your product category""",TARGETING_EXPRESSION,aceite de batana para la caida del cabello,USD,41,3,0.07317073170731707,2.04,6.12,0,0.0,0,0.0,0.0,0.0,2026-01-23,0.0,0.0
"Oct 17, 2025 - Oct 17, 2025",Auto Campaign 1 Signal Capture,468170906203317,Ad Group - Signal Capture,297953927298564,loose-match,TARGETING_EXPRESSION_PREDEFINED,hair oils for hair growth 5 star for african american hair,USD,1,1,1.0,0.45,0.45,1,11.99,1,26.64444,0.45,0.0,2025-10-17,0.03753127606338615,1.0
"Sep 08, 2025 - Jan 02, 2026",BROAD MATCH CAMPAIGN,306896079483800,Broad Keyword,284907010614606,hair growth oil,BROAD,fari oil hair growth oil organic,USD,196,1,0.00510204081632653,0.7,0.7,0,0.0,0,0.0,0.0,0.0,2025-09-08,0.0,0.0
"Jan 30, 2026 - Jan 30, 2026",Batana Oil Phrase Match,212832079341322,Batana Oil Phrase Match,450560731451216,growth,PHRASE,deep hair treatment for growth,USD,2,1,0.5,0.92,0.92,0,0.0,0,0.0,0.0,0.0,2026-01-30,0.0,0.0
"Sep 10, 2025 - Mar 09, 2026",PRODUCT TARGETING EXACT CAMPAIGN,295732523762026,ASIN Exact targeting,517907737835689,"asin-expanded=""B01I2ZQJSG""",TARGETING_EXPRESSION,B0D9XNF7KP,USD,150,4,0.02666666666666667,0.395,1.58,0,0.0,0,0.0,0.0,0.0,2025-09-10,0.0,0.0
"Sep 07, 2025 - Sep 07, 2025",BROAD MATCH CAMPAIGN,306896079483800,Broad Keyword,284907010614606,batana oil hair,BROAD,mineral. and batana oil for hair,USD,1,1,1.0,1.04,1.04,0,0.0,0,0.0,0.0,0.0,2025-09-07,0.0,0.0
"Oct 22, 2025 - Oct 22, 2025",Batana Hair oil pharase Manual,292247191707127,Phrase Keywords,465120102858213,hair growth products,PHRASE,hair growth products edges,USD,1,1,1.0,0.41,0.41,0,0.0,0,0.0,0.0,0.0,2025-10-22,0.0,0.0
"Jan 27, 2026 - Feb 02, 2026",Batana Oil Exact Ranking,116719674392449,High Intent,417102371297812,"keyword-group=""Keywords related to your product category""",TARGETING_EXPRESSION,botanical oil,USD,27,1,0.037037037037037035,2.04,2.04,0,0.0,0,0.0,0.0,0.0,2026-01-27,0.0,0.0
"Nov 25, 2025 - Dec 01, 2025",PRODUCT TARGETING EXPANDED CAMPAIGN,488143762344483,ASIN Expanded targeting,501339022401488,"asin-expanded=""B0DCX7628T""",TARGETING_EXPRESSION,B01I2ZQJSG,USD,4,1,0.25,0.5,0.5,0,0.0,0,0.0,0.0,0.0,2025-11-25,0.0,0.0
"Sep 27, 2025 - Mar 01, 2026",Auto Campaign 1 Signal Capture,468170906203317,Ad Group - Signal Capture,297953927298564,loose-match,TARGETING_EXPRESSION_PREDEFINED,amla gold hair oil,USD,23,1,0.043478260869565216,0.43,0.43,0,0.0,0,0.0,0.0,0.0,2025-09-27,0.0,0.0
"Sep 04, 2025 - Mar 17, 2026",Batana Hair oil Exact Manual,502286450850716,Exact Keywords,296070289941158,batana oil for hair,EXACT,batana oil for hair,USD,367,2,0.005449591280653951,0.705,1.41,0,0.0,0,0.0,0.0,0.0,2025-09-04,0.0,0.0
"Sep 13, 2025 - Jan 09, 2026",BROAD MATCH CAMPAIGN,306896079483800,Broad Keyword,284907010614606,hair growth oil,BROAD,well's oil herbs for hair growth,USD,52,1,0.019230769230769232,0.76,0.76,0,0.0,0,0.0,0.0,0.0,2025-09-13,0.0,0.0
"Jul 14, 2025 - Nov 04, 2025",Auto Campaign 1 Signal Capture,468170906203317,Ad Group - Signal Capture,297953927298564,substitutes,TARGETING_EXPRESSION_PREDEFINED,B0F1FTXJJG,USD,4,1,0.25,0.45,0.45,0,0.0,0,0.0,0.0,0.0,2025-07-14,0.0,0.0
"Sep 06, 2025 - Mar 20, 2026",BROAD MATCH CAMPAIGN,306896079483800,Broad Keyword,284907010614606,hair growth oil,BROAD,bask and lather hair growth oil,USD,7638,16,0.002094789211835559,1.24063,19.85,1,16.99,1,0.85592,19.85,0.0,2025-09-06,1.168334314302531,0.0625
"Jun 27, 2025 - Mar 12, 2026",Auto Campaign 1 Signal Capture,468170906203317,Ad Group - Signal Capture,297953927298564,substitutes,TARGETING_EXPRESSION_PREDEFINED,B0FC5V9L66,USD,56,1,0.017857142857142856,0.52,0.52,0,0.0,0,0.0,0.0,0.0,2025-06-27,0.0,0.0
"Sep 01, 2025 - Mar 18, 2026",Batana Hair oil pharase Manual,292247191707127,Phrase Keywords,465120102858213,hair moisturizer,PHRASE,natural hair moisturizer for black women,USD,131,1,0.007633587786259542,0.8,0.8,0,0.0,0,0.0,0.0,0.0,2025-09-01,0.0,0.0
"Sep 06, 2025 - Mar 20, 2026",BROAD MATCH CAMPAIGN,306896079483800,Broad Keyword,284907010614606,hair oil for hair growth,BROAD,hair oils for hair growth,USD,2557,10,0.003910833007430583,0.626,6.26,0,0.0,0,0.0,0.0,0.0,2025-09-06,0.0,0.0
"Feb 02, 2026 - Feb 02, 2026",Auto Campaign 2 Cheap Discovery,163081140507766,Ad Group Cheap Discovery,391494289840856,loose-match,TARGETING_EXPRESSION_PREDEFINED,black hair eoot,USD,1,1,1.0,0.66,0.66,0,0.0,0,0.0,0.0,0.0,2026-02-02,0.0,0.0
"Sep 25, 2025 - Dec 25, 2025",BROAD MATCH CAMPAIGN,306896079483800,Broad Keyword,284907010614606,hair oil for hair growth,BROAD,vital affair rosemary oil for hair growth,USD,107,1,0.009345794392523364,0.75,0.75,0,0.0,0,0.0,0.0,0.0,2025-09-25,0.0,0.0
"Jul 04, 2025 - Jul 04, 2025",Auto Campaign 1 Signal Capture,468170906203317,Ad Group - Signal Capture,297953927298564,loose-match,TARGETING_EXPRESSION_PREDEFINED,batana oil hair butter,USD,2,1,0.5,1.0,1.0,0,0.0,0,0.0,0.0,0.0,2025-07-04,0.0,0.0
"Mar 14, 2026 - Mar 14, 2026",PRODUCT TARGETING EXACT CAMPAIGN,295732523762026,ASIN Exact targeting,517907737835689,"asin=""B01I2ZQJSG""",TARGETING_EXPRESSION,hair products for bleached hair,USD,1,1,1.0,1.14,1.14,0,0.0,0,0.0,0.0,0.0,2026-03-14,0.0,0.0
"Jan 23, 2026 - Feb 03, 2026",Batana Oil Exact Ranking,116719674392449,High Intent,417102371297812,"keyword-group=""Keywords related to your product category""",TARGETING_EXPRESSION,botanic batana oil,USD,442,1,0.0022624434389140274,2.04,2.04,0,0.0,0,0.0,0.0,0.0,2026-01-23,0.0,0.0
"Sep 27, 2025 - Sep 27, 2025",Auto Campaign 1 Signal Capture,468170906203317,Ad Group - Signal Capture,297953927298564,loose-match,TARGETING_EXPRESSION_PREDEFINED,lanza for silk press,USD,1,1,1.0,0.55,0.55,0,0.0,0,0.0,0.0,0.0,2025-09-27,0.0,0.0
"Nov 06, 2025 - Mar 16, 2026",Auto Campaign 1 Signal Capture,468170906203317,Ad Group - Signal Capture,297953927298564,loose-match,TARGETING_EXPRESSION_PREDEFINED,brown sugar babe oil rich auntie,USD,55,1,0.01818181818181818,0.5,0.5,0,0.0,0,0.0,0.0,0.0,2025-11-06,0.0,0.0
"Nov 16, 2025 - Dec 29, 2025",Auto Campaign 1 Signal Capture,468170906203317,Ad Group - Signal Capture,297953927298564,loose-match,TARGETING_EXPRESSION_PREDEFINED,hair tonic lola,USD,2,1,0.5,0.5,0.5,0,0.0,0,0.0,0.0,0.0,2025-11-16,0.0,0.0
"Sep 08, 2025 - Sep 24, 2025",BROAD MATCH CAMPAIGN,306896079483800,Broad Keyword,284907010614606,hair growth oil,BROAD,qytin batana oil for hair growth,USD,702,3,0.004273504273504274,1.0,3.0,0,0.0,0,0.0,0.0,0.0,2025-09-08,0.0,0.0
"Sep 27, 2025 - Nov 03, 2025",PRODUCT TARGETING EXACT CAMPAIGN,295732523762026,ASIN Exact targeting,517907737835689,"asin=""B0DCX7628T""",TARGETING_EXPRESSION,beyonce hair products,USD,3,1,0.3333333333333333,0.55,0.55,0,0.0,0,0.0,0.0,0.0,2025-09-27,0.0,0.0
"Dec 15, 2025 - Mar 12, 2026",BROAD MATCH CAMPAIGN,306896079483800,Broad Keyword,284907010614606,hair growth batana oil,BROAD,richgrand batana oil for hair growth,USD,312,1,0.003205128205128205,0.92,0.92,0,0.0,0,0.0,0.0,0.0,2025-12-15,0.0,0.0
"Nov 14, 2025 - Nov 18, 2025",BROAD MATCH CAMPAIGN,306896079483800,Broad Keyword,284907010614606,batana oil hair,BROAD,batana oil for black women hair growth,USD,25,1,0.04,0.75,0.75,0,0.0,0,0.0,0.0,0.0,2025-11-14,0.0,0.0
"Jul 04, 2025 - Feb 10, 2026",Auto Campaign 1 Signal Capture,468170906203317,Ad Group - Signal Capture,297953927298564,close-match,TARGETING_EXPRESSION_PREDEFINED,cold pressed batana oil for hair growth,USD,10,1,0.1,0.47,0.47,0,0.0,0,0.0,0.0,0.0,2025-07-04,0.0,0.0
"Mar 12, 2026 - Mar 15, 2026",Auto Campaign 1 Signal Capture,468170906203317,Ad Group - Signal Capture,297953927298564,close-match,TARGETING_EXPRESSION_PREDEFINED,raw banana oil paste,USD,2,1,0.5,0.9,0.9,1,19.99,1,22.21111,0.9,0.0,2026-03-12,0.04502251125562782,1.0
"Sep 09, 2025 - Mar 03, 2026",PRODUCT TARGETING EXACT CAMPAIGN,295732523762026,ASIN Exact targeting,517907737835689,"asin-expanded=""B0DCX7628T""",TARGETING_EXPRESSION,B0CFYS7M4L,USD,1190,4,0.0033613445378151263,0.725,2.9,0,0.0,0,0.0,0.0,0.0,2025-09-09,0.0,0.0
"Sep 08, 2025 - Jan 15, 2026",BROAD MATCH CAMPAIGN,306896079483800,Broad Keyword,284907010614606,hair growth oil,BROAD,burdock oil for hair growth,USD,34,1,0.029411764705882353,0.8,0.8,0,0.0,0,0.0,0.0,0.0,2025-09-08,0.0,0.0
"Aug 29, 2025 - Dec 04, 2025",Batana Hair oil pharase Manual,292247191707127,Phrase Keywords,465120102858213,hair growth,PHRASE,kuri nuka batana oil for hair growth,USD,7,1,0.14285714285714285,0.6,0.6,0,0.0,0,0.0,0.0,0.0,2025-08-29,0.0,0.0
"Sep 08, 2025 - Dec 10, 2025",BROAD MATCH CAMPAIGN,306896079483800,Broad Keyword,284907010614606,hair growth oil,BROAD,divine vitals batana oil for hair growth,USD,136,2,0.014705882352941176,1.105,2.21,0,0.0,0,0.0,0.0,0.0,2025-09-08,0.0,0.0
"Mar 02, 2026 - Mar 02, 2026",Auto Campaign 1 Signal Capture,468170906203317,Ad Group - Signal Capture,297953927298564,loose-match,TARGETING_EXPRESSION_PREDEFINED,leave in botana oil hair growth,USD,3,1,0.3333333333333333,3.64,3.64,1,15.5,1,4.25824,3.64,0.0,2026-03-02,0.23483870967741935,1.0
"Sep 06, 2025 - Dec 20, 2025",BROAD MATCH CAMPAIGN,306896079483800,Broad Keyword,284907010614606,hair growth,BROAD,california naturals hair growth serum,USD,17,1,0.058823529411764705,1.2,1.2,1,9.99,1,8.325,1.2,0.0,2025-09-06,0.12012012012012012,1.0
"Sep 08, 2025 - Dec 14, 2025",BROAD MATCH CAMPAIGN,306896079483800,Broad Keyword,284907010614606,hair growth oil,BROAD,uizelta batana oil for hair growth,USD,5,2,0.4,2.7,5.4,0,0.0,0,0.0,0.0,0.0,2025-09-08,0.0,0.0
"Sep 09, 2025 - Jan 18, 2026",BROAD MATCH CAMPAIGN,306896079483800,Broad Keyword,284907010614606,hair growth oil,BROAD,avocado hair oil for hair growth,USD,11,1,0.09090909090909091,1.35,1.35,0,0.0,0,0.0,0.0,0.0,2025-09-09,0.0,0.0
"Sep 07, 2025 - Nov 04, 2025",Batana Hair oil pharase Manual,292247191707127,Phrase Keywords,465120102858213,scalp treatment,PHRASE,damatol medicated hair & scalp treatment,USD,6,1,0.16666666666666666,0.2,0.2,0,0.0,0,0.0,0.0,0.0,2025-09-07,0.0,0.0
"Oct 01, 2025 - Mar 14, 2026",PRODUCT TARGETING EXACT CAMPAIGN,295732523762026,ASIN Exact targeting,517907737835689,"asin-expanded=""B000V8MTIC""",TARGETING_EXPRESSION,B0DSHXCT4N,USD,158,1,0.006329113924050633,0.65,0.65,0,0.0,0,0.0,0.0,0.0,2025-10-01,0.0,0.0
"Sep 02, 2025 - Dec 15, 2025",BROAD MATCH CAMPAIGN,306896079483800,Broad Keyword,284907010614606,batana oil hair,BROAD,akban batana oil for hair growth,USD,58,1,0.017241379310344827,1.5,1.5,0,0.0,0,0.0,0.0,0.0,2025-09-02,0.0,0.0
"Dec 13, 2025 - Dec 13, 2025",Auto Campaign 1 Signal Capture,468170906203317,Ad Group - Signal Capture,297953927298564,loose-match,TARGETING_EXPRESSION_PREDEFINED,romeo con gator hair oil,USD,1,1,1.0,0.5,0.5,0,0.0,0,0.0,0.0,0.0,2025-12-13,0.0,0.0
"Aug 06, 2025 - Jan 07, 2026",Auto Campaign 1 Signal Capture,468170906203317,Ad Group - Signal Capture,297953927298564,substitutes,TARGETING_EXPRESSION_PREDEFINED,B0DN6TKYF5,USD,14,1,0.07142857142857142,0.7,0.7,0,0.0,0,0.0,0.0,0.0,2025-08-06,0.0,0.0
"Sep 11, 2025 - Jan 17, 2026",BROAD MATCH CAMPAIGN,306896079483800,Broad Keyword,284907010614606,hair growth oil,BROAD,hoegoa batana oil for hair growth,USD,37,1,0.02702702702702703,2.67,2.67,1,16.99,1,6.3633,2.67,0.0,2025-09-11,0.15715126545026487,1.0
"Sep 08, 2025 - Jan 03, 2026",BROAD MATCH CAMPAIGN,306896079483800,Broad Keyword,284907010614606,hair growth oil,BROAD,botana oil for hair growth,USD,97,2,0.020618556701030927,1.0,2.0,0,0.0,0,0.0,0.0,0.0,2025-09-08,0.0,0.0
"Jul 05, 2025 - Mar 05, 2026",Batana Hair oil Exact Manual,502286450850716,Exact Keywords,296070289941158,batana oil,EXACT,batana oil,USD,27787,127,0.004570482599776874,1.27189,161.53,6,98.45,6,0.60948,26.92167,0.0,2025-07-05,1.6407313357034028,0.047244094488188976
"Sep 02, 2025 - Nov 17, 2025",BROAD MATCH CAMPAIGN,306896079483800,Broad Keyword,284907010614606,batana oil,BROAD,raw batana oil luxmiel,USD,6,2,0.3333333333333333,0.635,1.27,0,0.0,0,0.0,0.0,0.0,2025-09-02,0.0,0.0
"Sep 12, 2025 - Jan 10, 2026",BROAD MATCH CAMPAIGN,306896079483800,Broad Keyword,284907010614606,hair growth oil,BROAD,tea tree oil hair growth,USD,9,1,0.1111111111111111,0.9,0.9,0,0.0,0,0.0,0.0,0.0,2025-09-12,0.0,0.0
"Sep 09, 2025 - Sep 09, 2025",BROAD MATCH CAMPAIGN,306896079483800,Broad Keyword,284907010614606,hair growth oil,BROAD,hair growth oil for high porosity hair,USD,1,1,1.0,1.04,1.04,0,0.0,0,0.0,0.0,0.0,2025-09-09,0.0,0.0
"Dec 03, 2025 - Dec 03, 2025",Auto Campaign 1 Signal Capture,468170906203317,Ad Group - Signal Capture,297953927298564,loose-match,TARGETING_EXPRESSION_PREDEFINED,سيروم للشعر نسائيه,USD,1,1,1.0,0.5,0.5,0,0.0,0,0.0,0.0,0.0,2025-12-03,0.0,0.0
"Sep 05, 2025 - Mar 18, 2026",Batana Hair oil pharase Manual,292247191707127,Phrase Keywords,465120102858213,hair growth oil,PHRASE,indian hair growth oil,USD,198,3,0.015151515151515152,0.74333,2.23,0,0.0,0,0.0,0.0,0.0,2025-09-05,0.0,0.0
"Aug 01, 2025 - Dec 11, 2025",Auto Campaign 1 Signal Capture,468170906203317,Ad Group - Signal Capture,297953927298564,substitutes,TARGETING_EXPRESSION_PREDEFINED,coconut oil,USD,18,1,0.05555555555555555,0.7,0.7,0,0.0,0,0.0,0.0,0.0,2025-08-01,0.0,0.0
"Jul 19, 2025 - Dec 20, 2025",Auto Campaign 1 Signal Capture,468170906203317,Ad Group - Signal Capture,297953927298564,loose-match,TARGETING_EXPRESSION_PREDEFINED,olbas oil,USD,17,1,0.058823529411764705,0.55,0.55,1,11.99,1,21.8,0.55,0.0,2025-07-19,0.045871559633027525,1.0
"Mar 05, 2026 - Mar 13, 2026",Auto Campaign 1 Signal Capture,468170906203317,Ad Group - Signal Capture,297953927298564,substitutes,TARGETING_EXPRESSION_PREDEFINED,B0FTFW9BCX,USD,5,1,0.2,0.44,0.44,0,0.0,0,0.0,0.0,0.0,2026-03-05,0.0,0.0
"Sep 22, 2025 - Oct 23, 2025",Batana Hair oil pharase Manual,292247191707127,Phrase Keywords,465120102858213,hair moisturizer,PHRASE,kalahari hair moisturizer,USD,2,1,0.5,0.5,0.5,1,11.99,1,23.98,0.5,0.0,2025-09-22,0.041701417848206836,1.0
"Jul 24, 2025 - Jul 24, 2025",Auto Campaign 1 Signal Capture,468170906203317,Ad Group - Signal Capture,297953927298564,close-match,TARGETING_EXPRESSION_PREDEFINED,B0794V5RW1,USD,28,2,0.07142857142857142,0.8,1.6,0,0.0,0,0.0,0.0,0.0,2025-07-24,0.0,0.0
"Sep 17, 2025 - Mar 16, 2026",PRODUCT TARGETING EXACT CAMPAIGN,295732523762026,ASIN Exact targeting,517907737835689,"asin-expanded=""B0DSHXCT4N""",TARGETING_EXPRESSION,B0BGJPVH38,USD,627,6,0.009569377990430622,0.505,3.03,0,0.0,0,0.0,0.0,0.0,2025-09-17,0.0,0.0
"Jan 31, 2026 - Jan 31, 2026",Batana Oil Phrase Match,212832079341322,Batana Oil Phrase Match,450560731451216,growth,PHRASE,for thicker hair growth,USD,1,1,1.0,0.92,0.92,0,0.0,0,0.0,0.0,0.0,2026-01-31,0.0,0.0
"Nov 18, 2025 - Dec 13, 2025",Auto Campaign 1 Signal Capture,468170906203317,Ad Group - Signal Capture,297953927298564,loose-match,TARGETING_EXPRESSION_PREDEFINED,aomimegel hair mask,USD,19,1,0.05263157894736842,0.45,0.45,0,0.0,0,0.0,0.0,0.0,2025-11-18,0.0,0.0
"Sep 11, 2025 - Sep 11, 2025",BROAD MATCH CAMPAIGN,306896079483800,Broad Keyword,284907010614606,hair growth oil,BROAD,batana oil for hair growth devine,USD,38,1,0.02631578947368421,1.07,1.07,0,0.0,0,0.0,0.0,0.0,2025-09-11,0.0,0.0
"Nov 15, 2025 - Nov 28, 2025",Auto Campaign 1 Signal Capture,468170906203317,Ad Group - Signal Capture,297953927298564,substitutes,TARGETING_EXPRESSION_PREDEFINED,B07L5QGF38,USD,24,1,0.041666666666666664,0.5,0.5,0,0.0,0,0.0,0.0,0.0,2025-11-15,0.0,0.0
"Sep 27, 2025 - Sep 27, 2025",Auto Campaign 1 Signal Capture,468170906203317,Ad Group - Signal Capture,297953927298564,loose-match,TARGETING_EXPRESSION_PREDEFINED,leave in batana grease,USD,1,1,1.0,0.55,0.55,0,0.0,0,0.0,0.0,0.0,2025-09-27,0.0,0.0
"Sep 19, 2025 - Dec 19, 2025",BROAD MATCH CAMPAIGN,306896079483800,Broad Keyword,284907010614606,hair growth oil,BROAD,tiktok hair growth oil,USD,12,1,0.08333333333333333,1.94,1.94,0,0.0,0,0.0,0.0,0.0,2025-09-19,0.0,0.0
"Nov 17, 2025 - Dec 05, 2025",PRODUCT TARGETING EXPANDED CAMPAIGN,488143762344483,ASIN Expanded targeting,501339022401488,"asin-expanded=""B01I2ZQJSG""",TARGETING_EXPRESSION,B0CJM8546H,USD,40,1,0.025,0.5,0.5,0,0.0,0,0.0,0.0,0.0,2025-11-17,0.0,0.0
"Sep 17, 2025 - Dec 13, 2025",PRODUCT TARGETING EXACT CAMPAIGN,295732523762026,ASIN Exact targeting,517907737835689,"asin-expanded=""B0DCX7628T""",TARGETING_EXPRESSION,B0FC8HRR3R,USD,7,1,0.14285714285714285,0.85,0.85,0,0.0,0,0.0,0.0,0.0,2025-09-17,0.0,0.0
"Sep 03, 2025 - Jan 15, 2026",PRODUCT TARGETING EXACT CAMPAIGN,295732523762026,ASIN Exact targeting,517907737835689,"asin-expanded=""B0DSHXCT4N""",TARGETING_EXPRESSION,B0FH6J8MQM,USD,447,6,0.013422818791946308,0.50667,3.04,0,0.0,0,0.0,0.0,0.0,2025-09-03,0.0,0.0
"Sep 26, 2025 - Sep 26, 2025",Batana Hair oil pharase Manual,292247191707127,Phrase Keywords,465120102858213,hair moisturizer,PHRASE,coiling hair moisturizer,USD,1,1,1.0,0.5,0.5,0,0.0,0,0.0,0.0,0.0,2025-09-26,0.0,0.0
"Sep 17, 2025 - Sep 21, 2025",Auto Campaign 1 Signal Capture,468170906203317,Ad Group - Signal Capture,297953927298564,substitutes,TARGETING_EXPRESSION_PREDEFINED,B07ZHP5FY6,USD,3,1,0.3333333333333333,0.45,0.45,0,0.0,0,0.0,0.0,0.0,2025-09-17,0.0,0.0
"Sep 03, 2025 - Jan 01, 2026",BROAD MATCH CAMPAIGN,306896079483800,Broad Keyword,284907010614606,batana oil,BROAD,batana and rosemary oil,USD,31,1,0.03225806451612903,1.1,1.1,0,0.0,0,0.0,0.0,0.0,2025-09-03,0.0,0.0
"Dec 31, 2025 - Dec 31, 2025",BROAD MATCH CAMPAIGN,306896079483800,Broad Keyword,284907010614606,botana oil,BROAD,botana oil cream,USD,1,1,1.0,0.55,0.55,0,0.0,0,0.0,0.0,0.0,2025-12-31,0.0,0.0
"Nov 23, 2025 - Dec 31, 2025",Auto Campaign 1 Signal Capture,468170906203317,Ad Group - Signal Capture,297953927298564,substitutes,TARGETING_EXPRESSION_PREDEFINED,B0CLZZJGKT,USD,5,1,0.2,0.38,0.38,0,0.0,0,0.0,0.0,0.0,2025-11-23,0.0,0.0
"Sep 25, 2025 - Nov 18, 2025",BROAD MATCH CAMPAIGN,306896079483800,Broad Keyword,284907010614606,hair oil for hair growth,BROAD,lia hair growth oil,USD,2,1,0.5,0.59,0.59,1,11.99,1,20.32203,0.59,0.0,2025-09-25,0.04920767306088407,1.0
"Sep 25, 2025 - Oct 18, 2025",Auto Campaign 1 Signal Capture,468170906203317,Ad Group - Signal Capture,297953927298564,loose-match,TARGETING_EXPRESSION_PREDEFINED,bask n lather edge control,USD,6,1,0.16666666666666666,0.42,0.42,0,0.0,0,0.0,0.0,0.0,2025-09-25,0.0,0.0
"Nov 21, 2025 - Dec 04, 2025",PRODUCT TARGETING EXPANDED CAMPAIGN,488143762344483,ASIN Expanded targeting,501339022401488,"asin-expanded=""B0CR1SYNNS""",TARGETING_EXPRESSION,B07TV8BS49,USD,9,1,0.1111111111111111,0.5,0.5,0,0.0,0,0.0,0.0,0.0,2025-11-21,0.0,0.0
"Sep 28, 2025 - Sep 28, 2025",PRODUCT TARGETING EXACT CAMPAIGN,295732523762026,ASIN Exact targeting,517907737835689,"asin=""B003RQ226Y""",TARGETING_EXPRESSION,ors olive oil hair grease,USD,1,1,1.0,0.4,0.4,0,0.0,0,0.0,0.0,0.0,2025-09-28,0.0,0.0
"Dec 10, 2025 - Dec 10, 2025",Batana Hair oil pharase Manual,292247191707127,Phrase Keywords,465120102858213,hair moisturizer,PHRASE,dorelle hair moisturizer,USD,2,1,0.5,0.6,0.6,0,0.0,0,0.0,0.0,0.0,2025-12-10,0.0,0.0
"Dec 17, 2025 - Dec 17, 2025",Auto Campaign 1 Signal Capture,468170906203317,Ad Group - Signal Capture,297953927298564,loose-match,TARGETING_EXPRESSION_PREDEFINED,black rice hair growth cream,USD,1,1,1.0,0.5,0.5,0,0.0,0,0.0,0.0,0.0,2025-12-17,0.0,0.0
"Nov 02, 2025 - Dec 03, 2025",PRODUCT TARGETING EXACT CAMPAIGN,295732523762026,ASIN Exact targeting,517907737835689,"asin=""B0D9Y77RDG""",TARGETING_EXPRESSION,B0D9Y77RDG,USD,3,1,0.3333333333333333,0.45,0.45,0,0.0,0,0.0,0.0,0.0,2025-11-02,0.0,0.0
"Sep 08, 2025 - Mar 18, 2026",BROAD MATCH CAMPAIGN,306896079483800,Broad Keyword,284907010614606,hair growth oil,BROAD,indian ayurvedic hair growth oil,USD,27,1,0.037037037037037035,0.9,0.9,0,0.0,0,0.0,0.0,0.0,2025-09-08,0.0,0.0
"Nov 20, 2025 - Nov 20, 2025",BROAD MATCH CAMPAIGN,306896079483800,Broad Keyword,284907010614606,hair growth,BROAD,homdura hair growth,USD,1,1,1.0,1.1,1.1,0,0.0,0,0.0,0.0,0.0,2025-11-20,0.0,0.0
"Jan 22, 2026 - Jan 22, 2026",Auto Campaign 2 Cheap Discovery,163081140507766,Ad Group Cheap Discovery,391494289840856,loose-match,TARGETING_EXPRESSION_PREDEFINED,batana hair spray,USD,1,1,1.0,0.99,0.99,0,0.0,0,0.0,0.0,0.0,2026-01-22,0.0,0.0
"Dec 14, 2025 - Mar 19, 2026",Batana Hair oil pharase Manual,292247191707127,Phrase Keywords,465120102858213,stimulating scalp and hair balm,PHRASE,balm stimulating scalp and hair balm,USD,36,1,0.027777777777777776,0.65,0.65,0,0.0,0,0.0,0.0,0.0,2025-12-14,0.0,0.0
"Sep 24, 2025 - Sep 26, 2025",BROAD MATCH CAMPAIGN,306896079483800,Broad Keyword,284907010614606,mens hair growth products,BROAD,hair products,USD,7,1,0.14285714285714285,0.86,0.86,0,0.0,0,0.0,0.0,0.0,2025-09-24,0.0,0.0
"Sep 08, 2025 - Dec 21, 2025",BROAD MATCH CAMPAIGN,306896079483800,Broad Keyword,284907010614606,hair growth oil,BROAD,batams hair growth oil,USD,11,1,0.09090909090909091,0.82,0.82,0,0.0,0,0.0,0.0,0.0,2025-09-08,0.0,0.0
"Jan 26, 2026 - Feb 05, 2026",Batana Oil Phrase Match,212832079341322,Batana Oil Phrase Match,450560731451216,growth,PHRASE,labanta hair growth,USD,32,1,0.03125,0.92,0.92,0,0.0,0,0.0,0.0,0.0,2026-01-26,0.0,0.0
"Sep 07, 2025 - Jan 20, 2026",PRODUCT TARGETING EXACT CAMPAIGN,295732523762026,ASIN Exact targeting,517907737835689,"asin-expanded=""B0DCX7628T""",TARGETING_EXPRESSION,B0F2BBX9YP,USD,46,1,0.021739130434782608,0.74,0.74,0,0.0,0,0.0,0.0,0.0,2025-09-07,0.0,0.0
"Nov 21, 2025 - Mar 20, 2026",BROAD MATCH CAMPAIGN,306896079483800,Broad Keyword,284907010614606,hair growth,BROAD,usma grass hair growth,USD,8,1,0.125,0.5,0.5,1,16.99,1,33.98,0.5,0.0,2025-11-21,0.029429075927015894,1.0
"Aug 30, 2025 - Mar 08, 2026",Batana Hair oil pharase Manual,292247191707127,Phrase Keywords,465120102858213,hair growth,PHRASE,amla hair oil for hair growth,USD,10,1,0.1,0.65,0.65,0,0.0,0,0.0,0.0,0.0,2025-08-30,0.0,0.0
"Sep 14, 2025 - Nov 20, 2025",BROAD MATCH CAMPAIGN,306896079483800,Broad Keyword,284907010614606,hair growth,BROAD,vortex hair growth,USD,2,1,0.5,0.55,0.55,0,0.0,0,0.0,0.0,0.0,2025-09-14,0.0,0.0
"Feb 13, 2026 - Feb 13, 2026",Batana Hair oil pharase Manual,292247191707127,Phrase Keywords,465120102858213,batana,PHRASE,the alkaline brand batana oil 32 oz,USD,2,1,0.5,2.24,2.24,0,0.0,0,0.0,0.0,0.0,2026-02-13,0.0,0.0
"Nov 27, 2025 - Mar 17, 2026",PRODUCT TARGETING EXACT CAMPAIGN,295732523762026,ASIN Exact targeting,517907737835689,"asin-expanded=""B01I2ZQJSG""",TARGETING_EXPRESSION,B075L6BL61,USD,72,2,0.027777777777777776,0.46,0.92,0,0.0,0,0.0,0.0,0.0,2025-11-27,0.0,0.0
"Sep 02, 2025 - Mar 05, 2026",PRODUCT TARGETING EXACT CAMPAIGN,295732523762026,ASIN Exact targeting,517907737835689,"asin-expanded=""B0DSHXCT4N""",TARGETING_EXPRESSION,B0DKDZ9TPZ,USD,64,2,0.03125,0.225,0.45,0,0.0,0,0.0,0.0,0.0,2025-09-02,0.0,0.0
"Jul 23, 2025 - Mar 03, 2026",Auto Campaign 1 Signal Capture,468170906203317,Ad Group - Signal Capture,297953927298564,loose-match,TARGETING_EXPRESSION_PREDEFINED,indian hair oil,USD,21,1,0.047619047619047616,1.02,1.02,0,0.0,0,0.0,0.0,0.0,2025-07-23,0.0,0.0
"Sep 23, 2025 - Sep 28, 2025",BROAD MATCH CAMPAIGN,306896079483800,Broad Keyword,284907010614606,men hair growth,BROAD,bask and lather hair products,USD,162,1,0.006172839506172839,1.12,1.12,0,0.0,0,0.0,0.0,0.0,2025-09-23,0.0,0.0
"Mar 17, 2026 - Mar 19, 2026",BROAD MATCH CAMPAIGN,306896079483800,Broad Keyword,284907010614606,batana oil,BROAD,okay batana hair masque,USD,2,1,0.5,0.75,0.75,0,0.0,0,0.0,0.0,0.0,2026-03-17,0.0,0.0
"Sep 02, 2025 - Mar 12, 2026",Auto Campaign 1 Signal Capture,468170906203317,Ad Group - Signal Capture,297953927298564,substitutes,TARGETING_EXPRESSION_PREDEFINED,B00IUBLJPG,USD,96,1,0.010416666666666666,0.4,0.4,0,0.0,0,0.0,0.0,0.0,2025-09-02,0.0,0.0
"Sep 24, 2025 - Sep 24, 2025",BROAD MATCH CAMPAIGN,306896079483800,Broad Keyword,284907010614606,men hair growth,BROAD,natural hair growth oil for men,USD,1,1,1.0,1.12,1.12,0,0.0,0,0.0,0.0,0.0,2025-09-24,0.0,0.0
"Nov 24, 2025 - Dec 19, 2025",Auto Campaign 1 Signal Capture,468170906203317,Ad Group - Signal Capture,297953927298564,substitutes,TARGETING_EXPRESSION_PREDEFINED,B0FXBP8YS6,USD,8,1,0.125,0.55,0.55,0,0.0,0,0.0,0.0,0.0,2025-11-24,0.0,0.0
"Sep 16, 2025 - Jan 15, 2026",Auto Campaign 1 Signal Capture,468170906203317,Ad Group - Signal Capture,297953927298564,substitutes,TARGETING_EXPRESSION_PREDEFINED,B00J5RQ968,USD,162,2,0.012345679012345678,0.39,0.78,0,0.0,0,0.0,0.0,0.0,2025-09-16,0.0,0.0
"Feb 01, 2026 - Feb 02, 2026",Batana Oil Phrase Match,212832079341322,Batana Oil Phrase Match,450560731451216,"keyword-group=""Keywords related to your product category""",TARGETING_EXPRESSION,aceite de argan,USD,5,1,0.2,1.06,1.06,0,0.0,0,0.0,0.0,0.0,2026-02-01,0.0,0.0
"Jan 29, 2026 - Feb 04, 2026",Batana Oil Phrase Match,212832079341322,Batana Oil Phrase Match,450560731451216,growth,PHRASE,hair cream growth,USD,154,2,0.012987012987012988,0.895,1.79,0,0.0,0,0.0,0.0,0.0,2026-01-29,0.0,0.0
"Sep 06, 2025 - Mar 14, 2026",BROAD MATCH CAMPAIGN,306896079483800,Broad Keyword,284907010614606,hair growth,BROAD,hair fertilizer for hair growth for black hair,USD,72,2,0.027777777777777776,0.67,1.34,0,0.0,0,0.0,0.0,0.0,2025-09-06,0.0,0.0
"Sep 03, 2025 - Jan 07, 2026",BROAD MATCH CAMPAIGN,306896079483800,Broad Keyword,284907010614606,hair growth oil,BROAD,growth hair oil,USD,17,1,0.058823529411764705,1.0,1.0,0,0.0,0,0.0,0.0,0.0,2025-09-03,0.0,0.0
"Feb 18, 2026 - Feb 24, 2026",Batana Hair oil pharase Manual,292247191707127,Phrase Keywords,465120102858213,batana,PHRASE,batana treatment for hair,USD,3,1,0.3333333333333333,2.39,2.39,0,0.0,0,0.0,0.0,0.0,2026-02-18,0.0,0.0
"Sep 05, 2025 - Oct 19, 2025",BROAD MATCH CAMPAIGN,306896079483800,Broad Keyword,284907010614606,hair growth,BROAD,rosemary oil for hair growth,USD,159,1,0.006289308176100629,0.69,0.69,0,0.0,0,0.0,0.0,0.0,2025-09-05,0.0,0.0
"Dec 15, 2025 - Mar 19, 2026",BROAD MATCH CAMPAIGN,306896079483800,Broad Keyword,284907010614606,hair growth batana oil,BROAD,batana oil for hair growth pure,USD,8,1,0.125,1.15,1.15,0,0.0,0,0.0,0.0,0.0,2025-12-15,0.0,0.0
"Jan 06, 2026 - Mar 20, 2026",Batana Hair oil pharase Manual,292247191707127,Phrase Keywords,465120102858213,hair moisturizer,PHRASE,baby hair moisturizer for black babies,USD,21,1,0.047619047619047616,0.8,0.8,0,0.0,0,0.0,0.0,0.0,2026-01-06,0.0,0.0
"Sep 06, 2025 - Nov 20, 2025",BROAD MATCH CAMPAIGN,306896079483800,Broad Keyword,284907010614606,hair growth,BROAD,oil for hair growth,USD,29,1,0.034482758620689655,0.52,0.52,0,0.0,0,0.0,0.0,0.0,2025-09-06,0.0,0.0
"Jul 23, 2025 - Feb 11, 2026",Auto Campaign 1 Signal Capture,468170906203317,Ad Group - Signal Capture,297953927298564,close-match,TARGETING_EXPRESSION_PREDEFINED,hair growth scalp,USD,1,1,1.0,0.8,0.8,0,0.0,0,0.0,0.0,0.0,2025-07-23,0.0,0.0
"Jan 30, 2026 - Feb 05, 2026",Batana Oil Phrase Match,212832079341322,Batana Oil Phrase Match,450560731451216,hair growth,PHRASE,mary ruth multivitamin hair growth,USD,529,1,0.001890359168241966,0.92,0.92,0,0.0,0,0.0,0.0,0.0,2026-01-30,0.0,0.0
"Nov 20, 2025 - Nov 20, 2025",Auto Campaign 1 Signal Capture,468170906203317,Ad Group - Signal Capture,297953927298564,loose-match,TARGETING_EXPRESSION_PREDEFINED,aunt jackies edge control,USD,4,1,0.25,0.45,0.45,0,0.0,0,0.0,0.0,0.0,2025-11-20,0.0,0.0
"Oct 28, 2025 - Mar 08, 2026",Auto Campaign 1 Signal Capture,468170906203317,Ad Group - Signal Capture,297953927298564,loose-match,TARGETING_EXPRESSION_PREDEFINED,ors olive oil hair products,USD,33,1,0.030303030303030304,0.4,0.4,0,0.0,0,0.0,0.0,0.0,2025-10-28,0.0,0.0
"Sep 03, 2025 - Mar 17, 2026",BROAD MATCH CAMPAIGN,306896079483800,Broad Keyword,284907010614606,batana oil,BROAD,spoild batana oil,USD,50,1,0.02,1.35,1.35,0,0.0,0,0.0,0.0,0.0,2025-09-03,0.0,0.0
"Sep 05, 2025 - Dec 13, 2025",BROAD MATCH CAMPAIGN,306896079483800,Broad Keyword,284907010614606,batana oil,BROAD,highest rated batana oil,USD,12,1,0.08333333333333333,2.0,2.0,0,0.0,0,0.0,0.0,0.0,2025-09-05,0.0,0.0
"Sep 06, 2025 - Jan 13, 2026",Batana Hair oil pharase Manual,292247191707127,Phrase Keywords,465120102858213,hair moisturizer,PHRASE,hair moisturizer for coily hair,USD,6,1,0.16666666666666666,0.7,0.7,1,9.99,1,14.27143,0.7,0.0,2025-09-06,0.07007007007007006,1.0
"Mar 04, 2026 - Mar 04, 2026",Auto Campaign 1 Signal Capture,468170906203317,Ad Group - Signal Capture,297953927298564,loose-match,TARGETING_EXPRESSION_PREDEFINED,treat inflammation for alopecia,USD,1,1,1.0,0.9,0.9,0,0.0,0,0.0,0.0,0.0,2026-03-04,0.0,0.0
"Sep 03, 2025 - Dec 15, 2025",BROAD MATCH CAMPAIGN,306896079483800,Broad Keyword,284907010614606,batana oil,BROAD,raw batana oil,USD,248,1,0.004032258064516129,0.52,0.52,0,0.0,0,0.0,0.0,0.0,2025-09-03,0.0,0.0
"Sep 02, 2025 - Mar 17, 2026",BROAD MATCH CAMPAIGN,306896079483800,Broad Keyword,284907010614606,hair growth oil,BROAD,wild growth hair oil,USD,2281,11,0.004822446295484437,1.16091,12.77,1,16.99,1,1.33046,12.77,0.0,2025-09-02,0.751618599175986,0.09090909090909091
"Sep 03, 2025 - Dec 16, 2025",BROAD MATCH CAMPAIGN,306896079483800,Broad Keyword,284907010614606,batana oil hair,BROAD,azure batana oil for hair growth,USD,424,4,0.009433962264150943,1.025,4.1,0,0.0,0,0.0,0.0,0.0,2025-09-03,0.0,0.0
"Sep 02, 2025 - Dec 15, 2025",BROAD MATCH CAMPAIGN,306896079483800,Broad Keyword,284907010614606,batana oil hair,BROAD,raw batana oil for hair growth,USD,929,2,0.002152852529601722,1.16,2.32,0,0.0,0,0.0,0.0,0.0,2025-09-02,0.0,0.0
"Aug 06, 2025 - Jan 05, 2026",Auto Campaign 1 Signal Capture,468170906203317,Ad Group - Signal Capture,297953927298564,substitutes,TARGETING_EXPRESSION_PREDEFINED,B0FD1BC2KL,USD,22,1,0.045454545454545456,0.75,0.75,0,0.0,0,0.0,0.0,0.0,2025-08-06,0.0,0.0
"Jan 27, 2026 - Feb 05, 2026",Batana Oil Phrase Match,212832079341322,Batana Oil Phrase Match,450560731451216,"keyword-group=""Keywords related to your product category""",TARGETING_EXPRESSION,hair oils for hair growth,USD,502,2,0.00398406374501992,1.06,2.12,0,0.0,0,0.0,0.0,0.0,2026-01-27,0.0,0.0
"Jul 22, 2025 - Mar 17, 2026",Auto Campaign 1 Signal Capture,468170906203317,Ad Group - Signal Capture,297953927298564,substitutes,TARGETING_EXPRESSION_PREDEFINED,B000JWM7E6,USD,390,4,0.010256410256410256,0.4125,1.65,0,0.0,0,0.0,0.0,0.0,2025-07-22,0.0,0.0
"Sep 04, 2025 - Sep 18, 2025",PRODUCT TARGETING EXACT CAMPAIGN,295732523762026,ASIN Exact targeting,517907737835689,"asin-expanded=""B0DSHXCT4N""",TARGETING_EXPRESSION,jamaican black castor oil,USD,3,1,0.3333333333333333,0.75,0.75,0,0.0,0,0.0,0.0,0.0,2025-09-04,0.0,0.0
"Sep 27, 2025 - Sep 28, 2025",BROAD MATCH CAMPAIGN,306896079483800,Broad Keyword,284907010614606,mens hair growth shampoo,BROAD,bar shampoo,USD,3,1,0.3333333333333333,1.12,1.12,0,0.0,0,0.0,0.0,0.0,2025-09-27,0.0,0.0
"Sep 25, 2025 - Dec 29, 2025",BROAD MATCH CAMPAIGN,306896079483800,Broad Keyword,284907010614606,hair oil for hair growth,BROAD,mielle organics rosemary oil for hair growth,USD,227,1,0.004405286343612335,0.75,0.75,0,0.0,0,0.0,0.0,0.0,2025-09-25,0.0,0.0
"Sep 03, 2025 - Dec 23, 2025",BROAD MATCH CAMPAIGN,306896079483800,Broad Keyword,284907010614606,batana oil,BROAD,batana oil,USD,299,3,0.010033444816053512,1.13667,3.41,0,0.0,0,0.0,0.0,0.0,2025-09-03,0.0,0.0
"Feb 20, 2026 - Feb 20, 2026",Auto Campaign 1 Signal Capture,468170906203317,Ad Group - Signal Capture,297953927298564,close-match,TARGETING_EXPRESSION_PREDEFINED,hair oil growth scalp hair oil,USD,1,1,1.0,1.74,1.74,0,0.0,0,0.0,0.0,0.0,2026-02-20,0.0,0.0
"Oct 24, 2025 - Oct 24, 2025",Auto Campaign 1 Signal Capture,468170906203317,Ad Group - Signal Capture,297953927298564,loose-match,TARGETING_EXPRESSION_PREDEFINED,"lebanta raw batana oil pure, natural formula boosts hair health. moisturizes and nourishes scalp effectively. promotes stronger, thicker hair growth.",USD,1,1,1.0,0.4,0.4,0,0.0,0,0.0,0.0,0.0,2025-10-24,0.0,0.0
"Sep 25, 2025 - Nov 23, 2025",BROAD MATCH CAMPAIGN,306896079483800,Broad Keyword,284907010614606,hair oil for hair growth,BROAD,best hair growth oil for edges,USD,4,1,0.25,0.59,0.59,0,0.0,0,0.0,0.0,0.0,2025-09-25,0.0,0.0
"Sep 16, 2025 - Jan 12, 2026",Auto Campaign 1 Signal Capture,468170906203317,Ad Group - Signal Capture,297953927298564,substitutes,TARGETING_EXPRESSION_PREDEFINED,B0CJKSW96B,USD,81,2,0.024691358024691357,0.525,1.05,0,0.0,0,0.0,0.0,0.0,2025-09-16,0.0,0.0
"Sep 06, 2025 - Nov 23, 2025",Auto Campaign 1 Signal Capture,468170906203317,Ad Group - Signal Capture,297953927298564,loose-match,TARGETING_EXPRESSION_PREDEFINED,best edge growth,USD,5,1,0.2,0.7,0.7,0,0.0,0,0.0,0.0,0.0,2025-09-06,0.0,0.0
"Sep 03, 2025 - Dec 04, 2025",BROAD MATCH CAMPAIGN,306896079483800,Broad Keyword,284907010614606,hair growth,BROAD,hair growth cream,USD,157,7,0.044585987261146494,0.69857,4.89,1,9.99,1,2.04295,4.89,0.0,2025-09-03,0.48948948948948945,0.14285714285714285
"Sep 26, 2025 - Mar 20, 2026",BROAD MATCH CAMPAIGN,306896079483800,Broad Keyword,284907010614606,hair oil for hair growth,BROAD,cinnamon oil for hair growth,USD,21,1,0.047619047619047616,0.75,0.75,0,0.0,0,0.0,0.0,0.0,2025-09-26,0.0,0.0
"Jul 04, 2025 - Jan 09, 2026",Auto Campaign 1 Signal Capture,468170906203317,Ad Group - Signal Capture,297953927298564,loose-match,TARGETING_EXPRESSION_PREDEFINED,batana cream,USD,4,1,0.25,0.7,0.7,0,0.0,0,0.0,0.0,0.0,2025-07-04,0.0,0.0
"Dec 27, 2025 - Dec 27, 2025",Auto Campaign 1 Signal Capture,468170906203317,Ad Group - Signal Capture,297953927298564,loose-match,TARGETING_EXPRESSION_PREDEFINED,olive oil edge up zone relaxer,USD,1,1,1.0,0.5,0.5,0,0.0,0,0.0,0.0,0.0,2025-12-27,0.0,0.0
"Nov 12, 2025 - Jan 12, 2026",BROAD MATCH CAMPAIGN,306896079483800,Broad Keyword,284907010614606,hair growth,BROAD,dr. miracle hair products growth,USD,16,1,0.0625,1.2,1.2,0,0.0,0,0.0,0.0,0.0,2025-11-12,0.0,0.0
"Jul 19, 2025 - Mar 09, 2026",Auto Campaign 1 Signal Capture,468170906203317,Ad Group - Signal Capture,297953927298564,substitutes,TARGETING_EXPRESSION_PREDEFINED,B0DQYJGPXW,USD,84,1,0.011904761904761904,0.5,0.5,0,0.0,0,0.0,0.0,0.0,2025-07-19,0.0,0.0
"Dec 09, 2025 - Jan 19, 2026",PRODUCT TARGETING EXACT CAMPAIGN,295732523762026,ASIN Exact targeting,517907737835689,"asin-expanded=""B006FJPKT6""",TARGETING_EXPRESSION,B0DVDN8FPR,USD,13,1,0.07692307692307693,0.4,0.4,0,0.0,0,0.0,0.0,0.0,2025-12-09,0.0,0.0
"Dec 16, 2025 - Mar 14, 2026",BROAD MATCH CAMPAIGN,306896079483800,Broad Keyword,284907010614606,hair growth batana oil,BROAD,devine vitals batana oil for hair growth,USD,12,1,0.08333333333333333,1.01,1.01,1,16.99,1,16.82178,1.01,0.0,2025-12-16,0.05944673337257211,1.0
"Sep 04, 2025 - Mar 15, 2026",BROAD MATCH CAMPAIGN,306896079483800,Broad Keyword,284907010614606,hair growth oil,BROAD,biotin oil for hair growth,USD,270,1,0.003703703703703704,0.75,0.75,0,0.0,0,0.0,0.0,0.0,2025-09-04,0.0,0.0
"Sep 08, 2025 - Sep 22, 2025",BROAD MATCH CAMPAIGN,306896079483800,Broad Keyword,284907010614606,hair growth oil,BROAD,elbbub batana oil for hair growth,USD,19,1,0.05263157894736842,1.04,1.04,1,9.99,1,9.60577,1.04,0.0,2025-09-08,0.1041041041041041,1.0
"Dec 13, 2025 - Dec 13, 2025",BROAD MATCH CAMPAIGN,306896079483800,Broad Keyword,284907010614606,hair growth,BROAD,natural hair growth tips how to grow,USD,1,1,1.0,0.24,0.24,0,0.0,0,0.0,0.0,0.0,2025-12-13,0.0,0.0
"Jan 22, 2026 - Jan 23, 2026",Auto Campaign 2 Cheap Discovery,163081140507766,Ad Group Cheap Discovery,391494289840856,loose-match,TARGETING_EXPRESSION_PREDEFINED,batina oil,USD,1,1,1.0,1.98,1.98,1,16.99,1,8.58081,1.98,0.0,2026-01-22,0.11653914067098294,1.0
"Sep 22, 2025 - Sep 22, 2025",BROAD MATCH CAMPAIGN,306896079483800,Broad Keyword,284907010614606,hair growth oil,BROAD,organic batona oil for hair growth,USD,18,1,0.05555555555555555,0.73,0.73,0,0.0,0,0.0,0.0,0.0,2025-09-22,0.0,0.0
"Nov 17, 2025 - Nov 17, 2025",Auto Campaign 1 Signal Capture,468170906203317,Ad Group - Signal Capture,297953927298564,loose-match,TARGETING_EXPRESSION_PREDEFINED,kuri oil,USD,1,1,1.0,0.45,0.45,0,0.0,0,0.0,0.0,0.0,2025-11-17,0.0,0.0
"Jul 20, 2025 - Feb 27, 2026",Auto Campaign 1 Signal Capture,468170906203317,Ad Group - Signal Capture,297953927298564,close-match,TARGETING_EXPRESSION_PREDEFINED,treatment for hair,USD,18,1,0.05555555555555555,3.95,3.95,0,0.0,0,0.0,0.0,0.0,2025-07-20,0.0,0.0
"Dec 03, 2025 - Dec 03, 2025",Auto Campaign 1 Signal Capture,468170906203317,Ad Group - Signal Capture,297953927298564,substitutes,TARGETING_EXPRESSION_PREDEFINED,B08JYM7LDQ,USD,1,1,1.0,0.55,0.55,0,0.0,0,0.0,0.0,0.0,2025-12-03,0.0,0.0
"Feb 25, 2026 - Feb 25, 2026",Batana Hair oil pharase Manual,292247191707127,Phrase Keywords,465120102858213,batana,PHRASE,elaeis oleifera batana oil,USD,3,1,0.3333333333333333,1.5,1.5,0,0.0,0,0.0,0.0,0.0,2026-02-25,0.0,0.0
"Sep 02, 2025 - Dec 21, 2025",BROAD MATCH CAMPAIGN,306896079483800,Broad Keyword,284907010614606,batana oil hair,BROAD,batana hair oil,USD,1437,6,0.0041753653444676405,1.00333,6.02,1,9.99,1,1.65947,6.02,0.0,2025-09-02,0.6026026026026026,0.16666666666666666
"Dec 21, 2025 - Dec 21, 2025",BROAD MATCH CAMPAIGN,306896079483800,Broad Keyword,284907010614606,hair growth,BROAD,hair bar for hair growth,USD,1,1,1.0,1.05,1.05,0,0.0,0,0.0,0.0,0.0,2025-12-21,0.0,0.0
"Jan 27, 2026 - Feb 04, 2026",Batana Oil Phrase Match,212832079341322,Batana Oil Phrase Match,450560731451216,growth,PHRASE,chebe powder for hair growth,USD,15,1,0.06666666666666667,0.92,0.92,0,0.0,0,0.0,0.0,0.0,2026-01-27,0.0,0.0
"Dec 03, 2025 - Dec 03, 2025",Batana Hair oil pharase Manual,292247191707127,Phrase Keywords,465120102858213,hair growth,PHRASE,callus hair growth,USD,1,1,1.0,0.65,0.65,0,0.0,0,0.0,0.0,0.0,2025-12-03,0.0,0.0
"Sep 06, 2025 - Mar 09, 2026",Batana Hair oil Exact Manual,502286450850716,Exact Keywords,296070289941158,hair growth oil,EXACT,hair growth oil,USD,29581,152,0.005138433453906224,0.61605,93.64,6,70.94,6,0.75758,15.60667,0.0,2025-09-06,1.3199887228643925,0.039473684210526314
"Dec 17, 2025 - Dec 17, 2025",BROAD MATCH CAMPAIGN,306896079483800,Broad Keyword,284907010614606,hair growth oil,BROAD,batsna hair oil growth honduras ￼￼,USD,1,1,1.0,1.61,1.61,0,0.0,0,0.0,0.0,0.0,2025-12-17,0.0,0.0
"Jul 08, 2025 - Dec 06, 2025",Batana Hair oil Exact Manual,502286450850716,Exact Keywords,296070289941158,batana oil paste,EXACT,batana oil paste,USD,304,3,0.009868421052631578,0.67667,2.03,0,0.0,0,0.0,0.0,0.0,2025-07-08,0.0,0.0
"Sep 05, 2025 - Mar 04, 2026",PRODUCT TARGETING EXACT CAMPAIGN,295732523762026,ASIN Exact targeting,517907737835689,"asin-expanded=""B0DSHXCT4N""",TARGETING_EXPRESSION,B0DSHXCT4N,USD,160,3,0.01875,0.62,1.86,1,11.99,1,6.44624,1.86,0.0,2025-09-05,0.15512927439532945,0.3333333333333333
"Jul 04, 2025 - Mar 11, 2026",Auto Campaign 1 Signal Capture,468170906203317,Ad Group - Signal Capture,297953927298564,substitutes,TARGETING_EXPRESSION_PREDEFINED,B0CLZL2Z4R,USD,15,1,0.06666666666666667,0.5,0.5,0,0.0,0,0.0,0.0,0.0,2025-07-04,0.0,0.0
"Sep 08, 2025 - Jan 06, 2026",BROAD MATCH CAMPAIGN,306896079483800,Broad Keyword,284907010614606,hair growth oil,BROAD,natural hair growth oil,USD,217,1,0.004608294930875576,1.35,1.35,0,0.0,0,0.0,0.0,0.0,2025-09-08,0.0,0.0
"Mar 08, 2026 - Mar 08, 2026",Auto Campaign 1 Signal Capture,468170906203317,Ad Group - Signal Capture,297953927298564,loose-match,TARGETING_EXPRESSION_PREDEFINED,raw organic banyan oil from africa,USD,2,1,0.5,0.9,0.9,0,0.0,0,0.0,0.0,0.0,2026-03-08,0.0,0.0
"Dec 16, 2025 - Jan 04, 2026",BROAD MATCH CAMPAIGN,306896079483800,Broad Keyword,284907010614606,hair growth batana oil,BROAD,batana oil with rosemary for hair growth,USD,45,1,0.022222222222222223,0.57,0.57,0,0.0,0,0.0,0.0,0.0,2025-12-16,0.0,0.0
"Sep 02, 2025 - Mar 19, 2026",Batana Hair oil pharase Manual,292247191707127,Phrase Keywords,465120102858213,hair moisturizer,PHRASE,natural hair moisturizer,USD,269,2,0.007434944237918215,0.525,1.05,0,0.0,0,0.0,0.0,0.0,2025-09-02,0.0,0.0
"Dec 12, 2025 - Dec 12, 2025",BROAD MATCH CAMPAIGN,306896079483800,Broad Keyword,284907010614606,hair growth oil,BROAD,pure botanica oil from honduras,USD,1,1,1.0,1.61,1.61,0,0.0,0,0.0,0.0,0.0,2025-12-12,0.0,0.0
"Sep 05, 2025 - Oct 17, 2025",BROAD MATCH CAMPAIGN,306896079483800,Broad Keyword,284907010614606,batana oil hair growth,BROAD,leave in batana oil for hair growth,USD,7,1,0.14285714285714285,1.08,1.08,0,0.0,0,0.0,0.0,0.0,2025-09-05,0.0,0.0
"Nov 16, 2025 - Nov 16, 2025",PRODUCT TARGETING EXPANDED CAMPAIGN,488143762344483,ASIN Expanded targeting,501339022401488,"asin-expanded=""B0D6BMGP8Z""",TARGETING_EXPRESSION,B0DZRNXSS7,USD,3,1,0.3333333333333333,0.5,0.5,0,0.0,0,0.0,0.0,0.0,2025-11-16,0.0,0.0
"Dec 26, 2025 - Jan 04, 2026",Batana Hair oil pharase Manual,292247191707127,Phrase Keywords,465120102858213,hair growth,PHRASE,japanese hair growth,USD,5,1,0.2,0.65,0.65,0,0.0,0,0.0,0.0,0.0,2025-12-26,0.0,0.0
"Mar 03, 2026 - Mar 17, 2026",Auto Campaign 1 Signal Capture,468170906203317,Ad Group - Signal Capture,297953927298564,loose-match,TARGETING_EXPRESSION_PREDEFINED,freetress crochet hair,USD,55,1,0.01818181818181818,0.5,0.5,0,0.0,0,0.0,0.0,0.0,2026-03-03,0.0,0.0
"Sep 07, 2025 - Dec 14, 2025",BROAD MATCH CAMPAIGN,306896079483800,Broad Keyword,284907010614606,batana oil hair,BROAD,divine vitals divine batana oil for hair growth,USD,20,1,0.05,1.5,1.5,0,0.0,0,0.0,0.0,0.0,2025-09-07,0.0,0.0
"Sep 27, 2025 - Nov 12, 2025",BROAD MATCH CAMPAIGN,306896079483800,Broad Keyword,284907010614606,hair thickening,BROAD,hair growth products,USD,75,2,0.02666666666666667,0.51,1.02,0,0.0,0,0.0,0.0,0.0,2025-09-27,0.0,0.0
"Sep 08, 2025 - Jan 03, 2026",BROAD MATCH CAMPAIGN,306896079483800,Broad Keyword,284907010614606,hair growth oil,BROAD,never before now growth hair oil,USD,469,2,0.0042643923240938165,0.715,1.43,0,0.0,0,0.0,0.0,0.0,2025-09-08,0.0,0.0
"Aug 31, 2025 - Mar 06, 2026",Auto Campaign 1 Signal Capture,468170906203317,Ad Group - Signal Capture,297953927298564,substitutes,TARGETING_EXPRESSION_PREDEFINED,B0FJZLLCJV,USD,282,3,0.010638297872340425,0.65,1.95,0,0.0,0,0.0,0.0,0.0,2025-08-31,0.0,0.0
"Sep 07, 2025 - Jan 18, 2026",PRODUCT TARGETING EXACT CAMPAIGN,295732523762026,ASIN Exact targeting,517907737835689,"asin-expanded=""B0DCX7628T""",TARGETING_EXPRESSION,B08D7J83PZ,USD,30,1,0.03333333333333333,0.75,0.75,0,0.0,0,0.0,0.0,0.0,2025-09-07,0.0,0.0
"Aug 06, 2025 - Dec 16, 2025",Auto Campaign 1 Signal Capture,468170906203317,Ad Group - Signal Capture,297953927298564,loose-match,TARGETING_EXPRESSION_PREDEFINED,pressing oil for black hair,USD,13,1,0.07692307692307693,0.55,0.55,0,0.0,0,0.0,0.0,0.0,2025-08-06,0.0,0.0
"Sep 15, 2025 - Sep 22, 2025",BROAD MATCH CAMPAIGN,306896079483800,Broad Keyword,284907010614606,hair growth oil,BROAD,unalakleet botana oil hair growth,USD,15,2,0.13333333333333333,1.065,2.13,0,0.0,0,0.0,0.0,0.0,2025-09-15,0.0,0.0
"Dec 24, 2025 - Dec 24, 2025",Batana Hair oil pharase Manual,292247191707127,Phrase Keywords,465120102858213,hair moisturizer,PHRASE,hair moisturizer oil for soften hair,USD,1,1,1.0,0.84,0.84,1,16.99,1,20.22619,0.84,0.0,2025-12-24,0.0494408475573867,1.0
"Mar 07, 2026 - Mar 07, 2026",Auto Campaign 1 Signal Capture,468170906203317,Ad Group - Signal Capture,297953927298564,loose-match,TARGETING_EXPRESSION_PREDEFINED,raw babassu oil,USD,1,1,1.0,0.69,0.69,0,0.0,0,0.0,0.0,0.0,2026-03-07,0.0,0.0
"Sep 03, 2025 - Mar 19, 2026",BROAD MATCH CAMPAIGN,306896079483800,Broad Keyword,284907010614606,hair growth,BROAD,edge growth for black hair,USD,584,4,0.00684931506849315,0.8725,3.49,1,9.99,1,2.86246,3.49,0.0,2025-09-03,0.34934934934934936,0.25
"Sep 26, 2025 - Sep 26, 2025",BROAD MATCH CAMPAIGN,306896079483800,Broad Keyword,284907010614606,hair oil for hair growth,BROAD,bash and lather hair growth oil,USD,1,1,1.0,0.75,0.75,0,0.0,0,0.0,0.0,0.0,2025-09-26,0.0,0.0
"Jul 06, 2025 - Dec 01, 2025",PRODUCT TARGETING EXACT CAMPAIGN,295732523762026,ASIN Exact targeting,517907737835689,"asin=""B0D6BMGP8Z""",TARGETING_EXPRESSION,B0D6BMGP8Z,USD,1007,13,0.012909632571996028,0.56923,7.4,0,0.0,0,0.0,0.0,0.0,2025-07-06,0.0,0.0
"Jul 04, 2025 - Mar 19, 2026",Auto Campaign 1 Signal Capture,468170906203317,Ad Group - Signal Capture,297953927298564,close-match,TARGETING_EXPRESSION_PREDEFINED,batana organic oil,USD,67,1,0.014925373134328358,0.99,0.99,0,0.0,0,0.0,0.0,0.0,2025-07-04,0.0,0.0
"Feb 13, 2026 - Mar 02, 2026",Batana Hair oil pharase Manual,292247191707127,Phrase Keywords,465120102858213,batana oil,PHRASE,azure batana oil for hair growth,USD,204,1,0.004901960784313725,2.17,2.17,0,0.0,0,0.0,0.0,0.0,2026-02-13,0.0,0.0
"Sep 01, 2025 - Mar 03, 2026",Auto Campaign 1 Signal Capture,468170906203317,Ad Group - Signal Capture,297953927298564,loose-match,TARGETING_EXPRESSION_PREDEFINED,bask lather hair products,USD,15,1,0.06666666666666667,0.45,0.45,0,0.0,0,0.0,0.0,0.0,2025-09-01,0.0,0.0
"Sep 01, 2025 - Jan 11, 2026",Auto Campaign 1 Signal Capture,468170906203317,Ad Group - Signal Capture,297953927298564,loose-match,TARGETING_EXPRESSION_PREDEFINED,pure edge control,USD,190,1,0.005263157894736842,0.33,0.33,1,16.99,1,51.48485,0.33,0.0,2025-09-01,0.019423190111830493,1.0
"Sep 27, 2025 - Sep 28, 2025",BROAD MATCH CAMPAIGN,306896079483800,Broad Keyword,284907010614606,men hair growth,BROAD,bask and lather hair growth oil,USD,34,1,0.029411764705882353,1.12,1.12,0,0.0,0,0.0,0.0,0.0,2025-09-27,0.0,0.0
"Dec 22, 2025 - Dec 22, 2025",BROAD MATCH CAMPAIGN,306896079483800,Broad Keyword,284907010614606,hair oil for hair growth,BROAD,electric scalp oil massager for hair growth,USD,2,1,0.5,1.05,1.05,0,0.0,0,0.0,0.0,0.0,2025-12-22,0.0,0.0
"Sep 06, 2025 - Sep 07, 2025",BROAD MATCH CAMPAIGN,306896079483800,Broad Keyword,284907010614606,hair growth,BROAD,makof beauty hair growth oil for kids,USD,2,1,0.5,1.04,1.04,0,0.0,0,0.0,0.0,0.0,2025-09-06,0.0,0.0
"Dec 18, 2025 - Dec 25, 2025",Auto Campaign 1 Signal Capture,468170906203317,Ad Group - Signal Capture,297953927298564,loose-match,TARGETING_EXPRESSION_PREDEFINED,bataba oil paste,USD,2,1,0.5,0.5,0.5,0,0.0,0,0.0,0.0,0.0,2025-12-18,0.0,0.0
"Jan 29, 2026 - Jan 31, 2026",Batana Oil Phrase Match,212832079341322,Batana Oil Phrase Match,450560731451216,"keyword-group=""Keywords related to your product category""",TARGETING_EXPRESSION,rosemary oil,USD,78,1,0.01282051282051282,1.06,1.06,0,0.0,0,0.0,0.0,0.0,2026-01-29,0.0,0.0
"Sep 03, 2025 - Jan 21, 2026",Batana Hair oil pharase Manual,292247191707127,Phrase Keywords,465120102858213,hair moisturizer,PHRASE,tgin hair moisturizer,USD,17,1,0.058823529411764705,0.7,0.7,0,0.0,0,0.0,0.0,0.0,2025-09-03,0.0,0.0
"Sep 08, 2025 - Jan 21, 2026",BROAD MATCH CAMPAIGN,306896079483800,Broad Keyword,284907010614606,hair growth oil,BROAD,lifewithqueenp hair growth oil crack oil,USD,120,2,0.016666666666666666,0.97,1.94,0,0.0,0,0.0,0.0,0.0,2025-09-08,0.0,0.0
"Sep 08, 2025 - Sep 24, 2025",BROAD MATCH CAMPAIGN,306896079483800,Broad Keyword,284907010614606,hair growth oil,BROAD,batana oil shampoo for hair growth,USD,74,1,0.013513513513513514,1.04,1.04,0,0.0,0,0.0,0.0,0.0,2025-09-08,0.0,0.0
"Nov 16, 2025 - Nov 18, 2025",BROAD MATCH CAMPAIGN,306896079483800,Broad Keyword,284907010614606,mens hair growth products,BROAD,hair growth for men,USD,3,1,0.3333333333333333,0.75,0.75,0,0.0,0,0.0,0.0,0.0,2025-11-16,0.0,0.0
"Aug 06, 2025 - Dec 20, 2025",Auto Campaign 1 Signal Capture,468170906203317,Ad Group - Signal Capture,297953927298564,loose-match,TARGETING_EXPRESSION_PREDEFINED,skala hair products,USD,15,1,0.06666666666666667,0.49,0.49,0,0.0,0,0.0,0.0,0.0,2025-08-06,0.0,0.0
"Nov 17, 2025 - Mar 17, 2026",PRODUCT TARGETING EXACT CAMPAIGN,295732523762026,ASIN Exact targeting,517907737835689,"asin-expanded=""B0DCX7628T""",TARGETING_EXPRESSION,B09ZY2K5KB,USD,486,9,0.018518518518518517,0.51444,4.63,1,16.99,1,3.66955,4.63,0.0,2025-11-17,0.2725132430841672,0.1111111111111111
"Sep 05, 2025 - Oct 19, 2025",BROAD MATCH CAMPAIGN,306896079483800,Broad Keyword,284907010614606,batana oil hair growth,BROAD,batana oil for hair growth for kids,USD,7,1,0.14285714285714285,0.78,0.78,0,0.0,0,0.0,0.0,0.0,2025-09-05,0.0,0.0
"Nov 05, 2025 - Mar 16, 2026",PRODUCT TARGETING EXACT CAMPAIGN,295732523762026,ASIN Exact targeting,517907737835689,"asin-expanded=""B000V8MTIC""",TARGETING_EXPRESSION,B0C8LYLYPK,USD,96,1,0.010416666666666666,0.6,0.6,0,0.0,0,0.0,0.0,0.0,2025-11-05,0.0,0.0
"Sep 04, 2025 - Jan 18, 2026",Batana Hair oil pharase Manual,292247191707127,Phrase Keywords,465120102858213,hair growth,PHRASE,hair growth moisturizer for black women,USD,13,1,0.07692307692307693,0.65,0.65,0,0.0,0,0.0,0.0,0.0,2025-09-04,0.0,0.0
"Sep 27, 2025 - Sep 27, 2025",PRODUCT TARGETING EXACT CAMPAIGN,295732523762026,ASIN Exact targeting,517907737835689,"asin=""B01I2ZQJSG""",TARGETING_EXPRESSION,cer 100 spray,USD,1,1,1.0,0.5,0.5,0,0.0,0,0.0,0.0,0.0,2025-09-27,0.0,0.0
"Sep 24, 2025 - Nov 11, 2025",BROAD MATCH CAMPAIGN,306896079483800,Broad Keyword,284907010614606,hair growth accelerator,BROAD,hair growth oil,USD,109,1,0.009174311926605505,0.75,0.75,0,0.0,0,0.0,0.0,0.0,2025-09-24,0.0,0.0
"Mar 12, 2026 - Mar 12, 2026",Auto Campaign 1 Signal Capture,468170906203317,Ad Group - Signal Capture,297953927298564,close-match,TARGETING_EXPRESSION_PREDEFINED,raw batana from honduras,USD,2,1,0.5,1.26,1.26,0,0.0,0,0.0,0.0,0.0,2026-03-12,0.0,0.0
"Sep 11, 2025 - Sep 15, 2025",BROAD MATCH CAMPAIGN,306896079483800,Broad Keyword,284907010614606,hair growth oil,BROAD,gipsophila batana oil shampoo for hair growth,USD,38,1,0.02631578947368421,1.35,1.35,0,0.0,0,0.0,0.0,0.0,2025-09-11,0.0,0.0
"Sep 19, 2025 - Dec 08, 2025",Auto Campaign 1 Signal Capture,468170906203317,Ad Group - Signal Capture,297953927298564,substitutes,TARGETING_EXPRESSION_PREDEFINED,B00KC4A8VA,USD,17,1,0.058823529411764705,0.55,0.55,0,0.0,0,0.0,0.0,0.0,2025-09-19,0.0,0.0
"Sep 02, 2025 - Dec 16, 2025",BROAD MATCH CAMPAIGN,306896079483800,Broad Keyword,284907010614606,batana oil hair,BROAD,batana oil to reverse gray hair,USD,17,1,0.058823529411764705,1.42,1.42,0,0.0,0,0.0,0.0,0.0,2025-09-02,0.0,0.0
"Sep 19, 2025 - Dec 11, 2025",BROAD MATCH CAMPAIGN,306896079483800,Broad Keyword,284907010614606,hair growth oil,BROAD,hair oil for curly hair growth,USD,4,1,0.25,0.86,0.86,0,0.0,0,0.0,0.0,0.0,2025-09-19,0.0,0.0
"Sep 02, 2025 - Sep 21, 2025",Auto Campaign 1 Signal Capture,468170906203317,Ad Group - Signal Capture,297953927298564,substitutes,TARGETING_EXPRESSION_PREDEFINED,B0F1ZFQL5R,USD,5,1,0.2,0.75,0.75,0,0.0,0,0.0,0.0,0.0,2025-09-02,0.0,0.0
"Sep 05, 2025 - Oct 19, 2025",BROAD MATCH CAMPAIGN,306896079483800,Broad Keyword,284907010614606,batana oil hair growth,BROAD,akban batana oil for hair growth,USD,17,1,0.058823529411764705,1.41,1.41,0,0.0,0,0.0,0.0,0.0,2025-09-05,0.0,0.0
"Sep 08, 2025 - Dec 21, 2025",BROAD MATCH CAMPAIGN,306896079483800,Broad Keyword,284907010614606,hair growth oil,BROAD,botana oil hair growth dr sebi,USD,105,1,0.009523809523809525,1.33,1.33,1,9.99,1,7.51128,1.33,0.0,2025-09-08,0.13313313313313313,1.0
"Jan 27, 2026 - Feb 05, 2026",Batana Oil Phrase Match,212832079341322,Batana Oil Phrase Match,450560731451216,growth,PHRASE,bask and lather hair growth oil,USD,549,2,0.0036429872495446266,0.915,1.83,0,0.0,0,0.0,0.0,0.0,2026-01-27,0.0,0.0
"Dec 18, 2025 - Dec 21, 2025",BROAD MATCH CAMPAIGN,306896079483800,Broad Keyword,284907010614606,hair growth batana oil,BROAD,nifeishi batana oil for hair growth,USD,3,1,0.3333333333333333,1.2,1.2,0,0.0,0,0.0,0.0,0.0,2025-12-18,0.0,0.0
"Feb 20, 2026 - Mar 10, 2026",Batana Hair oil pharase Manual,292247191707127,Phrase Keywords,465120102858213,batana,PHRASE,mamela naturals batana oil,USD,18,1,0.05555555555555555,1.4,1.4,0,0.0,0,0.0,0.0,0.0,2026-02-20,0.0,0.0
"Sep 08, 2025 - Sep 24, 2025",BROAD MATCH CAMPAIGN,306896079483800,Broad Keyword,284907010614606,hair growth oil,BROAD,batana oil for hair growth dr sebi organic,USD,163,1,0.006134969325153374,1.04,1.04,0,0.0,0,0.0,0.0,0.0,2025-09-08,0.0,0.0
"Sep 05, 2025 - Mar 20, 2026",Batana Hair oil pharase Manual,292247191707127,Phrase Keywords,465120102858213,hair growth oil,PHRASE,wild hair growth oil,USD,58,1,0.017241379310344827,0.85,0.85,0,0.0,0,0.0,0.0,0.0,2025-09-05,0.0,0.0
"Jan 16, 2026 - Jan 16, 2026",Batana Hair oil pharase Manual,292247191707127,Phrase Keywords,465120102858213,hair moisturizer,PHRASE,best hair moisturizer promoting growth daily use leave in batana,USD,1,1,1.0,0.62,0.62,0,0.0,0,0.0,0.0,0.0,2026-01-16,0.0,0.0
"Sep 02, 2025 - Mar 09, 2026",BROAD MATCH CAMPAIGN,306896079483800,Broad Keyword,284907010614606,batana oil hair,BROAD,batana natural hair growth oil,USD,450,3,0.006666666666666667,1.17333,3.52,0,0.0,0,0.0,0.0,0.0,2025-09-02,0.0,0.0
"Sep 24, 2025 - Jan 11, 2026",Batana Hair oil Exact Manual,502286450850716,Exact Keywords,296070289941158,amla oil for hair growth,EXACT,amla oil for hair growth,USD,106,1,0.009433962264150943,0.7,0.7,0,0.0,0,0.0,0.0,0.0,2025-09-24,0.0,0.0
"Nov 30, 2025 - Nov 30, 2025",Batana Hair oil pharase Manual,292247191707127,Phrase Keywords,465120102858213,hair growth oil,PHRASE,hair growth oil for teens,USD,1,1,1.0,0.65,0.65,0,0.0,0,0.0,0.0,0.0,2025-11-30,0.0,0.0
"Jan 23, 2026 - Feb 05, 2026",Auto Campaign 2 Cheap Discovery,163081140507766,Ad Group Cheap Discovery,391494289840856,substitutes,TARGETING_EXPRESSION_PREDEFINED,B0DCX7628T,USD,557,1,0.0017953321364452424,0.99,0.99,0,0.0,0,0.0,0.0,0.0,2026-01-23,0.0,0.0
"Sep 05, 2025 - Dec 13, 2025",BROAD MATCH CAMPAIGN,306896079483800,Broad Keyword,284907010614606,batana oil,BROAD,batana vital oil,USD,3,1,0.3333333333333333,0.96,0.96,0,0.0,0,0.0,0.0,0.0,2025-09-05,0.0,0.0
"Aug 30, 2025 - Mar 11, 2026",Batana Hair oil pharase Manual,292247191707127,Phrase Keywords,465120102858213,hair growth,PHRASE,hair serum for hair growth,USD,46,1,0.021739130434782608,0.65,0.65,1,9.99,1,15.36923,0.65,0.0,2025-08-30,0.06506506506506507,1.0
"Sep 26, 2025 - Nov 02, 2025",PRODUCT TARGETING EXACT CAMPAIGN,295732523762026,ASIN Exact targeting,517907737835689,"asin-expanded=""B0DL5LB7JH""",TARGETING_EXPRESSION,B08M4D84P4,USD,36,3,0.08333333333333333,0.47333,1.42,0,0.0,0,0.0,0.0,0.0,2025-09-26,0.0,0.0
"Sep 19, 2025 - Mar 20, 2026",PRODUCT TARGETING EXACT CAMPAIGN,295732523762026,ASIN Exact targeting,517907737835689,"asin=""B0CJKSW96B""",TARGETING_EXPRESSION,B0CJKSW96B,USD,2288,18,0.007867132867132868,0.63278,11.39,2,25.98,2,2.28095,5.695,0.0,2025-09-19,0.4384141647421093,0.1111111111111111
"Oct 15, 2025 - Jan 04, 2026",BROAD MATCH CAMPAIGN,306896079483800,Broad Keyword,284907010614606,hair growth,BROAD,asian hair growth products,USD,9,1,0.1111111111111111,0.98,0.98,0,0.0,0,0.0,0.0,0.0,2025-10-15,0.0,0.0
"Sep 02, 2025 - Dec 15, 2025",BROAD MATCH CAMPAIGN,306896079483800,Broad Keyword,284907010614606,batana oil hair,BROAD,botanix batana oil for hair growth,USD,523,2,0.0038240917782026767,0.76,1.52,0,0.0,0,0.0,0.0,0.0,2025-09-02,0.0,0.0
"Sep 03, 2025 - Jan 17, 2026",BROAD MATCH CAMPAIGN,306896079483800,Broad Keyword,284907010614606,batana oil shampoo,BROAD,shampoo batana oil,USD,94,1,0.010638297872340425,1.05,1.05,0,0.0,0,0.0,0.0,0.0,2025-09-03,0.0,0.0
"Mar 04, 2026 - Mar 04, 2026",Auto Campaign 1 Signal Capture,468170906203317,Ad Group - Signal Capture,297953927298564,close-match,TARGETING_EXPRESSION_PREDEFINED,hair mask protein,USD,3,1,0.3333333333333333,0.82,0.82,0,0.0,0,0.0,0.0,0.0,2026-03-04,0.0,0.0
"Sep 29, 2025 - Jan 12, 2026",PRODUCT TARGETING EXACT CAMPAIGN,295732523762026,ASIN Exact targeting,517907737835689,"asin-expanded=""B000V8MTIC""",TARGETING_EXPRESSION,B005TVX7UK,USD,29,2,0.06896551724137931,0.215,0.43,0,0.0,0,0.0,0.0,0.0,2025-09-29,0.0,0.0
"Sep 08, 2025 - Sep 24, 2025",BROAD MATCH CAMPAIGN,306896079483800,Broad Keyword,284907010614606,hair growth oil,BROAD,richgrand batana oil for hair growth,USD,387,7,0.01808785529715762,0.96857,6.78,0,0.0,0,0.0,0.0,0.0,2025-09-08,0.0,0.0
"Sep 15, 2025 - Dec 11, 2025",PRODUCT TARGETING EXACT CAMPAIGN,295732523762026,ASIN Exact targeting,517907737835689,"asin-expanded=""B0D6BMGP8Z""",TARGETING_EXPRESSION,B01IAJDWYI,USD,6,1,0.16666666666666666,0.6,0.6,0,0.0,0,0.0,0.0,0.0,2025-09-15,0.0,0.0
"Sep 05, 2025 - Mar 16, 2026",BROAD MATCH CAMPAIGN,306896079483800,Broad Keyword,284907010614606,hair growth oil,BROAD,amla hair oil for hair growth,USD,177,1,0.005649717514124294,1.63,1.63,0,0.0,0,0.0,0.0,0.0,2025-09-05,0.0,0.0
"Dec 23, 2025 - Dec 23, 2025",Batana Hair oil pharase Manual,292247191707127,Phrase Keywords,465120102858213,hair moisturizer,PHRASE,tinted hair moisturizer,USD,1,1,1.0,0.65,0.65,0,0.0,0,0.0,0.0,0.0,2025-12-23,0.0,0.0
"Oct 01, 2025 - Mar 20, 2026",PRODUCT TARGETING EXACT CAMPAIGN,295732523762026,ASIN Exact targeting,517907737835689,"asin-expanded=""B000V8MTIC""",TARGETING_EXPRESSION,B07L437P21,USD,376,2,0.005319148936170213,0.75,1.5,0,0.0,0,0.0,0.0,0.0,2025-10-01,0.0,0.0
"Sep 08, 2025 - Sep 17, 2025",PRODUCT TARGETING EXACT CAMPAIGN,295732523762026,ASIN Exact targeting,517907737835689,"asin-expanded=""B0DCX7628T""",TARGETING_EXPRESSION,B0CLZL2Z4R,USD,6,1,0.16666666666666666,0.85,0.85,0,0.0,0,0.0,0.0,0.0,2025-09-08,0.0,0.0
"Nov 16, 2025 - Nov 16, 2025",BROAD MATCH CAMPAIGN,306896079483800,Broad Keyword,284907010614606,hair growth,BROAD,lumineux hair growth,USD,1,1,1.0,0.84,0.84,0,0.0,0,0.0,0.0,0.0,2025-11-16,0.0,0.0
"Jul 07, 2025 - Feb 09, 2026",Auto Campaign 1 Signal Capture,468170906203317,Ad Group - Signal Capture,297953927298564,close-match,TARGETING_EXPRESSION_PREDEFINED,raw hair oil,USD,34,1,0.029411764705882353,1.58,1.58,0,0.0,0,0.0,0.0,0.0,2025-07-07,0.0,0.0
"Sep 05, 2025 - Jan 01, 2026",BROAD MATCH CAMPAIGN,306896079483800,Broad Keyword,284907010614606,hair growth,BROAD,hair mask for hair growth,USD,61,3,0.04918032786885246,0.87333,2.62,0,0.0,0,0.0,0.0,0.0,2025-09-05,0.0,0.0
"Sep 24, 2025 - Nov 18, 2025",BROAD MATCH CAMPAIGN,306896079483800,Broad Keyword,284907010614606,hair growth,BROAD,hair growth edge,USD,3,1,0.3333333333333333,0.52,0.52,0,0.0,0,0.0,0.0,0.0,2025-09-24,0.0,0.0
"Dec 07, 2025 - Dec 07, 2025",BROAD MATCH CAMPAIGN,306896079483800,Broad Keyword,284907010614606,hair growth,BROAD,thinning hair growth cream,USD,1,1,1.0,0.82,0.82,0,0.0,0,0.0,0.0,0.0,2025-12-07,0.0,0.0
"Oct 16, 2025 - Oct 16, 2025",Auto Campaign 1 Signal Capture,468170906203317,Ad Group - Signal Capture,297953927298564,loose-match,TARGETING_EXPRESSION_PREDEFINED,altua growth hair leave in,USD,1,1,1.0,0.45,0.45,0,0.0,0,0.0,0.0,0.0,2025-10-16,0.0,0.0
"Jul 04, 2025 - Mar 11, 2026",Auto Campaign 1 Signal Capture,468170906203317,Ad Group - Signal Capture,297953927298564,substitutes,TARGETING_EXPRESSION_PREDEFINED,B0DL5LB7JH,USD,709,2,0.0028208744710860366,0.63,1.26,0,0.0,0,0.0,0.0,0.0,2025-07-04,0.0,0.0
"Sep 25, 2025 - Dec 30, 2025",BROAD MATCH CAMPAIGN,306896079483800,Broad Keyword,284907010614606,hair oil for hair growth,BROAD,biotin oil for hair growth,USD,30,1,0.03333333333333333,0.54,0.54,0,0.0,0,0.0,0.0,0.0,2025-09-25,0.0,0.0
"Jan 26, 2026 - Feb 05, 2026",Batana Oil Phrase Match,212832079341322,Batana Oil Phrase Match,450560731451216,growth,PHRASE,hair growth pomade,USD,34,1,0.029411764705882353,0.92,0.92,0,0.0,0,0.0,0.0,0.0,2026-01-26,0.0,0.0
"Sep 26, 2025 - Sep 28, 2025",BROAD MATCH CAMPAIGN,306896079483800,Broad Keyword,284907010614606,hair oil for hair growth,BROAD,qytin batana oil for hair growth,USD,14,1,0.07142857142857142,0.75,0.75,0,0.0,0,0.0,0.0,0.0,2025-09-26,0.0,0.0
"Nov 15, 2025 - Jan 21, 2026",Auto Campaign 1 Signal Capture,468170906203317,Ad Group - Signal Capture,297953927298564,substitutes,TARGETING_EXPRESSION_PREDEFINED,edges regrowth for black women,USD,19,2,0.10526315789473684,0.495,0.99,0,0.0,0,0.0,0.0,0.0,2025-11-15,0.0,0.0
"Aug 05, 2025 - Mar 05, 2026",Auto Campaign 1 Signal Capture,468170906203317,Ad Group - Signal Capture,297953927298564,loose-match,TARGETING_EXPRESSION_PREDEFINED,banana oil for hair growth,USD,14,1,0.07142857142857142,3.77,3.77,0,0.0,0,0.0,0.0,0.0,2025-08-05,0.0,0.0
"Sep 28, 2025 - Sep 28, 2025",Auto Campaign 1 Signal Capture,468170906203317,Ad Group - Signal Capture,297953927298564,loose-match,TARGETING_EXPRESSION_PREDEFINED,ginger for hair growth,USD,1,1,1.0,0.41,0.41,0,0.0,0,0.0,0.0,0.0,2025-09-28,0.0,0.0
"Jul 04, 2025 - Jul 04, 2025",Auto Campaign 1 Signal Capture,468170906203317,Ad Group - Signal Capture,297953927298564,loose-match,TARGETING_EXPRESSION_PREDEFINED,babchi oil,USD,1,1,1.0,1.0,1.0,0,0.0,0,0.0,0.0,0.0,2025-07-04,0.0,0.0
"Dec 10, 2025 - Dec 10, 2025",BROAD MATCH CAMPAIGN,306896079483800,Broad Keyword,284907010614606,hair moisturizer for black women,BROAD,oil for african american hair,USD,1,1,1.0,0.93,0.93,0,0.0,0,0.0,0.0,0.0,2025-12-10,0.0,0.0
"Sep 07, 2025 - Jan 23, 2026",PRODUCT TARGETING EXACT CAMPAIGN,295732523762026,ASIN Exact targeting,517907737835689,"asin-expanded=""B0DCX7628T""",TARGETING_EXPRESSION,B01I2ZQJSG,USD,9332,30,0.0032147449635662236,0.54267,16.28,2,19.98,2,1.22727,8.14,0.0,2025-09-07,0.8148148148148149,0.06666666666666667
"Sep 02, 2025 - Jan 19, 2026",Batana Hair oil pharase Manual,292247191707127,Phrase Keywords,465120102858213,hair growth oil,PHRASE,amala hair growth oil,USD,37,1,0.02702702702702703,0.45,0.45,0,0.0,0,0.0,0.0,0.0,2025-09-02,0.0,0.0
"Feb 10, 2026 - Feb 10, 2026",Batana Hair oil pharase Manual,292247191707127,Phrase Keywords,465120102858213,batana oil for hair growth,PHRASE,batana oil for hair growth honduran,USD,1,1,1.0,1.21,1.21,0,0.0,0,0.0,0.0,0.0,2026-02-10,0.0,0.0
"Dec 05, 2025 - Mar 05, 2026",Auto Campaign 1 Signal Capture,468170906203317,Ad Group - Signal Capture,297953927298564,loose-match,TARGETING_EXPRESSION_PREDEFINED,organic bandana oil,USD,2,1,0.5,0.69,0.69,0,0.0,0,0.0,0.0,0.0,2025-12-05,0.0,0.0
"Sep 26, 2025 - Mar 10, 2026",Auto Campaign 1 Signal Capture,468170906203317,Ad Group - Signal Capture,297953927298564,loose-match,TARGETING_EXPRESSION_PREDEFINED,vitapointe hair cream,USD,33,1,0.030303030303030304,0.45,0.45,0,0.0,0,0.0,0.0,0.0,2025-09-26,0.0,0.0
"Jul 20, 2025 - Feb 26, 2026",Auto Campaign 1 Signal Capture,468170906203317,Ad Group - Signal Capture,297953927298564,close-match,TARGETING_EXPRESSION_PREDEFINED,scalp treatment for hair growth,USD,20,2,0.1,2.895,5.79,0,0.0,0,0.0,0.0,0.0,2025-07-20,0.0,0.0
"Sep 06, 2025 - Mar 07, 2026",Auto Campaign 1 Signal Capture,468170906203317,Ad Group - Signal Capture,297953927298564,loose-match,TARGETING_EXPRESSION_PREDEFINED,bask and lather,USD,67,1,0.014925373134328358,0.45,0.45,0,0.0,0,0.0,0.0,0.0,2025-09-06,0.0,0.0
"Jan 29, 2026 - Jan 30, 2026",Batana Oil Phrase Match,212832079341322,Batana Oil Phrase Match,450560731451216,growth,PHRASE,hair remedies for growth,USD,2,1,0.5,0.13,0.13,0,0.0,0,0.0,0.0,0.0,2026-01-29,0.0,0.0
"Sep 06, 2025 - Sep 06, 2025",BROAD MATCH CAMPAIGN,306896079483800,Broad Keyword,284907010614606,hair growth,BROAD,pure aura hair growth balm,USD,1,1,1.0,1.08,1.08,1,9.99,1,9.25,1.08,0.0,2025-09-06,0.10810810810810811,1.0
"Sep 25, 2025 - Mar 08, 2026",Auto Campaign 1 Signal Capture,468170906203317,Ad Group - Signal Capture,297953927298564,substitutes,TARGETING_EXPRESSION_PREDEFINED,B0D4JG23DV,USD,43,1,0.023255813953488372,0.12,0.12,0,0.0,0,0.0,0.0,0.0,2025-09-25,0.0,0.0
"Jan 31, 2026 - Jan 31, 2026",Auto Campaign 2 Cheap Discovery,163081140507766,Ad Group Cheap Discovery,391494289840856,loose-match,TARGETING_EXPRESSION_PREDEFINED,"￼ stimulating scalp and hair balm, shea b",USD,1,1,1.0,0.91,0.91,0,0.0,0,0.0,0.0,0.0,2026-01-31,0.0,0.0
"Sep 26, 2025 - Sep 26, 2025",PRODUCT TARGETING EXACT CAMPAIGN,295732523762026,ASIN Exact targeting,517907737835689,"asin-expanded=""B0DSHXCT4N""",TARGETING_EXPRESSION,bantana oil honduras pure dr. sebi,USD,1,1,1.0,0.65,0.65,0,0.0,0,0.0,0.0,0.0,2025-09-26,0.0,0.0
"Sep 20, 2025 - Sep 23, 2025",BROAD MATCH CAMPAIGN,306896079483800,Broad Keyword,284907010614606,hair growth oil,BROAD,rosemary oil for hair growth allpa botanicals,USD,10,1,0.1,1.12,1.12,0,0.0,0,0.0,0.0,0.0,2025-09-20,0.0,0.0
"Nov 07, 2025 - Mar 03, 2026",Auto Campaign 1 Signal Capture,468170906203317,Ad Group - Signal Capture,297953927298564,loose-match,TARGETING_EXPRESSION_PREDEFINED,mgl naturals coconut oil and shea butter hair food,USD,12,1,0.08333333333333333,0.5,0.5,0,0.0,0,0.0,0.0,0.0,2025-11-07,0.0,0.0
"Sep 23, 2025 - Sep 26, 2025",BROAD MATCH CAMPAIGN,306896079483800,Broad Keyword,284907010614606,hair growth max,BROAD,botana oil hair growth,USD,175,1,0.005714285714285714,1.12,1.12,0,0.0,0,0.0,0.0,0.0,2025-09-23,0.0,0.0
"Jul 08, 2025 - Dec 01, 2025",Batana Hair oil Exact Manual,502286450850716,Exact Keywords,296070289941158,bantana natural hair growth oil,EXACT,bantana natural hair growth oil,USD,4195,38,0.009058402860548272,0.76447,29.05,0,0.0,0,0.0,0.0,0.0,2025-07-08,0.0,0.0
"Feb 02, 2026 - Feb 04, 2026",Auto Campaign 2 Cheap Discovery,163081140507766,Ad Group Cheap Discovery,391494289840856,substitutes,TARGETING_EXPRESSION_PREDEFINED,B0FQ4G88SG,USD,2,1,0.5,0.46,0.46,0,0.0,0,0.0,0.0,0.0,2026-02-02,0.0,0.0
"Sep 04, 2025 - Mar 19, 2026",BROAD MATCH CAMPAIGN,306896079483800,Broad Keyword,284907010614606,hair growth oil,BROAD,rosemary oil for hair growth,USD,4974,30,0.006031363088057901,0.95867,28.76,2,23.98,2,0.8338,14.38,0.0,2025-09-04,1.1993327773144287,0.06666666666666667
"Oct 19, 2025 - Oct 26, 2025",Auto Campaign 1 Signal Capture,468170906203317,Ad Group - Signal Capture,297953927298564,substitutes,TARGETING_EXPRESSION_PREDEFINED,B0D4CGV485,USD,2,1,0.5,0.4,0.4,0,0.0,0,0.0,0.0,0.0,2025-10-19,0.0,0.0
"Sep 03, 2025 - Sep 03, 2025",Auto Campaign 1 Signal Capture,468170906203317,Ad Group - Signal Capture,297953927298564,loose-match,TARGETING_EXPRESSION_PREDEFINED,organic non toxic edge control,USD,1,1,1.0,0.37,0.37,0,0.0,0,0.0,0.0,0.0,2025-09-03,0.0,0.0
"Jul 04, 2025 - Mar 09, 2026",Auto Campaign 1 Signal Capture,468170906203317,Ad Group - Signal Capture,297953927298564,substitutes,TARGETING_EXPRESSION_PREDEFINED,B0F1QZT1FV,USD,392,4,0.01020408163265306,0.6125,2.45,0,0.0,0,0.0,0.0,0.0,2025-07-04,0.0,0.0
"Aug 03, 2025 - Aug 03, 2025",Auto Campaign 1 Signal Capture,468170906203317,Ad Group - Signal Capture,297953927298564,loose-match,TARGETING_EXPRESSION_PREDEFINED,ralla oil,USD,1,1,1.0,0.63,0.63,0,0.0,0,0.0,0.0,0.0,2025-08-03,0.0,0.0
"Mar 03, 2026 - Mar 03, 2026",Auto Campaign 1 Signal Capture,468170906203317,Ad Group - Signal Capture,297953927298564,loose-match,TARGETING_EXPRESSION_PREDEFINED,mielle sea moss shampoo,USD,1,1,1.0,0.8,0.8,0,0.0,0,0.0,0.0,0.0,2026-03-03,0.0,0.0
"Sep 09, 2025 - Mar 19, 2026",PRODUCT TARGETING EXACT CAMPAIGN,295732523762026,ASIN Exact targeting,517907737835689,"asin-expanded=""B01I2ZQJSG""",TARGETING_EXPRESSION,B01I2ZQJSG,USD,44,4,0.09090909090909091,0.4975,1.99,0,0.0,0,0.0,0.0,0.0,2025-09-09,0.0,0.0
"Sep 27, 2025 - Sep 27, 2025",Auto Campaign 1 Signal Capture,468170906203317,Ad Group - Signal Capture,297953927298564,loose-match,TARGETING_EXPRESSION_PREDEFINED,officiallumin hair growth,USD,1,1,1.0,0.55,0.55,0,0.0,0,0.0,0.0,0.0,2025-09-27,0.0,0.0
"Sep 09, 2025 - Nov 24, 2025",PRODUCT TARGETING EXACT CAMPAIGN,295732523762026,ASIN Exact targeting,517907737835689,"asin-expanded=""B0DCX7628T""",TARGETING_EXPRESSION,B0F3DFMD7Z,USD,218,2,0.009174311926605505,0.85,1.7,0,0.0,0,0.0,0.0,0.0,2025-09-09,0.0,0.0
"Sep 07, 2025 - Sep 07, 2025",Auto Campaign 1 Signal Capture,468170906203317,Ad Group - Signal Capture,297953927298564,loose-match,TARGETING_EXPRESSION_PREDEFINED,cecrede hair oil,USD,1,1,1.0,0.6,0.6,0,0.0,0,0.0,0.0,0.0,2025-09-07,0.0,0.0
"Sep 10, 2025 - Dec 30, 2025",PRODUCT TARGETING EXACT CAMPAIGN,295732523762026,ASIN Exact targeting,517907737835689,"asin-expanded=""B0DCX7628T""",TARGETING_EXPRESSION,B0CCK45T56,USD,182,1,0.005494505494505495,0.85,0.85,0,0.0,0,0.0,0.0,0.0,2025-09-10,0.0,0.0
"Sep 10, 2025 - Sep 10, 2025",BROAD MATCH CAMPAIGN,306896079483800,Broad Keyword,284907010614606,hair growth oil,BROAD,best oil for hair growth for men,USD,1,1,1.0,1.28,1.28,0,0.0,0,0.0,0.0,0.0,2025-09-10,0.0,0.0
"Sep 03, 2025 - Mar 17, 2026",BROAD MATCH CAMPAIGN,306896079483800,Broad Keyword,284907010614606,hair growth,BROAD,hair growth,USD,505,2,0.0039603960396039604,0.815,1.63,0,0.0,0,0.0,0.0,0.0,2025-09-03,0.0,0.0
"Dec 15, 2025 - Dec 21, 2025",BROAD MATCH CAMPAIGN,306896079483800,Broad Keyword,284907010614606,hair growth batana oil,BROAD,cinnoir batana oil for hair growth,USD,28,1,0.03571428571428571,1.2,1.2,0,0.0,0,0.0,0.0,0.0,2025-12-15,0.0,0.0
"Sep 23, 2025 - Sep 24, 2025",BROAD MATCH CAMPAIGN,306896079483800,Broad Keyword,284907010614606,hair growth oil,BROAD,sunny isle jamaican black castor oil for hair growth,USD,6,1,0.16666666666666666,0.82,0.82,0,0.0,0,0.0,0.0,0.0,2025-09-23,0.0,0.0
"Jan 01, 2026 - Jan 17, 2026",Auto Campaign 1 Signal Capture,468170906203317,Ad Group - Signal Capture,297953927298564,loose-match,TARGETING_EXPRESSION_PREDEFINED,botana edge control,USD,2,2,1.0,0.5,1.0,0,0.0,0,0.0,0.0,0.0,2026-01-01,0.0,0.0
"Sep 05, 2025 - Dec 07, 2025",BROAD MATCH CAMPAIGN,306896079483800,Broad Keyword,284907010614606,hair growth,BROAD,bask and lather hair growth oil,USD,297,1,0.003367003367003367,0.52,0.52,0,0.0,0,0.0,0.0,0.0,2025-09-05,0.0,0.0
"Sep 28, 2025 - Mar 14, 2026",PRODUCT TARGETING EXACT CAMPAIGN,295732523762026,ASIN Exact targeting,517907737835689,"asin-expanded=""B000V8MTIC""",TARGETING_EXPRESSION,B07B2MPYVQ,USD,66,3,0.045454545454545456,0.46667,1.4,1,11.99,1,8.56429,1.4,0.0,2025-09-28,0.11676396997497913,0.3333333333333333
"Oct 14, 2025 - Dec 27, 2025",PRODUCT TARGETING EXACT CAMPAIGN,295732523762026,ASIN Exact targeting,517907737835689,"asin-expanded=""B0D6BMGP8Z""",TARGETING_EXPRESSION,B0CP4K4CL8,USD,48,1,0.020833333333333332,0.6,0.6,0,0.0,0,0.0,0.0,0.0,2025-10-14,0.0,0.0
"Sep 05, 2025 - Oct 19, 2025",BROAD MATCH CAMPAIGN,306896079483800,Broad Keyword,284907010614606,hair growth,BROAD,indian hair growth oil,USD,128,1,0.0078125,0.42,0.42,0,0.0,0,0.0,0.0,0.0,2025-09-05,0.0,0.0
"Sep 06, 2025 - Oct 29, 2025",BROAD MATCH CAMPAIGN,306896079483800,Broad Keyword,284907010614606,hair growth,BROAD,gzarcwvn botana oil hair growth,USD,29,1,0.034482758620689655,0.52,0.52,0,0.0,0,0.0,0.0,0.0,2025-09-06,0.0,0.0
"Nov 01, 2025 - Dec 12, 2025",Batana Hair oil pharase Manual,292247191707127,Phrase Keywords,465120102858213,hair moisturizer,PHRASE,styling hair moisturizer,USD,2,1,0.5,0.6,0.6,0,0.0,0,0.0,0.0,0.0,2025-11-01,0.0,0.0
"Sep 05, 2025 - Mar 19, 2026",BROAD MATCH CAMPAIGN,306896079483800,Broad Keyword,284907010614606,hair growth,BROAD,baby hair growth,USD,158,1,0.006329113924050633,1.05,1.05,0,0.0,0,0.0,0.0,0.0,2025-09-05,0.0,0.0
"Mar 13, 2026 - Mar 15, 2026",Auto Campaign 1 Signal Capture,468170906203317,Ad Group - Signal Capture,297953927298564,close-match,TARGETING_EXPRESSION_PREDEFINED,chebe butter for hair growth,USD,4,1,0.25,0.73,0.73,0,0.0,0,0.0,0.0,0.0,2026-03-13,0.0,0.0
"Sep 05, 2025 - Nov 02, 2025",PRODUCT TARGETING EXACT CAMPAIGN,295732523762026,ASIN Exact targeting,517907737835689,"asin-expanded=""B0DZDV2FLB""",TARGETING_EXPRESSION,B0DVBCQB1H,USD,10,1,0.1,0.75,0.75,0,0.0,0,0.0,0.0,0.0,2025-09-05,0.0,0.0
"Dec 02, 2025 - Jan 18, 2026",Batana Hair oil pharase Manual,292247191707127,Phrase Keywords,465120102858213,batana oil for hair,PHRASE,batana oil for hair loss,USD,45,1,0.022222222222222223,0.65,0.65,1,16.99,1,26.13846,0.65,0.0,2025-12-02,0.038257798705120666,1.0
"Sep 06, 2025 - Mar 08, 2026",Batana Hair oil Exact Manual,502286450850716,Exact Keywords,296070289941158,hair oils for hair growth,EXACT,hair oils for hair growth,USD,4269,33,0.007730147575544624,0.56758,18.73,1,9.99,1,0.53337,18.73,0.0,2025-09-06,1.874874874874875,0.030303030303030304
"Aug 29, 2025 - Mar 20, 2026",Batana Hair oil pharase Manual,292247191707127,Phrase Keywords,465120102858213,hair growth oil,PHRASE,bantana natural hair growth oil,USD,839,6,0.007151370679380214,0.82167,4.93,0,0.0,0,0.0,0.0,0.0,2025-08-29,0.0,0.0
"Sep 09, 2025 - Dec 30, 2025",BROAD MATCH CAMPAIGN,306896079483800,Broad Keyword,284907010614606,hair growth oil,BROAD,forchics hair growth oil,USD,29,1,0.034482758620689655,1.35,1.35,0,0.0,0,0.0,0.0,0.0,2025-09-09,0.0,0.0
"Sep 07, 2025 - Jan 02, 2026",PRODUCT TARGETING EXACT CAMPAIGN,295732523762026,ASIN Exact targeting,517907737835689,"asin-expanded=""B0DCX7628T""",TARGETING_EXPRESSION,B0CXFXQS12,USD,72,2,0.027777777777777776,0.61,1.22,0,0.0,0,0.0,0.0,0.0,2025-09-07,0.0,0.0
"Sep 05, 2025 - Oct 31, 2025",PRODUCT TARGETING EXACT CAMPAIGN,295732523762026,ASIN Exact targeting,517907737835689,"asin-expanded=""B0DZDV2FLB""",TARGETING_EXPRESSION,B000GGPK0I,USD,34,2,0.058823529411764705,0.565,1.13,0,0.0,0,0.0,0.0,0.0,2025-09-05,0.0,0.0
"Nov 25, 2025 - Jan 02, 2026",PRODUCT TARGETING EXACT CAMPAIGN,295732523762026,ASIN Exact targeting,517907737835689,"asin-expanded=""B01I2ZQJSG""",TARGETING_EXPRESSION,B0F6KCPV8H,USD,57,3,0.05263157894736842,0.55,1.65,0,0.0,0,0.0,0.0,0.0,2025-11-25,0.0,0.0
"Dec 10, 2025 - Dec 10, 2025",BROAD MATCH CAMPAIGN,306896079483800,Broad Keyword,284907010614606,hair growth oil,BROAD,botana oil hair growth 3rd party tested,USD,1,1,1.0,2.33,2.33,1,9.99,1,4.28755,2.33,0.0,2025-12-10,0.23323323323323322,1.0
"Dec 30, 2025 - Dec 30, 2025",Batana Hair oil pharase Manual,292247191707127,Phrase Keywords,465120102858213,hair growth,PHRASE,slow hair growth moisturizer,USD,1,1,1.0,0.4,0.4,0,0.0,0,0.0,0.0,0.0,2025-12-30,0.0,0.0
"Feb 12, 2026 - Mar 18, 2026",Batana Hair oil pharase Manual,292247191707127,Phrase Keywords,465120102858213,batana,PHRASE,olcg batana oil,USD,396,2,0.005050505050505051,2.4,4.8,1,16.99,1,3.53958,4.8,0.0,2026-02-12,0.2825191288993526,0.5
"Feb 08, 2026 - Mar 19, 2026",Auto Campaign 1 Signal Capture,468170906203317,Ad Group - Signal Capture,297953927298564,close-match,TARGETING_EXPRESSION_PREDEFINED,lebanta hair growth oil,USD,76,1,0.013157894736842105,2.06,2.06,0,0.0,0,0.0,0.0,0.0,2026-02-08,0.0,0.0
"Jan 29, 2026 - Feb 05, 2026",Batana Oil Phrase Match,212832079341322,Batana Oil Phrase Match,450560731451216,growth,PHRASE,t444z hair food for hair growth,USD,15,1,0.06666666666666667,0.92,0.92,0,0.0,0,0.0,0.0,0.0,2026-01-29,0.0,0.0
"Nov 17, 2025 - Nov 17, 2025",PRODUCT TARGETING EXPANDED CAMPAIGN,488143762344483,ASIN Expanded targeting,501339022401488,"asin-expanded=""B0DCX7628T""",TARGETING_EXPRESSION,B0F4DLPBXG,USD,1,1,1.0,0.5,0.5,0,0.0,0,0.0,0.0,0.0,2025-11-17,0.0,0.0
"Sep 23, 2025 - Jan 22, 2026",BROAD MATCH CAMPAIGN,306896079483800,Broad Keyword,284907010614606,hair grease for black hair growth,BROAD,scalp stimulator hair growth oil,USD,523,2,0.0038240917782026767,0.96,1.92,0,0.0,0,0.0,0.0,0.0,2025-09-23,0.0,0.0
"Sep 05, 2025 - Oct 19, 2025",BROAD MATCH CAMPAIGN,306896079483800,Broad Keyword,284907010614606,batana oil hair growth,BROAD,richgrand batana oil for hair growth,USD,27,1,0.037037037037037035,0.52,0.52,0,0.0,0,0.0,0.0,0.0,2025-09-05,0.0,0.0
"Jun 28, 2025 - Feb 10, 2026",Auto Campaign 1 Signal Capture,468170906203317,Ad Group - Signal Capture,297953927298564,close-match,TARGETING_EXPRESSION_PREDEFINED,hair oils for hair growth,USD,914,1,0.0010940919037199124,0.8,0.8,0,0.0,0,0.0,0.0,0.0,2025-06-28,0.0,0.0
"Sep 18, 2025 - Dec 21, 2025",BROAD MATCH CAMPAIGN,306896079483800,Broad Keyword,284907010614606,hair growth oil,BROAD,hair oil for hair growth and thickness,USD,114,1,0.008771929824561403,0.99,0.99,0,0.0,0,0.0,0.0,0.0,2025-09-18,0.0,0.0
"Sep 09, 2025 - Sep 09, 2025",BROAD MATCH CAMPAIGN,306896079483800,Broad Keyword,284907010614606,hair growth oil,BROAD,cheap hair growth oil under 2 dollars,USD,1,1,1.0,1.05,1.05,0,0.0,0,0.0,0.0,0.0,2025-09-09,0.0,0.0
"Nov 15, 2025 - Dec 12, 2025",BROAD MATCH CAMPAIGN,306896079483800,Broad Keyword,284907010614606,hair growth,BROAD,dax hair grease for hair growth for black hair,USD,24,1,0.041666666666666664,0.56,0.56,0,0.0,0,0.0,0.0,0.0,2025-11-15,0.0,0.0
"Sep 06, 2025 - Mar 14, 2026",BROAD MATCH CAMPAIGN,306896079483800,Broad Keyword,284907010614606,hair growth,BROAD,japanese hair growth,USD,7,1,0.14285714285714285,0.65,0.65,0,0.0,0,0.0,0.0,0.0,2025-09-06,0.0,0.0
"Jun 30, 2025 - Mar 17, 2026",Auto Campaign 1 Signal Capture,468170906203317,Ad Group - Signal Capture,297953927298564,substitutes,TARGETING_EXPRESSION_PREDEFINED,B0DW3YH4WH,USD,1914,8,0.0041797283176593526,0.655,5.24,1,9.99,1,1.90649,5.24,0.0,2025-06-30,0.5245245245245246,0.125
"Sep 05, 2025 - Oct 25, 2025",BROAD MATCH CAMPAIGN,306896079483800,Broad Keyword,284907010614606,hair growth,BROAD,do growth hair oil,USD,48,1,0.020833333333333332,0.41,0.41,0,0.0,0,0.0,0.0,0.0,2025-09-05,0.0,0.0
"Sep 02, 2025 - Dec 11, 2025",Auto Campaign 1 Signal Capture,468170906203317,Ad Group - Signal Capture,297953927298564,substitutes,TARGETING_EXPRESSION_PREDEFINED,B00449OE0K,USD,7,1,0.14285714285714285,0.6,0.6,0,0.0,0,0.0,0.0,0.0,2025-09-02,0.0,0.0
"Feb 03, 2026 - Feb 06, 2026",Batana Oil Phrase Match,212832079341322,Batana Oil Phrase Match,450560731451216,"keyword-group=""Keywords related to your product category""",TARGETING_EXPRESSION,batana natural hair growth oil,USD,225,2,0.008888888888888889,1.06,2.12,0,0.0,0,0.0,0.0,0.0,2026-02-03,0.0,0.0
"Sep 27, 2025 - Mar 17, 2026",PRODUCT TARGETING EXACT CAMPAIGN,295732523762026,ASIN Exact targeting,517907737835689,"asin=""B0DSCKBJLD""",TARGETING_EXPRESSION,basket and lather hair products,USD,42,2,0.047619047619047616,0.74,1.48,1,13.99,1,9.4527,1.48,0.0,2025-09-27,0.10578984989278055,0.5
"Oct 31, 2025 - Mar 16, 2026",PRODUCT TARGETING EXACT CAMPAIGN,295732523762026,ASIN Exact targeting,517907737835689,"asin-expanded=""B000V8MTIC""",TARGETING_EXPRESSION,B000JWM7E6,USD,192,1,0.005208333333333333,0.65,0.65,0,0.0,0,0.0,0.0,0.0,2025-10-31,0.0,0.0
"Sep 06, 2025 - Oct 27, 2025",BROAD MATCH CAMPAIGN,306896079483800,Broad Keyword,284907010614606,hair growth,BROAD,scalp stimulator hair growth oil,USD,393,2,0.005089058524173028,0.52,1.04,0,0.0,0,0.0,0.0,0.0,2025-09-06,0.0,0.0
"Sep 20, 2025 - Mar 20, 2026",PRODUCT TARGETING EXACT CAMPAIGN,295732523762026,ASIN Exact targeting,517907737835689,"asin=""B0DSCKBJLD""",TARGETING_EXPRESSION,bask and lather hair products,USD,3590,20,0.005571030640668524,0.822,16.44,2,33.98,2,2.06691,8.22,0.0,2025-09-20,0.48381400824014137,0.1
"Sep 23, 2025 - Nov 03, 2025",BROAD MATCH CAMPAIGN,306896079483800,Broad Keyword,284907010614606,hair moisturizer for dry hair,BROAD,hair balm,USD,425,1,0.002352941176470588,0.38,0.38,0,0.0,0,0.0,0.0,0.0,2025-09-23,0.0,0.0
"Sep 11, 2025 - Dec 06, 2025",PRODUCT TARGETING EXACT CAMPAIGN,295732523762026,ASIN Exact targeting,517907737835689,"asin-expanded=""B0DCX7628T""",TARGETING_EXPRESSION,B0DHX1MG2B,USD,5,2,0.4,0.75,1.5,0,0.0,0,0.0,0.0,0.0,2025-09-11,0.0,0.0
"Oct 01, 2025 - Oct 19, 2025",PRODUCT TARGETING EXACT CAMPAIGN,295732523762026,ASIN Exact targeting,517907737835689,"asin-expanded=""B0DW3YH4WH""",TARGETING_EXPRESSION,B0CFYS7M4L,USD,111,3,0.02702702702702703,0.4,1.2,0,0.0,0,0.0,0.0,0.0,2025-10-01,0.0,0.0
"Sep 08, 2025 - Mar 20, 2026",BROAD MATCH CAMPAIGN,306896079483800,Broad Keyword,284907010614606,hair growth oil,BROAD,chebe oil for hair growth,USD,772,10,0.012953367875647668,0.992,9.92,2,21.98,2,2.21573,4.96,0.0,2025-09-08,0.451319381255687,0.2
"Sep 12, 2025 - Nov 30, 2025",Batana Hair oil pharase Manual,292247191707127,Phrase Keywords,465120102858213,castor oil hair growth,PHRASE,castor oil for hair growth,USD,56,1,0.017857142857142856,0.45,0.45,0,0.0,0,0.0,0.0,0.0,2025-09-12,0.0,0.0
"Sep 10, 2025 - Jan 03, 2026",Auto Campaign 1 Signal Capture,468170906203317,Ad Group - Signal Capture,297953927298564,substitutes,TARGETING_EXPRESSION_PREDEFINED,B07FCXRPJ3,USD,60,1,0.016666666666666666,0.45,0.45,0,0.0,0,0.0,0.0,0.0,2025-09-10,0.0,0.0
"Sep 01, 2025 - Mar 20, 2026",Batana Hair oil Exact Manual,502286450850716,Exact Keywords,296070289941158,botana oil hair growth,EXACT,botana oil hair growth,USD,8701,86,0.009883921388346166,0.80907,69.58,4,39.96,4,0.5743,17.395,0.0,2025-09-01,1.7412412412412412,0.046511627906976744
"Aug 31, 2025 - Mar 19, 2026",Batana Hair oil pharase Manual,292247191707127,Phrase Keywords,465120102858213,rosemary oil for hair growth,PHRASE,mielle rosemary oil for hair growth organic,USD,195,1,0.005128205128205128,0.8,0.8,0,0.0,0,0.0,0.0,0.0,2025-08-31,0.0,0.0
"Jan 30, 2026 - Feb 06, 2026",Batana Oil Phrase Match,212832079341322,Batana Oil Phrase Match,450560731451216,hair growth,PHRASE,snidin hair growth spray,USD,373,2,0.005361930294906166,0.92,1.84,0,0.0,0,0.0,0.0,0.0,2026-01-30,0.0,0.0
"Sep 25, 2025 - Sep 25, 2025",Auto Campaign 1 Signal Capture,468170906203317,Ad Group - Signal Capture,297953927298564,loose-match,TARGETING_EXPRESSION_PREDEFINED,raw batana oil for hair growth: 100% natural batana oil from honduras prevent hair loss and enhances hair thickness for men & women,USD,0,1,0.0,0.55,0.55,0,0.0,0,0.0,0.0,0.0,2025-09-25,0.0,0.0
"Sep 21, 2025 - Sep 21, 2025",Auto Campaign 1 Signal Capture,468170906203317,Ad Group - Signal Capture,297953927298564,loose-match,TARGETING_EXPRESSION_PREDEFINED,best to grow edges,USD,1,1,1.0,0.44,0.44,0,0.0,0,0.0,0.0,0.0,2025-09-21,0.0,0.0
"Feb 04, 2026 - Feb 04, 2026",Auto Campaign 2 Cheap Discovery,163081140507766,Ad Group Cheap Discovery,391494289840856,loose-match,TARGETING_EXPRESSION_PREDEFINED,gooseberry hair oil,USD,1,1,1.0,0.66,0.66,0,0.0,0,0.0,0.0,0.0,2026-02-04,0.0,0.0
"Sep 08, 2025 - Dec 21, 2025",BROAD MATCH CAMPAIGN,306896079483800,Broad Keyword,284907010614606,hair growth oil,BROAD,pure majik hair growth oil,USD,21,1,0.047619047619047616,1.21,1.21,0,0.0,0,0.0,0.0,0.0,2025-09-08,0.0,0.0
"Sep 02, 2025 - Jan 17, 2026",Batana Hair oil pharase Manual,292247191707127,Phrase Keywords,465120102858213,hair growth oil,PHRASE,hair growth oils,USD,16,1,0.0625,0.75,0.75,0,0.0,0,0.0,0.0,0.0,2025-09-02,0.0,0.0
"Jul 04, 2025 - Jul 23, 2025",Auto Campaign 1 Signal Capture,468170906203317,Ad Group - Signal Capture,297953927298564,substitutes,TARGETING_EXPRESSION_PREDEFINED,B0F8B6DLBV,USD,109,1,0.009174311926605505,1.0,1.0,0,0.0,0,0.0,0.0,0.0,2025-07-04,0.0,0.0
"Aug 30, 2025 - Jan 22, 2026",Batana Hair oil pharase Manual,292247191707127,Phrase Keywords,465120102858213,hair moisturizer,PHRASE,optimum oil therapy hair moisturizer,USD,39,1,0.02564102564102564,0.41,0.41,0,0.0,0,0.0,0.0,0.0,2025-08-30,0.0,0.0
"Mar 09, 2026 - Mar 11, 2026",PRODUCT TARGETING EXACT CAMPAIGN,295732523762026,ASIN Exact targeting,517907737835689,"asin=""B01I2ZQJSG""",TARGETING_EXPRESSION,illumi hair mask,USD,2,1,0.5,0.8,0.8,0,0.0,0,0.0,0.0,0.0,2026-03-09,0.0,0.0
"Sep 03, 2025 - Mar 16, 2026",BROAD MATCH CAMPAIGN,306896079483800,Broad Keyword,284907010614606,batana oil,BROAD,levanta batana oil,USD,139,1,0.007194244604316547,0.82,0.82,0,0.0,0,0.0,0.0,0.0,2025-09-03,0.0,0.0
"Sep 07, 2025 - Dec 15, 2025",BROAD MATCH CAMPAIGN,306896079483800,Broad Keyword,284907010614606,hair growth oil,BROAD,untamed hair growth oil,USD,11,3,0.2727272727272727,1.84667,5.54,2,19.98,2,3.6065,2.77,0.0,2025-09-07,0.2772772772772773,0.6666666666666666
"Sep 05, 2025 - Jan 03, 2026",Auto Campaign 1 Signal Capture,468170906203317,Ad Group - Signal Capture,297953927298564,loose-match,TARGETING_EXPRESSION_PREDEFINED,biosilk oil,USD,26,1,0.038461538461538464,0.7,0.7,0,0.0,0,0.0,0.0,0.0,2025-09-05,0.0,0.0
"Sep 03, 2025 - Dec 06, 2025",Auto Campaign 1 Signal Capture,468170906203317,Ad Group - Signal Capture,297953927298564,loose-match,TARGETING_EXPRESSION_PREDEFINED,best edge growth for black women,USD,383,20,0.05221932114882506,0.413,8.26,0,0.0,0,0.0,0.0,0.0,2025-09-03,0.0,0.0
"Sep 07, 2025 - Sep 07, 2025",BROAD MATCH CAMPAIGN,306896079483800,Broad Keyword,284907010614606,hair growth,BROAD,hair growth oil essential,USD,1,1,1.0,1.04,1.04,0,0.0,0,0.0,0.0,0.0,2025-09-07,0.0,0.0
"Jan 22, 2026 - Jan 22, 2026",Auto Campaign 2 Cheap Discovery,163081140507766,Ad Group Cheap Discovery,391494289840856,loose-match,TARGETING_EXPRESSION_PREDEFINED,botana oil paste hair growth without washing hair,USD,1,1,1.0,1.98,1.98,0,0.0,0,0.0,0.0,0.0,2026-01-22,0.0,0.0
"Dec 10, 2025 - Dec 14, 2025",Auto Campaign 1 Signal Capture,468170906203317,Ad Group - Signal Capture,297953927298564,substitutes,TARGETING_EXPRESSION_PREDEFINED,B0BXP3T482,USD,2,1,0.5,0.55,0.55,0,0.0,0,0.0,0.0,0.0,2025-12-10,0.0,0.0
"Nov 15, 2025 - Dec 02, 2025",PRODUCT TARGETING EXPANDED CAMPAIGN,488143762344483,ASIN Expanded targeting,501339022401488,"asin-expanded=""B0DZDV2FLB""",TARGETING_EXPRESSION,B07NQHWHLM,USD,6,1,0.16666666666666666,0.5,0.5,0,0.0,0,0.0,0.0,0.0,2025-11-15,0.0,0.0
"Dec 31, 2025 - Jan 14, 2026",Auto Campaign 1 Signal Capture,468170906203317,Ad Group - Signal Capture,297953927298564,substitutes,TARGETING_EXPRESSION_PREDEFINED,B08MZFJNJ7,USD,2,1,0.5,0.5,0.5,0,0.0,0,0.0,0.0,0.0,2025-12-31,0.0,0.0
"Sep 08, 2025 - Mar 15, 2026",BROAD MATCH CAMPAIGN,306896079483800,Broad Keyword,284907010614606,hair growth oil,BROAD,hair growth herbs mix for oil,USD,303,1,0.0033003300330033004,0.9,0.9,0,0.0,0,0.0,0.0,0.0,2025-09-08,0.0,0.0
"Dec 07, 2025 - Dec 07, 2025",PRODUCT TARGETING EXACT CAMPAIGN,295732523762026,ASIN Exact targeting,517907737835689,"asin-expanded=""B0D6BMGP8Z""",TARGETING_EXPRESSION,B0FCZBP54X,USD,1,1,1.0,0.65,0.65,0,0.0,0,0.0,0.0,0.0,2025-12-07,0.0,0.0
"Sep 30, 2025 - Sep 30, 2025",BROAD MATCH CAMPAIGN,306896079483800,Broad Keyword,284907010614606,hair growth,BROAD,jasmine hair oil,USD,1,1,1.0,0.52,0.52,0,0.0,0,0.0,0.0,0.0,2025-09-30,0.0,0.0
"Sep 10, 2025 - Mar 06, 2026",PRODUCT TARGETING EXACT CAMPAIGN,295732523762026,ASIN Exact targeting,517907737835689,"asin-expanded=""B01I2ZQJSG""",TARGETING_EXPRESSION,B088PM8YLJ,USD,273,1,0.003663003663003663,0.3,0.3,1,11.99,1,39.96667,0.3,0.0,2025-09-10,0.0250208507089241,1.0
"Dec 25, 2025 - Jan 10, 2026",Batana Hair oil pharase Manual,292247191707127,Phrase Keywords,465120102858213,hair moisturizer,PHRASE,hair moisturizer gel,USD,2,1,0.5,0.8,0.8,0,0.0,0,0.0,0.0,0.0,2025-12-25,0.0,0.0
"Dec 15, 2025 - Feb 10, 2026",Batana Hair oil Exact Manual,502286450850716,Exact Keywords,296070289941158,hair growth products for black women,EXACT,hair growth products for black women,USD,471,4,0.008492569002123142,0.75,3.0,0,0.0,0,0.0,0.0,0.0,2025-12-15,0.0,0.0
"Feb 10, 2026 - Mar 14, 2026",Auto Campaign 1 Signal Capture,468170906203317,Ad Group - Signal Capture,297953927298564,close-match,TARGETING_EXPRESSION_PREDEFINED,women hair oil,USD,21,1,0.047619047619047616,0.9,0.9,0,0.0,0,0.0,0.0,0.0,2026-02-10,0.0,0.0
"Sep 20, 2025 - Mar 18, 2026",PRODUCT TARGETING EXACT CAMPAIGN,295732523762026,ASIN Exact targeting,517907737835689,"asin=""B0DSCKBJLD""",TARGETING_EXPRESSION,B0DSCKBJLD,USD,56770,373,0.006570371675180553,0.57936,216.1,21,313.79,21,1.45206,10.29048,0.0,2025-09-20,0.6886771407629305,0.05630026809651475
"Jul 08, 2025 - Dec 06, 2025",PRODUCT TARGETING EXACT CAMPAIGN,295732523762026,ASIN Exact targeting,517907737835689,"asin=""B0DCX7628T""",TARGETING_EXPRESSION,labanta,USD,186,1,0.005376344086021506,0.35,0.35,0,0.0,0,0.0,0.0,0.0,2025-07-08,0.0,0.0
"Oct 17, 2025 - Mar 15, 2026",PRODUCT TARGETING EXACT CAMPAIGN,295732523762026,ASIN Exact targeting,517907737835689,"asin-expanded=""B000V8MTIC""",TARGETING_EXPRESSION,B0CKTYV2PW,USD,50,1,0.02,0.51,0.51,0,0.0,0,0.0,0.0,0.0,2025-10-17,0.0,0.0
"Mar 16, 2026 - Mar 16, 2026",PRODUCT TARGETING EXACT CAMPAIGN,295732523762026,ASIN Exact targeting,517907737835689,"asin=""B0DGQCDWJY""",TARGETING_EXPRESSION,azure bantana natural hair growth oil,USD,1,1,1.0,1.25,1.25,0,0.0,0,0.0,0.0,0.0,2026-03-16,0.0,0.0
"Oct 25, 2025 - Nov 03, 2025",Auto Campaign 1 Signal Capture,468170906203317,Ad Group - Signal Capture,297953927298564,substitutes,TARGETING_EXPRESSION_PREDEFINED,B000142VNE,USD,5,2,0.4,0.45,0.9,0,0.0,0,0.0,0.0,0.0,2025-10-25,0.0,0.0
"Oct 18, 2025 - Oct 18, 2025",Auto Campaign 1 Signal Capture,468170906203317,Ad Group - Signal Capture,297953927298564,loose-match,TARGETING_EXPRESSION_PREDEFINED,luna leaf midnight oil,USD,1,1,1.0,0.45,0.45,0,0.0,0,0.0,0.0,0.0,2025-10-18,0.0,0.0
"Aug 04, 2025 - Jan 06, 2026",Auto Campaign 1 Signal Capture,468170906203317,Ad Group - Signal Capture,297953927298564,substitutes,TARGETING_EXPRESSION_PREDEFINED,B0F93YYGL1,USD,27,1,0.037037037037037035,0.5,0.5,0,0.0,0,0.0,0.0,0.0,2025-08-04,0.0,0.0
"Sep 03, 2025 - Dec 14, 2025",BROAD MATCH CAMPAIGN,306896079483800,Broad Keyword,284907010614606,batana oil hair,BROAD,batana and rosemary oil for hair growth,USD,37,1,0.02702702702702703,1.5,1.5,0,0.0,0,0.0,0.0,0.0,2025-09-03,0.0,0.0
"Aug 05, 2025 - Mar 18, 2026",Auto Campaign 1 Signal Capture,468170906203317,Ad Group - Signal Capture,297953927298564,substitutes,TARGETING_EXPRESSION_PREDEFINED,B00KC4A74I,USD,69,1,0.014492753623188406,0.5,0.5,0,0.0,0,0.0,0.0,0.0,2025-08-05,0.0,0.0
"Dec 09, 2025 - Dec 20, 2025",Batana Hair oil pharase Manual,292247191707127,Phrase Keywords,465120102858213,hair growth,PHRASE,alfaparf hair growth,USD,5,1,0.2,0.56,0.56,0,0.0,0,0.0,0.0,0.0,2025-12-09,0.0,0.0
"Sep 06, 2025 - Oct 18, 2025",BROAD MATCH CAMPAIGN,306896079483800,Broad Keyword,284907010614606,hair growth,BROAD,hair growth oil bio 7,USD,5,1,0.2,1.28,1.28,0,0.0,0,0.0,0.0,0.0,2025-09-06,0.0,0.0
"Aug 06, 2025 - Aug 06, 2025",Auto Campaign 1 Signal Capture,468170906203317,Ad Group - Signal Capture,297953927298564,substitutes,TARGETING_EXPRESSION_PREDEFINED,B0FGCYZP39,USD,2,1,0.5,0.7,0.7,0,0.0,0,0.0,0.0,0.0,2025-08-06,0.0,0.0
"Dec 02, 2025 - Dec 03, 2025",PRODUCT TARGETING EXPANDED CAMPAIGN,488143762344483,ASIN Expanded targeting,501339022401488,"asin-expanded=""B0CR1SYNNS""",TARGETING_EXPRESSION,B0BV8KFJYZ,USD,3,1,0.3333333333333333,0.5,0.5,0,0.0,0,0.0,0.0,0.0,2025-12-02,0.0,0.0
"Sep 05, 2025 - Nov 15, 2025",BROAD MATCH CAMPAIGN,306896079483800,Broad Keyword,284907010614606,hair growth,BROAD,madani hair growth oil,USD,21,1,0.047619047619047616,0.52,0.52,0,0.0,0,0.0,0.0,0.0,2025-09-05,0.0,0.0
"Sep 02, 2025 - Dec 15, 2025",BROAD MATCH CAMPAIGN,306896079483800,Broad Keyword,284907010614606,batana oil hair,BROAD,batana oil for hair growth dr sebi organic,USD,163,2,0.012269938650306749,1.295,2.59,0,0.0,0,0.0,0.0,0.0,2025-09-02,0.0,0.0
"Oct 22, 2025 - Dec 14, 2025",BROAD MATCH CAMPAIGN,306896079483800,Broad Keyword,284907010614606,batana oil hair,BROAD,cinnoir batana oil for hair growth,USD,21,1,0.047619047619047616,1.5,1.5,0,0.0,0,0.0,0.0,0.0,2025-10-22,0.0,0.0
"Sep 03, 2025 - Mar 11, 2026",BROAD MATCH CAMPAIGN,306896079483800,Broad Keyword,284907010614606,hair moisturizer for black women,BROAD,daily hair moisturizer for black women,USD,35,1,0.02857142857142857,1.35,1.35,0,0.0,0,0.0,0.0,0.0,2025-09-03,0.0,0.0
"Dec 07, 2025 - Mar 15, 2026",Batana Hair oil pharase Manual,292247191707127,Phrase Keywords,465120102858213,edge growth for black women,PHRASE,best edge growth for black women,USD,417,8,0.019184652278177457,0.53625,4.29,1,16.99,1,3.96037,4.29,0.0,2025-12-07,0.25250147145379637,0.125
"Sep 08, 2025 - Sep 23, 2025",BROAD MATCH CAMPAIGN,306896079483800,Broad Keyword,284907010614606,hair growth oil,BROAD,batana oil for hair growth dr sebi,USD,85,2,0.023529411764705882,0.745,1.49,0,0.0,0,0.0,0.0,0.0,2025-09-08,0.0,0.0
"Sep 29, 2025 - Feb 28, 2026",Auto Campaign 1 Signal Capture,468170906203317,Ad Group - Signal Capture,297953927298564,loose-match,TARGETING_EXPRESSION_PREDEFINED,curly hair oil,USD,5,1,0.2,0.45,0.45,0,0.0,0,0.0,0.0,0.0,2025-09-29,0.0,0.0
"Sep 27, 2025 - Feb 21, 2026",Auto Campaign 1 Signal Capture,468170906203317,Ad Group - Signal Capture,297953927298564,close-match,TARGETING_EXPRESSION_PREDEFINED,hair growth oil for natural hair,USD,12,1,0.08333333333333333,1.82,1.82,0,0.0,0,0.0,0.0,0.0,2025-09-27,0.0,0.0
"Sep 09, 2025 - Jan 01, 2026",PRODUCT TARGETING EXACT CAMPAIGN,295732523762026,ASIN Exact targeting,517907737835689,"asin-expanded=""B01I2ZQJSG""",TARGETING_EXPRESSION,B01M5KZTAQ,USD,15,1,0.06666666666666667,0.55,0.55,0,0.0,0,0.0,0.0,0.0,2025-09-09,0.0,0.0
"Jun 25, 2025 - Nov 02, 2025",Auto Campaign 1 Signal Capture,468170906203317,Ad Group - Signal Capture,297953927298564,substitutes,TARGETING_EXPRESSION_PREDEFINED,B0F4C19BXW,USD,64,1,0.015625,1.0,1.0,0,0.0,0,0.0,0.0,0.0,2025-06-25,0.0,0.0
"Oct 17, 2025 - Mar 16, 2026",BROAD MATCH CAMPAIGN,306896079483800,Broad Keyword,284907010614606,batana oil,BROAD,100% raw batana oil paste,USD,86,1,0.011627906976744186,1.08,1.08,0,0.0,0,0.0,0.0,0.0,2025-10-17,0.0,0.0
"Sep 05, 2025 - Jan 02, 2026",BROAD MATCH CAMPAIGN,306896079483800,Broad Keyword,284907010614606,hair growth,BROAD,lebanta hair growth,USD,3893,12,0.0030824556896994607,0.86083,10.33,2,26.98,2,2.61181,5.165,0.0,2025-09-05,0.382876204595997,0.16666666666666666
"Sep 08, 2025 - Jan 22, 2026",BROAD MATCH CAMPAIGN,306896079483800,Broad Keyword,284907010614606,hair grease for black hair growth,BROAD,hair grease for black hair growth,USD,943,5,0.005302226935312832,0.738,3.69,1,11.99,1,3.24932,3.69,0.0,2025-09-08,0.30775646371976645,0.2
"Sep 03, 2025 - Jan 18, 2026",BROAD MATCH CAMPAIGN,306896079483800,Broad Keyword,284907010614606,batana oil shampoo,BROAD,gypsophila batana oil shampoo,USD,61,2,0.03278688524590164,0.795,1.59,0,0.0,0,0.0,0.0,0.0,2025-09-03,0.0,0.0
"Aug 30, 2025 - Mar 19, 2026",Batana Hair oil Exact Manual,502286450850716,Exact Keywords,296070289941158,batana oil shampoo,EXACT,batana oil shampoo,USD,791,12,0.015170670037926675,0.6025,7.23,1,9.99,1,1.38174,7.23,0.0,2025-08-30,0.7237237237237237,0.08333333333333333
"Aug 31, 2025 - Sep 19, 2025",PRODUCT TARGETING EXACT CAMPAIGN,295732523762026,ASIN Exact targeting,517907737835689,"asin-expanded=""B0DZDV2FLB""",TARGETING_EXPRESSION,B0CFYS7M4L,USD,495,1,0.00202020202020202,0.55,0.55,0,0.0,0,0.0,0.0,0.0,2025-08-31,0.0,0.0
"Nov 03, 2025 - Jan 12, 2026",PRODUCT TARGETING EXACT CAMPAIGN,295732523762026,ASIN Exact targeting,517907737835689,"asin-expanded=""B000V8MTIC""",TARGETING_EXPRESSION,B078BYWZXK,USD,13,1,0.07692307692307693,0.6,0.6,0,0.0,0,0.0,0.0,0.0,2025-11-03,0.0,0.0
"Jan 23, 2026 - Jan 29, 2026",Batana Oil Exact Ranking,116719674392449,High Intent,417102371297812,"keyword-group=""Keywords related to your product category""",TARGETING_EXPRESSION,batana hair oil,USD,300,1,0.0033333333333333335,2.04,2.04,0,0.0,0,0.0,0.0,0.0,2026-01-23,0.0,0.0
"Nov 18, 2025 - Dec 01, 2025",PRODUCT TARGETING EXPANDED CAMPAIGN,488143762344483,ASIN Expanded targeting,501339022401488,"asin-expanded=""B000V8MTIC""",TARGETING_EXPRESSION,B07FDKLYPT,USD,2,1,0.5,0.5,0.5,0,0.0,0,0.0,0.0,0.0,2025-11-18,0.0,0.0
"Nov 15, 2025 - Mar 13, 2026",BROAD MATCH CAMPAIGN,306896079483800,Broad Keyword,284907010614606,hair growth,BROAD,wood scalp massager hair growth,USD,3,1,0.3333333333333333,0.75,0.75,0,0.0,0,0.0,0.0,0.0,2025-11-15,0.0,0.0
"Sep 23, 2025 - Sep 24, 2025",BROAD MATCH CAMPAIGN,306896079483800,Broad Keyword,284907010614606,extremely fast hair growth,BROAD,hair growth mask,USD,11,1,0.09090909090909091,1.12,1.12,0,0.0,0,0.0,0.0,0.0,2025-09-23,0.0,0.0
"Feb 05, 2026 - Feb 05, 2026",Auto Campaign 2 Cheap Discovery,163081140507766,Ad Group Cheap Discovery,391494289840856,loose-match,TARGETING_EXPRESSION_PREDEFINED,african black oil,USD,1,1,1.0,0.98,0.98,0,0.0,0,0.0,0.0,0.0,2026-02-05,0.0,0.0
"Jan 23, 2026 - Feb 06, 2026",Auto Campaign 2 Cheap Discovery,163081140507766,Ad Group Cheap Discovery,391494289840856,loose-match,TARGETING_EXPRESSION_PREDEFINED,bark and lather stimulating scalp and hair balm,USD,7,1,0.14285714285714285,0.94,0.94,0,0.0,0,0.0,0.0,0.0,2026-01-23,0.0,0.0
"Feb 08, 2026 - Feb 10, 2026",Auto Campaign 1 Signal Capture,468170906203317,Ad Group - Signal Capture,297953927298564,close-match,TARGETING_EXPRESSION_PREDEFINED,batana oil paste,USD,23,1,0.043478260869565216,1.58,1.58,0,0.0,0,0.0,0.0,0.0,2026-02-08,0.0,0.0
"Sep 19, 2025 - Mar 17, 2026",Batana Hair oil pharase Manual,292247191707127,Phrase Keywords,465120102858213,natural hair growth oil,PHRASE,bantana natural hair growth oil,USD,96,1,0.010416666666666666,0.33,0.33,0,0.0,0,0.0,0.0,0.0,2025-09-19,0.0,0.0
"Nov 27, 2025 - Mar 20, 2026",PRODUCT TARGETING EXACT CAMPAIGN,295732523762026,ASIN Exact targeting,517907737835689,"asin=""B0DSCKBJLD""",TARGETING_EXPRESSION,bask lather scalp stimulator,USD,14,1,0.07142857142857142,0.75,0.75,0,0.0,0,0.0,0.0,0.0,2025-11-27,0.0,0.0
"Jan 07, 2026 - Mar 20, 2026",BROAD MATCH CAMPAIGN,306896079483800,Broad Keyword,284907010614606,extremely fast hair growth,BROAD,hair growth,USD,47,1,0.02127659574468085,1.0,1.0,0,0.0,0,0.0,0.0,0.0,2026-01-07,0.0,0.0
"Sep 15, 2025 - Mar 17, 2026",BROAD MATCH CAMPAIGN,306896079483800,Broad Keyword,284907010614606,hair growth,BROAD,hair growth moisturizer for black women,USD,22,1,0.045454545454545456,1.71,1.71,0,0.0,0,0.0,0.0,0.0,2025-09-15,0.0,0.0
"Aug 29, 2025 - Aug 30, 2025",Batana Hair oil pharase Manual,292247191707127,Phrase Keywords,465120102858213,hair growth,PHRASE,gzarcwvn batana oil for hair growth,USD,1,1,1.0,0.71,0.71,1,9.99,1,14.07042,0.71,0.0,2025-08-29,0.07107107107107107,1.0
"Feb 18, 2026 - Mar 17, 2026",Batana Hair oil pharase Manual,292247191707127,Phrase Keywords,465120102858213,batana,PHRASE,aceite de batana para el crecimiento del cabello,USD,4,1,0.25,1.8,1.8,0,0.0,0,0.0,0.0,0.0,2026-02-18,0.0,0.0
"Sep 05, 2025 - Dec 15, 2025",BROAD MATCH CAMPAIGN,306896079483800,Broad Keyword,284907010614606,batana oil hair,BROAD,panda's promise batana oil for hair growth,USD,21,1,0.047619047619047616,1.5,1.5,0,0.0,0,0.0,0.0,0.0,2025-09-05,0.0,0.0
"Sep 26, 2025 - Dec 29, 2025",BROAD MATCH CAMPAIGN,306896079483800,Broad Keyword,284907010614606,hair oil for hair growth,BROAD,botana oil hair growth dr sebi,USD,13,1,0.07692307692307693,1.05,1.05,1,16.99,1,16.18095,1.05,0.0,2025-09-26,0.06180105944673338,1.0
"Sep 12, 2025 - Dec 30, 2025",PRODUCT TARGETING EXACT CAMPAIGN,295732523762026,ASIN Exact targeting,517907737835689,"asin-expanded=""B0DCX7628T""",TARGETING_EXPRESSION,B0D8NSB96W,USD,6,1,0.16666666666666666,0.75,0.75,0,0.0,0,0.0,0.0,0.0,2025-09-12,0.0,0.0
"Sep 05, 2025 - Nov 28, 2025",Batana Hair oil pharase Manual,292247191707127,Phrase Keywords,465120102858213,coconut oil for hair growth,PHRASE,coconut oil for hair growth,USD,54,1,0.018518518518518517,0.45,0.45,0,0.0,0,0.0,0.0,0.0,2025-09-05,0.0,0.0
"Jan 30, 2026 - Feb 05, 2026",Batana Oil Phrase Match,212832079341322,Batana Oil Phrase Match,450560731451216,growth,PHRASE,head massager for hair growth,USD,2,1,0.5,0.92,0.92,0,0.0,0,0.0,0.0,0.0,2026-01-30,0.0,0.0
"Sep 06, 2025 - Dec 19, 2025",BROAD MATCH CAMPAIGN,306896079483800,Broad Keyword,284907010614606,hair growth,BROAD,richgrand hair growth products,USD,602,4,0.006644518272425249,0.4475,1.79,0,0.0,0,0.0,0.0,0.0,2025-09-06,0.0,0.0
"Nov 18, 2025 - Dec 09, 2025",Auto Campaign 1 Signal Capture,468170906203317,Ad Group - Signal Capture,297953927298564,substitutes,TARGETING_EXPRESSION_PREDEFINED,as i am jamaican black castor oil water,USD,6,1,0.16666666666666666,0.55,0.55,0,0.0,0,0.0,0.0,0.0,2025-11-18,0.0,0.0
"Sep 22, 2025 - Mar 16, 2026",BROAD MATCH CAMPAIGN,306896079483800,Broad Keyword,284907010614606,hair growth oil,BROAD,korean hair growth oil,USD,83,1,0.012048192771084338,0.75,0.75,0,0.0,0,0.0,0.0,0.0,2025-09-22,0.0,0.0
"Sep 08, 2025 - Sep 11, 2025",BROAD MATCH CAMPAIGN,306896079483800,Broad Keyword,284907010614606,hair growth oil,BROAD,inats batana oil for hair growth,USD,37,1,0.02702702702702703,1.04,1.04,0,0.0,0,0.0,0.0,0.0,2025-09-08,0.0,0.0
"Sep 01, 2025 - Jan 12, 2026",Auto Campaign 1 Signal Capture,468170906203317,Ad Group - Signal Capture,297953927298564,loose-match,TARGETING_EXPRESSION_PREDEFINED,edge regrowth for black women,USD,103,4,0.038834951456310676,0.45,1.8,0,0.0,0,0.0,0.0,0.0,2025-09-01,0.0,0.0
"Feb 05, 2026 - Feb 05, 2026",Auto Campaign 2 Cheap Discovery,163081140507766,Ad Group Cheap Discovery,391494289840856,loose-match,TARGETING_EXPRESSION_PREDEFINED,keri oil original,USD,1,1,1.0,0.66,0.66,0,0.0,0,0.0,0.0,0.0,2026-02-05,0.0,0.0
"Nov 16, 2025 - Dec 15, 2025",BROAD MATCH CAMPAIGN,306896079483800,Broad Keyword,284907010614606,batana oil hair,BROAD,nature spell batana oil for hair growth,USD,43,1,0.023255813953488372,1.42,1.42,0,0.0,0,0.0,0.0,0.0,2025-11-16,0.0,0.0
"Sep 10, 2025 - Mar 04, 2026",PRODUCT TARGETING EXACT CAMPAIGN,295732523762026,ASIN Exact targeting,517907737835689,"asin-expanded=""B0DCX7628T""",TARGETING_EXPRESSION,B0DCX7628T,USD,3212,10,0.00311332503113325,0.657,6.57,1,9.99,1,1.52055,6.57,0.0,2025-09-10,0.6576576576576577,0.1
"Sep 28, 2025 - Jan 20, 2026",Batana Hair oil pharase Manual,292247191707127,Phrase Keywords,465120102858213,regrow edges for black women,PHRASE,regrow edges for black women,USD,125,7,0.056,0.42286,2.96,0,0.0,0,0.0,0.0,0.0,2025-09-28,0.0,0.0
"Dec 21, 2025 - Dec 22, 2025",BROAD MATCH CAMPAIGN,306896079483800,Broad Keyword,284907010614606,hair growth oil,BROAD,coconut oil hair growth products,USD,10,1,0.1,1.02,1.02,0,0.0,0,0.0,0.0,0.0,2025-12-21,0.0,0.0
"Nov 19, 2025 - Nov 19, 2025",BROAD MATCH CAMPAIGN,306896079483800,Broad Keyword,284907010614606,hair growth,BROAD,line for natural hair growth,USD,1,1,1.0,1.17,1.17,0,0.0,0,0.0,0.0,0.0,2025-11-19,0.0,0.0
"Nov 28, 2025 - Mar 14, 2026",PRODUCT TARGETING EXACT CAMPAIGN,295732523762026,ASIN Exact targeting,517907737835689,"asin-expanded=""B000V8MTIC""",TARGETING_EXPRESSION,B07NQLWYXW,USD,45,1,0.022222222222222223,0.24,0.24,0,0.0,0,0.0,0.0,0.0,2025-11-28,0.0,0.0
"Jan 15, 2026 - Jan 15, 2026",Batana Hair oil pharase Manual,292247191707127,Phrase Keywords,465120102858213,hair growth,PHRASE,hair growth strong hold gel,USD,1,1,1.0,0.65,0.65,0,0.0,0,0.0,0.0,0.0,2026-01-15,0.0,0.0
"Jan 26, 2026 - Feb 03, 2026",Batana Oil Phrase Match,212832079341322,Batana Oil Phrase Match,450560731451216,growth,PHRASE,batana oil for hair growth,USD,492,1,0.0020325203252032522,0.89,0.89,0,0.0,0,0.0,0.0,0.0,2026-01-26,0.0,0.0
"Jan 25, 2026 - Feb 05, 2026",Auto Campaign 2 Cheap Discovery,163081140507766,Ad Group Cheap Discovery,391494289840856,substitutes,TARGETING_EXPRESSION_PREDEFINED,B0FBLB1GXL,USD,22,1,0.045454545454545456,0.41,0.41,0,0.0,0,0.0,0.0,0.0,2026-01-25,0.0,0.0
"Sep 11, 2025 - Sep 12, 2025",BROAD MATCH CAMPAIGN,306896079483800,Broad Keyword,284907010614606,hair growth oil,BROAD,castor oil for hair growth roll on,USD,3,1,0.3333333333333333,0.71,0.71,0,0.0,0,0.0,0.0,0.0,2025-09-11,0.0,0.0
"Sep 08, 2025 - Jan 22, 2026",BROAD MATCH CAMPAIGN,306896079483800,Broad Keyword,284907010614606,hair growth oil,BROAD,butana oil for hair growth,USD,86,1,0.011627906976744186,1.35,1.35,0,0.0,0,0.0,0.0,0.0,2025-09-08,0.0,0.0
"Nov 23, 2025 - Dec 28, 2025",PRODUCT TARGETING EXACT CAMPAIGN,295732523762026,ASIN Exact targeting,517907737835689,"asin-expanded=""B0DCX7628T""",TARGETING_EXPRESSION,B0FJXTY6TP,USD,9,1,0.1111111111111111,0.6,0.6,0,0.0,0,0.0,0.0,0.0,2025-11-23,0.0,0.0
"Nov 19, 2025 - Dec 10, 2025",Auto Campaign 1 Signal Capture,468170906203317,Ad Group - Signal Capture,297953927298564,loose-match,TARGETING_EXPRESSION_PREDEFINED,hair care for black women,USD,2,1,0.5,0.49,0.49,0,0.0,0,0.0,0.0,0.0,2025-11-19,0.0,0.0
"Aug 31, 2025 - Mar 20, 2026",Batana Hair oil pharase Manual,292247191707127,Phrase Keywords,465120102858213,hair moisturizer,PHRASE,motions hair moisturizer,USD,166,1,0.006024096385542169,0.6,0.6,0,0.0,0,0.0,0.0,0.0,2025-08-31,0.0,0.0
"Sep 08, 2025 - Sep 23, 2025",BROAD MATCH CAMPAIGN,306896079483800,Broad Keyword,284907010614606,hair growth oil,BROAD,unrefined batana oil for hair growth,USD,50,1,0.02,0.9,0.9,0,0.0,0,0.0,0.0,0.0,2025-09-08,0.0,0.0
"Jul 04, 2025 - Mar 06, 2026",Auto Campaign 1 Signal Capture,468170906203317,Ad Group - Signal Capture,297953927298564,substitutes,TARGETING_EXPRESSION_PREDEFINED,B0DNSC4GRW,USD,127,1,0.007874015748031496,0.45,0.45,0,0.0,0,0.0,0.0,0.0,2025-07-04,0.0,0.0
"Oct 13, 2025 - Oct 13, 2025",Batana Hair oil pharase Manual,292247191707127,Phrase Keywords,465120102858213,hair moisturizer,PHRASE,natural hair moisturizer for black women no flaking,USD,2,1,0.5,0.5,0.5,0,0.0,0,0.0,0.0,0.0,2025-10-13,0.0,0.0
"Sep 06, 2025 - Sep 13, 2025",BROAD MATCH CAMPAIGN,306896079483800,Broad Keyword,284907010614606,hair growth,BROAD,biotin for hair growth women oil organic,USD,1,1,1.0,1.61,1.61,1,9.99,1,6.20497,1.61,0.0,2025-09-06,0.16116116116116116,1.0
"Jan 29, 2026 - Feb 06, 2026",Batana Oil Phrase Match,212832079341322,Batana Oil Phrase Match,450560731451216,growth,PHRASE,biotin for hair growth women,USD,16,1,0.0625,0.87,0.87,0,0.0,0,0.0,0.0,0.0,2026-01-29,0.0,0.0
"Sep 11, 2025 - Sep 11, 2025",BROAD MATCH CAMPAIGN,306896079483800,Broad Keyword,284907010614606,hair growth oil,BROAD,mamela batana oil for hair growth,USD,11,1,0.09090909090909091,1.04,1.04,0,0.0,0,0.0,0.0,0.0,2025-09-11,0.0,0.0
"Sep 03, 2025 - Dec 06, 2025",Auto Campaign 1 Signal Capture,468170906203317,Ad Group - Signal Capture,297953927298564,loose-match,TARGETING_EXPRESSION_PREDEFINED,khalida naturals edge control,USD,13,1,0.07692307692307693,0.55,0.55,0,0.0,0,0.0,0.0,0.0,2025-09-03,0.0,0.0
"Sep 08, 2025 - Dec 13, 2025",BROAD MATCH CAMPAIGN,306896079483800,Broad Keyword,284907010614606,hair growth oil,BROAD,banana oil for hair growth”,USD,11,2,0.18181818181818182,1.615,3.23,0,0.0,0,0.0,0.0,0.0,2025-09-08,0.0,0.0
"Jan 25, 2026 - Feb 05, 2026",Auto Campaign 2 Cheap Discovery,163081140507766,Ad Group Cheap Discovery,391494289840856,substitutes,TARGETING_EXPRESSION_PREDEFINED,B0DY7DCC24,USD,8,1,0.125,0.45,0.45,0,0.0,0,0.0,0.0,0.0,2026-01-25,0.0,0.0
"Sep 25, 2025 - Sep 25, 2025",BROAD MATCH CAMPAIGN,306896079483800,Broad Keyword,284907010614606,mens hair growth products,BROAD,best hair growth products,USD,2,1,0.5,0.86,0.86,0,0.0,0,0.0,0.0,0.0,2025-09-25,0.0,0.0
"Sep 06, 2025 - Dec 21, 2025",BROAD MATCH CAMPAIGN,306896079483800,Broad Keyword,284907010614606,hair growth,BROAD,loreal hair growth,USD,12,1,0.08333333333333333,0.62,0.62,0,0.0,0,0.0,0.0,0.0,2025-09-06,0.0,0.0
"Sep 23, 2025 - Sep 23, 2025",BROAD MATCH CAMPAIGN,306896079483800,Broad Keyword,284907010614606,hair moisturizer for men,BROAD,all natural hair moisturizer for black men,USD,5,1,0.2,0.91,0.91,0,0.0,0,0.0,0.0,0.0,2025-09-23,0.0,0.0
"Sep 05, 2025 - Sep 06, 2025",PRODUCT TARGETING EXACT CAMPAIGN,295732523762026,ASIN Exact targeting,517907737835689,"asin-expanded=""B0CMXF1NK3""",TARGETING_EXPRESSION,B07FCY7676,USD,16,1,0.0625,0.75,0.75,0,0.0,0,0.0,0.0,0.0,2025-09-05,0.0,0.0
"Sep 08, 2025 - Jan 22, 2026",PRODUCT TARGETING EXACT CAMPAIGN,295732523762026,ASIN Exact targeting,517907737835689,"asin-expanded=""B0DCX7628T""",TARGETING_EXPRESSION,B0DZDV2FLB,USD,441,4,0.009070294784580499,0.775,3.1,1,9.99,1,3.22258,3.1,0.0,2025-09-08,0.3103103103103103,0.25
"Sep 02, 2025 - Nov 06, 2025",PRODUCT TARGETING EXACT CAMPAIGN,295732523762026,ASIN Exact targeting,517907737835689,"asin-expanded=""B0CMXF1NK3""",TARGETING_EXPRESSION,B01N539G26,USD,56,2,0.03571428571428571,0.35,0.7,0,0.0,0,0.0,0.0,0.0,2025-09-02,0.0,0.0
"Jul 09, 2025 - Aug 07, 2025",Auto Campaign 1 Signal Capture,468170906203317,Ad Group - Signal Capture,297953927298564,substitutes,TARGETING_EXPRESSION_PREDEFINED,B0DCZCG8NV,USD,10,1,0.1,0.67,0.67,0,0.0,0,0.0,0.0,0.0,2025-07-09,0.0,0.0
"Jul 18, 2025 - Oct 21, 2025",Auto Campaign 1 Signal Capture,468170906203317,Ad Group - Signal Capture,297953927298564,close-match,TARGETING_EXPRESSION_PREDEFINED,honduran batana,USD,5,1,0.2,0.8,0.8,0,0.0,0,0.0,0.0,0.0,2025-07-18,0.0,0.0
"Jul 15, 2025 - Sep 17, 2025",Auto Campaign 1 Signal Capture,468170906203317,Ad Group - Signal Capture,297953927298564,substitutes,TARGETING_EXPRESSION_PREDEFINED,B0CN92Z1GT,USD,8,1,0.125,0.45,0.45,0,0.0,0,0.0,0.0,0.0,2025-07-15,0.0,0.0
"Sep 21, 2025 - Sep 23, 2025",BROAD MATCH CAMPAIGN,306896079483800,Broad Keyword,284907010614606,hair growth oil,BROAD,batana oil for hair growth vital strands,USD,2,1,0.5,0.66,0.66,0,0.0,0,0.0,0.0,0.0,2025-09-21,0.0,0.0
"Feb 24, 2026 - Feb 24, 2026",Auto Campaign 1 Signal Capture,468170906203317,Ad Group - Signal Capture,297953927298564,loose-match,TARGETING_EXPRESSION_PREDEFINED,are there any itchy scalp treatments that are suitable for all hair types,USD,1,1,1.0,3.8,3.8,0,0.0,0,0.0,0.0,0.0,2026-02-24,0.0,0.0
"Dec 13, 2025 - Mar 18, 2026",Auto Campaign 1 Signal Capture,468170906203317,Ad Group - Signal Capture,297953927298564,substitutes,TARGETING_EXPRESSION_PREDEFINED,B005H7I5E4,USD,121,1,0.008264462809917356,1.4,1.4,0,0.0,0,0.0,0.0,0.0,2025-12-13,0.0,0.0
"Sep 02, 2025 - Dec 14, 2025",BROAD MATCH CAMPAIGN,306896079483800,Broad Keyword,284907010614606,organic batana oil,BROAD,batana oil organic,USD,959,7,0.0072992700729927005,1.10143,7.71,2,19.98,2,2.59144,3.855,0.0,2025-09-02,0.38588588588588585,0.2857142857142857
"Feb 12, 2026 - Mar 16, 2026",Batana Hair oil pharase Manual,292247191707127,Phrase Keywords,465120102858213,batana,PHRASE,batana natural hair growth oil,USD,743,7,0.009421265141318977,2.42429,16.97,1,20.99,1,1.23689,16.97,0.0,2026-02-12,0.808480228680324,0.14285714285714285
"Dec 12, 2025 - Dec 14, 2025",BROAD MATCH CAMPAIGN,306896079483800,Broad Keyword,284907010614606,batana oil hair,BROAD,bieyoc batana oil for hair growth,USD,2,1,0.5,1.5,1.5,0,0.0,0,0.0,0.0,0.0,2025-12-12,0.0,0.0
"Sep 15, 2025 - Dec 11, 2025",BROAD MATCH CAMPAIGN,306896079483800,Broad Keyword,284907010614606,hair growth oil,BROAD,tropical isle jamaican hair growth oil,USD,2,1,0.5,1.35,1.35,0,0.0,0,0.0,0.0,0.0,2025-09-15,0.0,0.0
"Dec 29, 2025 - Dec 29, 2025",Batana Hair oil pharase Manual,292247191707127,Phrase Keywords,465120102858213,hair growth,PHRASE,top hair growth oils,USD,1,1,1.0,0.65,0.65,0,0.0,0,0.0,0.0,0.0,2025-12-29,0.0,0.0
"Sep 05, 2025 - Nov 05, 2025",BROAD MATCH CAMPAIGN,306896079483800,Broad Keyword,284907010614606,hair moisturizer for dry hair,BROAD,best moisturizer for 4c dry hair,USD,21,2,0.09523809523809523,1.07,2.14,0,0.0,0,0.0,0.0,0.0,2025-09-05,0.0,0.0
"Sep 05, 2025 - Sep 08, 2025",PRODUCT TARGETING EXACT CAMPAIGN,295732523762026,ASIN Exact targeting,517907737835689,"asin-expanded=""B0CMXF1NK3""",TARGETING_EXPRESSION,B0CCK45T56,USD,7,1,0.14285714285714285,0.55,0.55,0,0.0,0,0.0,0.0,0.0,2025-09-05,0.0,0.0
"Sep 12, 2025 - Sep 19, 2025",BROAD MATCH CAMPAIGN,306896079483800,Broad Keyword,284907010614606,hair growth oil,BROAD,natural oils for hair growth,USD,8,1,0.125,1.22,1.22,0,0.0,0,0.0,0.0,0.0,2025-09-12,0.0,0.0
"Sep 08, 2025 - Mar 11, 2026",BROAD MATCH CAMPAIGN,306896079483800,Broad Keyword,284907010614606,hair growth oil,BROAD,pumpkin seed oil hair growth,USD,29,1,0.034482758620689655,0.66,0.66,0,0.0,0,0.0,0.0,0.0,2025-09-08,0.0,0.0
"Jan 29, 2026 - Feb 05, 2026",Batana Oil Phrase Match,212832079341322,Batana Oil Phrase Match,450560731451216,growth,PHRASE,flaxseed gel for hair growth,USD,27,1,0.037037037037037035,0.92,0.92,0,0.0,0,0.0,0.0,0.0,2026-01-29,0.0,0.0
"Sep 20, 2025 - Sep 27, 2025",PRODUCT TARGETING EXACT CAMPAIGN,295732523762026,ASIN Exact targeting,517907737835689,"asin=""B0F245533J""",TARGETING_EXPRESSION,B0F245533J,USD,8,1,0.125,0.75,0.75,0,0.0,0,0.0,0.0,0.0,2025-09-20,0.0,0.0
"Sep 10, 2025 - Dec 31, 2025",PRODUCT TARGETING EXACT CAMPAIGN,295732523762026,ASIN Exact targeting,517907737835689,"asin-expanded=""B01I2ZQJSG""",TARGETING_EXPRESSION,B09HN971VV,USD,11,1,0.09090909090909091,0.5,0.5,0,0.0,0,0.0,0.0,0.0,2025-09-10,0.0,0.0
"Oct 30, 2025 - Mar 02, 2026",Batana Hair oil Exact Manual,502286450850716,Exact Keywords,296070289941158,batana oil for hair growth,EXACT,batana oil hair growth,USD,259,1,0.003861003861003861,0.77,0.77,0,0.0,0,0.0,0.0,0.0,2025-10-30,0.0,0.0
"Dec 08, 2025 - Jan 21, 2026",Batana Hair oil pharase Manual,292247191707127,Phrase Keywords,465120102858213,edge growth for black women,PHRASE,edge growth for black women,USD,112,7,0.0625,0.68714,4.81,0,0.0,0,0.0,0.0,0.0,2025-12-08,0.0,0.0
"Nov 12, 2025 - Dec 10, 2025",BROAD MATCH CAMPAIGN,306896079483800,Broad Keyword,284907010614606,hair growth,BROAD,scalp balm for hair growth,USD,3,1,0.3333333333333333,0.72,0.72,0,0.0,0,0.0,0.0,0.0,2025-11-12,0.0,0.0
"Sep 26, 2025 - Sep 30, 2025",PRODUCT TARGETING EXACT CAMPAIGN,295732523762026,ASIN Exact targeting,517907737835689,"asin-expanded=""B000V8MTIC""",TARGETING_EXPRESSION,B00J5RQ968,USD,18,1,0.05555555555555555,0.4,0.4,0,0.0,0,0.0,0.0,0.0,2025-09-26,0.0,0.0
"Sep 23, 2025 - Nov 10, 2025",BROAD MATCH CAMPAIGN,306896079483800,Broad Keyword,284907010614606,hair growth for natural hair,BROAD,hair growth products,USD,257,3,0.011673151750972763,0.59667,1.79,0,0.0,0,0.0,0.0,0.0,2025-09-23,0.0,0.0
"Mar 04, 2026 - Mar 04, 2026",Auto Campaign 1 Signal Capture,468170906203317,Ad Group - Signal Capture,297953927298564,loose-match,TARGETING_EXPRESSION_PREDEFINED,deep wave headband wigs human hair,USD,3,1,0.3333333333333333,0.84,0.84,0,0.0,0,0.0,0.0,0.0,2026-03-04,0.0,0.0
"Jan 10, 2026 - Jan 10, 2026",Auto Campaign 1 Signal Capture,468170906203317,Ad Group - Signal Capture,297953927298564,loose-match,TARGETING_EXPRESSION_PREDEFINED,karseell bnc collagen treatment conditioner,USD,1,1,1.0,0.5,0.5,0,0.0,0,0.0,0.0,0.0,2026-01-10,0.0,0.0
"Oct 21, 2025 - Jan 10, 2026",PRODUCT TARGETING EXACT CAMPAIGN,295732523762026,ASIN Exact targeting,517907737835689,"asin-expanded=""B01I2ZQJSG""",TARGETING_EXPRESSION,B0751LB83D,USD,17,1,0.058823529411764705,0.55,0.55,0,0.0,0,0.0,0.0,0.0,2025-10-21,0.0,0.0
"Sep 05, 2025 - Mar 19, 2026",BROAD MATCH CAMPAIGN,306896079483800,Broad Keyword,284907010614606,hair growth,BROAD,hair food for hair growth,USD,106,1,0.009433962264150943,0.52,0.52,0,0.0,0,0.0,0.0,0.0,2025-09-05,0.0,0.0
"Jan 30, 2026 - Jan 30, 2026",Batana Oil Phrase Match,212832079341322,Batana Oil Phrase Match,450560731451216,growth,PHRASE,mielle light rosemary oil for hair growth organic,USD,1,1,1.0,0.9,0.9,0,0.0,0,0.0,0.0,0.0,2026-01-30,0.0,0.0
"Jan 08, 2026 - Jan 18, 2026",Batana Hair oil pharase Manual,292247191707127,Phrase Keywords,465120102858213,hair growth,PHRASE,rennora hair growth serum,USD,5,1,0.2,0.64,0.64,0,0.0,0,0.0,0.0,0.0,2026-01-08,0.0,0.0
"Aug 05, 2025 - Aug 05, 2025",Auto Campaign 1 Signal Capture,468170906203317,Ad Group - Signal Capture,297953927298564,loose-match,TARGETING_EXPRESSION_PREDEFINED,curl cream with batana oil,USD,2,1,0.5,0.63,0.63,0,0.0,0,0.0,0.0,0.0,2025-08-05,0.0,0.0
"Sep 09, 2025 - Jan 11, 2026",BROAD MATCH CAMPAIGN,306896079483800,Broad Keyword,284907010614606,hair growth oil,BROAD,lebanta hair growth oil spray,USD,82,1,0.012195121951219513,0.68,0.68,0,0.0,0,0.0,0.0,0.0,2025-09-09,0.0,0.0
"Sep 09, 2025 - Mar 10, 2026",BROAD MATCH CAMPAIGN,306896079483800,Broad Keyword,284907010614606,hair growth oil,BROAD,vegan hair growth oil,USD,35,1,0.02857142857142857,1.0,1.0,0,0.0,0,0.0,0.0,0.0,2025-09-09,0.0,0.0
"Sep 06, 2025 - Oct 23, 2025",BROAD MATCH CAMPAIGN,306896079483800,Broad Keyword,284907010614606,hair growth,BROAD,patana oil for hair growth,USD,2,1,0.5,1.76,1.76,1,9.99,1,5.67614,1.76,0.0,2025-09-06,0.17617617617617617,1.0
"Mar 07, 2026 - Mar 09, 2026",Auto Campaign 1 Signal Capture,468170906203317,Ad Group - Signal Capture,297953927298564,substitutes,TARGETING_EXPRESSION_PREDEFINED,B07RYN7F2B,USD,4,1,0.25,1.05,1.05,0,0.0,0,0.0,0.0,0.0,2026-03-07,0.0,0.0
"Sep 16, 2025 - Nov 24, 2025",BROAD MATCH CAMPAIGN,306896079483800,Broad Keyword,284907010614606,hair thickening,BROAD,thickening hair products,USD,7,1,0.14285714285714285,0.52,0.52,0,0.0,0,0.0,0.0,0.0,2025-09-16,0.0,0.0
"Aug 06, 2025 - Oct 01, 2025",Auto Campaign 1 Signal Capture,468170906203317,Ad Group - Signal Capture,297953927298564,close-match,TARGETING_EXPRESSION_PREDEFINED,B004YRUYE2,USD,92,1,0.010869565217391304,0.8,0.8,0,0.0,0,0.0,0.0,0.0,2025-08-06,0.0,0.0
"Sep 02, 2025 - Jan 17, 2026",BROAD MATCH CAMPAIGN,306896079483800,Broad Keyword,284907010614606,hair growth oil,BROAD,long hair don't care growth oil,USD,55,1,0.01818181818181818,1.04,1.04,0,0.0,0,0.0,0.0,0.0,2025-09-02,0.0,0.0
"Mar 01, 2026 - Mar 01, 2026",Auto Campaign 1 Signal Capture,468170906203317,Ad Group - Signal Capture,297953927298564,loose-match,TARGETING_EXPRESSION_PREDEFINED,wish care hair growth serum,USD,1,1,1.0,1.49,1.49,0,0.0,0,0.0,0.0,0.0,2026-03-01,0.0,0.0
"Sep 21, 2025 - Sep 22, 2025",PRODUCT TARGETING EXACT CAMPAIGN,295732523762026,ASIN Exact targeting,517907737835689,"asin=""B0CJKSW96B""",TARGETING_EXPRESSION,dr miracle hair products,USD,5,1,0.2,0.75,0.75,0,0.0,0,0.0,0.0,0.0,2025-09-21,0.0,0.0
"Jan 30, 2026 - Jan 31, 2026",Batana Oil Phrase Match,212832079341322,Batana Oil Phrase Match,450560731451216,growth,PHRASE,hair growth moisturizer alopecia,USD,4,1,0.25,0.92,0.92,0,0.0,0,0.0,0.0,0.0,2026-01-30,0.0,0.0
"Sep 03, 2025 - Sep 27, 2025",BROAD MATCH CAMPAIGN,306896079483800,Broad Keyword,284907010614606,batana oil 100 pure,BROAD,100 percent pure batana oil,USD,4,1,0.25,2.78,2.78,0,0.0,0,0.0,0.0,0.0,2025-09-03,0.0,0.0
"Jan 22, 2026 - Mar 19, 2026",Auto Campaign 1 Signal Capture,468170906203317,Ad Group - Signal Capture,297953927298564,close-match,TARGETING_EXPRESSION_PREDEFINED,hair scalp oil,USD,28,1,0.03571428571428571,2.67,2.67,0,0.0,0,0.0,0.0,0.0,2026-01-22,0.0,0.0
"Sep 02, 2025 - Mar 14, 2026",BROAD MATCH CAMPAIGN,306896079483800,Broad Keyword,284907010614606,batana oil hair,BROAD,dola hair batana oil,USD,31,1,0.03225806451612903,0.9,0.9,0,0.0,0,0.0,0.0,0.0,2025-09-02,0.0,0.0
"Aug 01, 2025 - Mar 10, 2026",Auto Campaign 1 Signal Capture,468170906203317,Ad Group - Signal Capture,297953927298564,substitutes,TARGETING_EXPRESSION_PREDEFINED,bask and lather hair products,USD,281,1,0.0035587188612099642,0.5,0.5,0,0.0,0,0.0,0.0,0.0,2025-08-01,0.0,0.0
"Sep 02, 2025 - Jan 19, 2026",Batana Hair oil pharase Manual,292247191707127,Phrase Keywords,465120102858213,hair moisturizer,PHRASE,curly hair moisturizer,USD,122,1,0.00819672131147541,0.7,0.7,0,0.0,0,0.0,0.0,0.0,2025-09-02,0.0,0.0
"Nov 19, 2025 - Dec 17, 2025",BROAD MATCH CAMPAIGN,306896079483800,Broad Keyword,284907010614606,hair growth oil,BROAD,camilla rose hair growth oil,USD,5,1,0.2,0.75,0.75,0,0.0,0,0.0,0.0,0.0,2025-11-19,0.0,0.0
"Sep 09, 2025 - Nov 08, 2025",PRODUCT TARGETING EXACT CAMPAIGN,295732523762026,ASIN Exact targeting,517907737835689,"asin-expanded=""B0D6BMGP8Z""",TARGETING_EXPRESSION,B000XI8Z5Q,USD,148,1,0.006756756756756757,0.4,0.4,0,0.0,0,0.0,0.0,0.0,2025-09-09,0.0,0.0
"Dec 29, 2025 - Dec 29, 2025",Batana Hair oil pharase Manual,292247191707127,Phrase Keywords,465120102858213,hair moisturizer,PHRASE,doux hair moisturizers products,USD,1,1,1.0,0.72,0.72,1,16.99,1,23.59722,0.72,0.0,2025-12-29,0.04237786933490289,1.0
"Sep 07, 2025 - Oct 21, 2025",BROAD MATCH CAMPAIGN,306896079483800,Broad Keyword,284907010614606,hair growth,BROAD,cinnamon oil for hair growth,USD,10,1,0.1,0.52,0.52,0,0.0,0,0.0,0.0,0.0,2025-09-07,0.0,0.0
"Nov 12, 2025 - Mar 14, 2026",BROAD MATCH CAMPAIGN,306896079483800,Broad Keyword,284907010614606,hair growth,BROAD,skala hair growth products,USD,60,1,0.016666666666666666,0.82,0.82,0,0.0,0,0.0,0.0,0.0,2025-11-12,0.0,0.0
"Nov 19, 2025 - Nov 19, 2025",Auto Campaign 1 Signal Capture,468170906203317,Ad Group - Signal Capture,297953927298564,loose-match,TARGETING_EXPRESSION_PREDEFINED,edge control for african americans,USD,1,1,1.0,0.45,0.45,0,0.0,0,0.0,0.0,0.0,2025-11-19,0.0,0.0
"Sep 10, 2025 - Sep 10, 2025",BROAD MATCH CAMPAIGN,306896079483800,Broad Keyword,284907010614606,hair growth oil,BROAD,oil for soothing and growth hair,USD,1,1,1.0,1.35,1.35,0,0.0,0,0.0,0.0,0.0,2025-09-10,0.0,0.0
"Sep 12, 2025 - Jan 01, 2026",BROAD MATCH CAMPAIGN,306896079483800,Broad Keyword,284907010614606,hair growth oil,BROAD,life wit queen p hair growth oil,USD,6,1,0.16666666666666666,0.82,0.82,0,0.0,0,0.0,0.0,0.0,2025-09-12,0.0,0.0
"Oct 20, 2025 - Nov 12, 2025",Auto Campaign 1 Signal Capture,468170906203317,Ad Group - Signal Capture,297953927298564,substitutes,TARGETING_EXPRESSION_PREDEFINED,B0F7XQ9WK9,USD,2,1,0.5,0.21,0.21,0,0.0,0,0.0,0.0,0.0,2025-10-20,0.0,0.0
"Mar 06, 2026 - Mar 06, 2026",BROAD MATCH CAMPAIGN,306896079483800,Broad Keyword,284907010614606,cold press batana,BROAD,azure cold pressed batana,USD,1,1,1.0,0.5,0.5,0,0.0,0,0.0,0.0,0.0,2026-03-06,0.0,0.0
"Feb 01, 2026 - Feb 01, 2026",Auto Campaign 2 Cheap Discovery,163081140507766,Ad Group Cheap Discovery,391494289840856,loose-match,TARGETING_EXPRESSION_PREDEFINED,raw banta oil no rinse out,USD,1,1,1.0,0.65,0.65,0,0.0,0,0.0,0.0,0.0,2026-02-01,0.0,0.0
"Mar 14, 2026 - Mar 14, 2026",PRODUCT TARGETING EXACT CAMPAIGN,295732523762026,ASIN Exact targeting,517907737835689,"asin=""B0DSCKBJLD""",TARGETING_EXPRESSION,natural hair butter,USD,2,1,0.5,1.08,1.08,0,0.0,0,0.0,0.0,0.0,2026-03-14,0.0,0.0
"Mar 03, 2026 - Mar 04, 2026",Auto Campaign 1 Signal Capture,468170906203317,Ad Group - Signal Capture,297953927298564,loose-match,TARGETING_EXPRESSION_PREDEFINED,supergrow hair grease,USD,44,1,0.022727272727272728,1.19,1.19,0,0.0,0,0.0,0.0,0.0,2026-03-03,0.0,0.0
"Sep 09, 2025 - Jan 07, 2026",PRODUCT TARGETING EXACT CAMPAIGN,295732523762026,ASIN Exact targeting,517907737835689,"asin-expanded=""B0D6BMGP8Z""",TARGETING_EXPRESSION,B07HYZCNKT,USD,66,2,0.030303030303030304,0.55,1.1,0,0.0,0,0.0,0.0,0.0,2025-09-09,0.0,0.0
"Mar 03, 2026 - Mar 04, 2026",Auto Campaign 1 Signal Capture,468170906203317,Ad Group - Signal Capture,297953927298564,loose-match,TARGETING_EXPRESSION_PREDEFINED,27 pieces human hair quick weave pixie,USD,7,1,0.14285714285714285,0.9,0.9,0,0.0,0,0.0,0.0,0.0,2026-03-03,0.0,0.0
"Jul 22, 2025 - Mar 09, 2026",Auto Campaign 1 Signal Capture,468170906203317,Ad Group - Signal Capture,297953927298564,substitutes,TARGETING_EXPRESSION_PREDEFINED,B0F4H9GZC2,USD,11,1,0.09090909090909091,0.75,0.75,0,0.0,0,0.0,0.0,0.0,2025-07-22,0.0,0.0
"Sep 04, 2025 - Mar 14, 2026",BROAD MATCH CAMPAIGN,306896079483800,Broad Keyword,284907010614606,hair growth oil,BROAD,wild growth hair oil extra strength,USD,224,1,0.004464285714285714,1.0,1.0,0,0.0,0,0.0,0.0,0.0,2025-09-04,0.0,0.0
"Dec 27, 2025 - Dec 31, 2025",Auto Campaign 1 Signal Capture,468170906203317,Ad Group - Signal Capture,297953927298564,substitutes,TARGETING_EXPRESSION_PREDEFINED,B00GMOY9HI,USD,3,1,0.3333333333333333,0.5,0.5,1,67.96,4,135.92,0.5,0.0,2025-12-27,0.007357268981753973,1.0
"Aug 03, 2025 - Aug 06, 2025",Auto Campaign 1 Signal Capture,468170906203317,Ad Group - Signal Capture,297953927298564,close-match,TARGETING_EXPRESSION_PREDEFINED,luxmiel raw batana,USD,3,2,0.6666666666666666,0.47,0.94,0,0.0,0,0.0,0.0,0.0,2025-08-03,0.0,0.0
"Dec 10, 2025 - Dec 27, 2025",PRODUCT TARGETING EXACT CAMPAIGN,295732523762026,ASIN Exact targeting,517907737835689,"asin-expanded=""B006FJPKT6""",TARGETING_EXPRESSION,B0BGJPVH38,USD,55,2,0.03636363636363636,0.65,1.3,0,0.0,0,0.0,0.0,0.0,2025-12-10,0.0,0.0
"Jan 11, 2026 - Jan 11, 2026",Batana Hair oil pharase Manual,292247191707127,Phrase Keywords,465120102858213,hair growth,PHRASE,ghe method hair growth,USD,1,1,1.0,0.18,0.18,0,0.0,0,0.0,0.0,0.0,2026-01-11,0.0,0.0
"Nov 25, 2025 - Jan 23, 2026",Batana Hair oil pharase Manual,292247191707127,Phrase Keywords,465120102858213,batana oil for hair,PHRASE,botanix batana oil for hair growth,USD,41,1,0.024390243902439025,0.65,0.65,0,0.0,0,0.0,0.0,0.0,2025-11-25,0.0,0.0
"Sep 02, 2025 - Mar 05, 2026",Auto Campaign 1 Signal Capture,468170906203317,Ad Group - Signal Capture,297953927298564,substitutes,TARGETING_EXPRESSION_PREDEFINED,B0DGQTPGT9,USD,433,3,0.006928406466512702,0.55,1.65,0,0.0,0,0.0,0.0,0.0,2025-09-02,0.0,0.0
"Jan 21, 2026 - Feb 04, 2026",Auto Campaign 2 Cheap Discovery,163081140507766,Ad Group Cheap Discovery,391494289840856,loose-match,TARGETING_EXPRESSION_PREDEFINED,african pride hair oil,USD,4,1,0.25,0.99,0.99,0,0.0,0,0.0,0.0,0.0,2026-01-21,0.0,0.0
"Sep 08, 2025 - Mar 11, 2026",BROAD MATCH CAMPAIGN,306896079483800,Broad Keyword,284907010614606,hair growth oil,BROAD,indian hair growth oil,USD,462,3,0.006493506493506494,0.92,2.76,0,0.0,0,0.0,0.0,0.0,2025-09-08,0.0,0.0
"Sep 05, 2025 - Dec 21, 2025",Auto Campaign 1 Signal Capture,468170906203317,Ad Group - Signal Capture,297953927298564,loose-match,TARGETING_EXPRESSION_PREDEFINED,bask and lather edge control,USD,727,1,0.001375515818431912,0.45,0.45,0,0.0,0,0.0,0.0,0.0,2025-09-05,0.0,0.0
"Oct 12, 2025 - Jan 15, 2026",Batana Hair oil pharase Manual,292247191707127,Phrase Keywords,465120102858213,hair moisturizer,PHRASE,all natural hair moisturizer for black women,USD,4,1,0.25,0.6,0.6,0,0.0,0,0.0,0.0,0.0,2025-10-12,0.0,0.0
"Jul 21, 2025 - Feb 18, 2026",Auto Campaign 1 Signal Capture,468170906203317,Ad Group - Signal Capture,297953927298564,close-match,TARGETING_EXPRESSION_PREDEFINED,natural batana oil,USD,62,1,0.016129032258064516,1.23,1.23,2,44.97,3,36.56098,0.615,0.0,2025-07-21,0.027351567711807873,2.0
"Sep 03, 2025 - Sep 04, 2025",BROAD MATCH CAMPAIGN,306896079483800,Broad Keyword,284907010614606,batana oil hair,BROAD,quorra raw batana oil for hair growth,USD,1,1,1.0,0.95,0.95,0,0.0,0,0.0,0.0,0.0,2025-09-03,0.0,0.0
"Feb 12, 2026 - Mar 02, 2026",Batana Hair oil pharase Manual,292247191707127,Phrase Keywords,465120102858213,batana,PHRASE,batana oil for hair growth,USD,903,4,0.004429678848283499,2.5,10.0,0,0.0,0,0.0,0.0,0.0,2026-02-12,0.0,0.0
"Sep 26, 2025 - Sep 26, 2025",Auto Campaign 1 Signal Capture,468170906203317,Ad Group - Signal Capture,297953927298564,loose-match,TARGETING_EXPRESSION_PREDEFINED,jamaican black castor oil grease with rosemary,USD,1,1,1.0,0.44,0.44,0,0.0,0,0.0,0.0,0.0,2025-09-26,0.0,0.0
"Jan 23, 2026 - Jan 28, 2026",Batana Oil Exact Ranking,116719674392449,High Intent,417102371297812,"keyword-group=""Keywords related to your product category""",TARGETING_EXPRESSION,hot oil treatment for black hair,USD,47,1,0.02127659574468085,2.04,2.04,0,0.0,0,0.0,0.0,0.0,2026-01-23,0.0,0.0
"Jan 23, 2026 - Jan 27, 2026",Batana Oil Exact Ranking,116719674392449,High Intent,417102371297812,"keyword-group=""Keywords related to your product category""",TARGETING_EXPRESSION,hot oil treatment,USD,155,3,0.01935483870967742,1.98667,5.96,0,0.0,0,0.0,0.0,0.0,2026-01-23,0.0,0.0
"Sep 07, 2025 - Dec 10, 2025",PRODUCT TARGETING EXACT CAMPAIGN,295732523762026,ASIN Exact targeting,517907737835689,"asin=""B0DW3YH4WH""",TARGETING_EXPRESSION,B0DW3YH4WH,USD,354,1,0.002824858757062147,0.55,0.55,0,0.0,0,0.0,0.0,0.0,2025-09-07,0.0,0.0
"Sep 10, 2025 - Nov 07, 2025",PRODUCT TARGETING EXACT CAMPAIGN,295732523762026,ASIN Exact targeting,517907737835689,"asin-expanded=""B01I2ZQJSG""",TARGETING_EXPRESSION,B0DTD6WZ6H,USD,12,1,0.08333333333333333,0.55,0.55,0,0.0,0,0.0,0.0,0.0,2025-09-10,0.0,0.0
"Sep 03, 2025 - Dec 15, 2025",BROAD MATCH CAMPAIGN,306896079483800,Broad Keyword,284907010614606,batana oil hair,BROAD,gzarcwvn batana oil for hair growth,USD,42,1,0.023809523809523808,0.9,0.9,0,0.0,0,0.0,0.0,0.0,2025-09-03,0.0,0.0
"Sep 26, 2025 - Mar 13, 2026",PRODUCT TARGETING EXACT CAMPAIGN,295732523762026,ASIN Exact targeting,517907737835689,"asin=""B0CJKSW96B""",TARGETING_EXPRESSION,best hair moisturizer for black hair,USD,3,1,0.3333333333333333,0.6,0.6,0,0.0,0,0.0,0.0,0.0,2025-09-26,0.0,0.0
"Sep 05, 2025 - Mar 10, 2026",BROAD MATCH CAMPAIGN,306896079483800,Broad Keyword,284907010614606,hair growth,BROAD,bantana natural hair growth oil,USD,232,4,0.017241379310344827,0.925,3.7,0,0.0,0,0.0,0.0,0.0,2025-09-05,0.0,0.0
"Sep 27, 2025 - Sep 27, 2025",Auto Campaign 1 Signal Capture,468170906203317,Ad Group - Signal Capture,297953927298564,loose-match,TARGETING_EXPRESSION_PREDEFINED,most effective hair growth products,USD,1,1,1.0,0.55,0.55,0,0.0,0,0.0,0.0,0.0,2025-09-27,0.0,0.0
"Jan 15, 2026 - Jan 15, 2026",Batana Hair oil pharase Manual,292247191707127,Phrase Keywords,465120102858213,hair growth,PHRASE,braids for hair growth,USD,1,1,1.0,0.18,0.18,0,0.0,0,0.0,0.0,0.0,2026-01-15,0.0,0.0
"Oct 17, 2025 - Jan 20, 2026",Auto Campaign 1 Signal Capture,468170906203317,Ad Group - Signal Capture,297953927298564,substitutes,TARGETING_EXPRESSION_PREDEFINED,B0FTFH73V3,USD,6,1,0.16666666666666666,0.4,0.4,1,11.99,1,29.975,0.4,0.0,2025-10-17,0.03336113427856547,1.0
"Feb 25, 2026 - Feb 25, 2026",Batana Hair oil pharase Manual,292247191707127,Phrase Keywords,465120102858213,batana,PHRASE,batana gel for hair,USD,2,1,0.5,1.31,1.31,0,0.0,0,0.0,0.0,0.0,2026-02-25,0.0,0.0
"Sep 24, 2025 - Mar 16, 2026",PRODUCT TARGETING EXACT CAMPAIGN,295732523762026,ASIN Exact targeting,517907737835689,"asin=""B0DSCKBJLD""",TARGETING_EXPRESSION,stimulating scalp and hair balm,USD,471,3,0.006369426751592357,0.5,1.5,1,13.99,1,9.32667,1.5,0.0,2025-09-24,0.10721944245889921,0.3333333333333333
"Feb 13, 2026 - Mar 02, 2026",Batana Hair oil pharase Manual,292247191707127,Phrase Keywords,465120102858213,batana oil,PHRASE,cold pressed batana oil for hair growth,USD,2,1,0.5,3.08,3.08,0,0.0,0,0.0,0.0,0.0,2026-02-13,0.0,0.0
"Dec 30, 2025 - Dec 30, 2025",Auto Campaign 1 Signal Capture,468170906203317,Ad Group - Signal Capture,297953927298564,close-match,TARGETING_EXPRESSION_PREDEFINED,shiny moisturizer for hair,USD,1,1,1.0,0.45,0.45,0,0.0,0,0.0,0.0,0.0,2025-12-30,0.0,0.0
"Jul 18, 2025 - Jul 18, 2025",Auto Campaign 1 Signal Capture,468170906203317,Ad Group - Signal Capture,297953927298564,loose-match,TARGETING_EXPRESSION_PREDEFINED,varana aseite,USD,1,1,1.0,0.4,0.4,0,0.0,0,0.0,0.0,0.0,2025-07-18,0.0,0.0
"Sep 03, 2025 - Dec 07, 2025",BROAD MATCH CAMPAIGN,306896079483800,Broad Keyword,284907010614606,hair growth,BROAD,hair growth products,USD,1910,17,0.008900523560209424,0.67706,11.51,0,0.0,0,0.0,0.0,0.0,2025-09-03,0.0,0.0
"Jan 31, 2026 - Feb 05, 2026",Batana Oil Phrase Match,212832079341322,Batana Oil Phrase Match,450560731451216,growth,PHRASE,best batana oil for hair growth,USD,4,1,0.25,0.92,0.92,0,0.0,0,0.0,0.0,0.0,2026-01-31,0.0,0.0
"Dec 10, 2025 - Dec 15, 2025",PRODUCT TARGETING EXACT CAMPAIGN,295732523762026,ASIN Exact targeting,517907737835689,"asin-expanded=""B0DCX7628T""",TARGETING_EXPRESSION,B0FVXVCBXW,USD,8,1,0.125,0.73,0.73,0,0.0,0,0.0,0.0,0.0,2025-12-10,0.0,0.0
"Sep 07, 2025 - Nov 21, 2025",Batana Hair oil pharase Manual,292247191707127,Phrase Keywords,465120102858213,hair moisturizer,PHRASE,boys hair moisturizer,USD,3,1,0.3333333333333333,0.64,0.64,0,0.0,0,0.0,0.0,0.0,2025-09-07,0.0,0.0
"Aug 30, 2025 - Sep 24, 2025",Auto Campaign 1 Signal Capture,468170906203317,Ad Group - Signal Capture,297953927298564,substitutes,TARGETING_EXPRESSION_PREDEFINED,B0FK12KCN5,USD,439,1,0.002277904328018223,0.6,0.6,0,0.0,0,0.0,0.0,0.0,2025-08-30,0.0,0.0
"Aug 30, 2025 - Mar 19, 2026",Batana Hair oil pharase Manual,292247191707127,Phrase Keywords,465120102858213,hair moisturizer,PHRASE,hair moisturizer for black men,USD,107,1,0.009345794392523364,0.55,0.55,0,0.0,0,0.0,0.0,0.0,2025-08-30,0.0,0.0
"Feb 28, 2026 - Feb 28, 2026",Auto Campaign 1 Signal Capture,468170906203317,Ad Group - Signal Capture,297953927298564,loose-match,TARGETING_EXPRESSION_PREDEFINED,hair+growth+products+for+black+women,USD,1,1,1.0,2.56,2.56,0,0.0,0,0.0,0.0,0.0,2026-02-28,0.0,0.0
"Dec 04, 2025 - Dec 04, 2025",BROAD MATCH CAMPAIGN,306896079483800,Broad Keyword,284907010614606,hair growth,BROAD,green tea hair growth,USD,1,1,1.0,0.82,0.82,0,0.0,0,0.0,0.0,0.0,2025-12-04,0.0,0.0
"Dec 05, 2025 - Dec 05, 2025",Auto Campaign 1 Signal Capture,468170906203317,Ad Group - Signal Capture,297953927298564,loose-match,TARGETING_EXPRESSION_PREDEFINED,pomade for natural hair breakage shedding,USD,1,1,1.0,0.5,0.5,0,0.0,0,0.0,0.0,0.0,2025-12-05,0.0,0.0
"Feb 04, 2026 - Feb 04, 2026",Auto Campaign 2 Cheap Discovery,163081140507766,Ad Group Cheap Discovery,391494289840856,loose-match,TARGETING_EXPRESSION_PREDEFINED,botana oil leave in,USD,1,1,1.0,0.99,0.99,0,0.0,0,0.0,0.0,0.0,2026-02-04,0.0,0.0
"Sep 03, 2025 - Oct 21, 2025",PRODUCT TARGETING EXACT CAMPAIGN,295732523762026,ASIN Exact targeting,517907737835689,"asin-expanded=""B0DL5LB7JH""",TARGETING_EXPRESSION,B00ZGC8X2E,USD,50,2,0.04,0.38,0.76,0,0.0,0,0.0,0.0,0.0,2025-09-03,0.0,0.0
"Jun 27, 2025 - Mar 02, 2026",Auto Campaign 1 Signal Capture,468170906203317,Ad Group - Signal Capture,297953927298564,close-match,TARGETING_EXPRESSION_PREDEFINED,batana oil,USD,2238,8,0.0035746201966041107,1.27875,10.23,0,0.0,0,0.0,0.0,0.0,2025-06-27,0.0,0.0
"Dec 27, 2025 - Mar 05, 2026",PRODUCT TARGETING EXACT CAMPAIGN,295732523762026,ASIN Exact targeting,517907737835689,"asin-expanded=""B01I2ZQJSG""",TARGETING_EXPRESSION,B07WYY6KKC,USD,8,1,0.125,0.82,0.82,0,0.0,0,0.0,0.0,0.0,2025-12-27,0.0,0.0
"Sep 23, 2025 - Dec 05, 2025",BROAD MATCH CAMPAIGN,306896079483800,Broad Keyword,284907010614606,mens hair growth products,BROAD,hair growth products,USD,1884,10,0.005307855626326964,1.071,10.71,2,23.98,2,2.23903,5.355,0.0,2025-09-23,0.44662218515429525,0.2
"Sep 23, 2025 - Jan 21, 2026",BROAD MATCH CAMPAIGN,306896079483800,Broad Keyword,284907010614606,hair grease for black hair growth,BROAD,hair grease for black hair,USD,208,6,0.028846153846153848,0.69833,4.19,0,0.0,0,0.0,0.0,0.0,2025-09-23,0.0,0.0
"Nov 19, 2025 - Nov 21, 2025",BROAD MATCH CAMPAIGN,306896079483800,Broad Keyword,284907010614606,hair growth,BROAD,tratamiento para la caída del cabello,USD,2,1,0.5,0.43,0.43,0,0.0,0,0.0,0.0,0.0,2025-11-19,0.0,0.0
"Jul 04, 2025 - Dec 12, 2025",Auto Campaign 1 Signal Capture,468170906203317,Ad Group - Signal Capture,297953927298564,substitutes,TARGETING_EXPRESSION_PREDEFINED,B0F7HQ731W,USD,9,1,0.1111111111111111,1.0,1.0,0,0.0,0,0.0,0.0,0.0,2025-07-04,0.0,0.0
"Sep 07, 2025 - Jan 19, 2026",BROAD MATCH CAMPAIGN,306896079483800,Broad Keyword,284907010614606,batana oil,BROAD,difeel batana oil,USD,58,1,0.017241379310344827,0.52,0.52,0,0.0,0,0.0,0.0,0.0,2025-09-07,0.0,0.0
"Feb 12, 2026 - Feb 28, 2026",Batana Hair oil pharase Manual,292247191707127,Phrase Keywords,465120102858213,batana,PHRASE,batana oil,USD,2017,10,0.00495785820525533,1.89,18.9,3,47.48,3,2.51217,6.3,0.0,2026-02-12,0.3980623420387532,0.3
"Sep 12, 2025 - Jan 04, 2026",BROAD MATCH CAMPAIGN,306896079483800,Broad Keyword,284907010614606,hair growth oil,BROAD,hair growth oil for black hair,USD,13,1,0.07692307692307693,1.04,1.04,0,0.0,0,0.0,0.0,0.0,2025-09-12,0.0,0.0
"Nov 18, 2025 - Dec 27, 2025",Auto Campaign 1 Signal Capture,468170906203317,Ad Group - Signal Capture,297953927298564,substitutes,TARGETING_EXPRESSION_PREDEFINED,B0F6GM1M7D,USD,15,1,0.06666666666666667,0.5,0.5,0,0.0,0,0.0,0.0,0.0,2025-11-18,0.0,0.0
"Sep 15, 2025 - Nov 29, 2025",Auto Campaign 1 Signal Capture,468170906203317,Ad Group - Signal Capture,297953927298564,substitutes,TARGETING_EXPRESSION_PREDEFINED,B0FL2PNM36,USD,244,2,0.00819672131147541,0.455,0.91,0,0.0,0,0.0,0.0,0.0,2025-09-15,0.0,0.0
"Oct 19, 2025 - Oct 24, 2025",BROAD MATCH CAMPAIGN,306896079483800,Broad Keyword,284907010614606,hair growth,BROAD,emu oil for hair growth,USD,5,1,0.2,0.52,0.52,0,0.0,0,0.0,0.0,0.0,2025-10-19,0.0,0.0
"Dec 05, 2025 - Dec 05, 2025",Auto Campaign 1 Signal Capture,468170906203317,Ad Group - Signal Capture,297953927298564,loose-match,TARGETING_EXPRESSION_PREDEFINED,hair grease to make hair strong and grow,USD,1,1,1.0,0.5,0.5,0,0.0,0,0.0,0.0,0.0,2025-12-05,0.0,0.0
"Sep 04, 2025 - Dec 29, 2025",BROAD MATCH CAMPAIGN,306896079483800,Broad Keyword,284907010614606,hair oil for hair growth,BROAD,bask & lather scalp stimulator hair growth oil,USD,156,1,0.00641025641025641,0.7,0.7,0,0.0,0,0.0,0.0,0.0,2025-09-04,0.0,0.0
"Sep 11, 2025 - Sep 28, 2025",BROAD MATCH CAMPAIGN,306896079483800,Broad Keyword,284907010614606,men hair growth,BROAD,hair growth for men,USD,6,1,0.16666666666666666,1.12,1.12,0,0.0,0,0.0,0.0,0.0,2025-09-11,0.0,0.0
"Sep 06, 2025 - Dec 13, 2025",BROAD MATCH CAMPAIGN,306896079483800,Broad Keyword,284907010614606,batana oil,BROAD,viral strands batana oil,USD,6,1,0.16666666666666666,1.35,1.35,0,0.0,0,0.0,0.0,0.0,2025-09-06,0.0,0.0
"Mar 03, 2026 - Mar 20, 2026",PRODUCT TARGETING EXACT CAMPAIGN,295732523762026,ASIN Exact targeting,517907737835689,"asin=""B0G3X53DGR""",TARGETING_EXPRESSION,koneo hair growth paste,USD,41,1,0.024390243902439025,0.8,0.8,0,0.0,0,0.0,0.0,0.0,2026-03-03,0.0,0.0
"Mar 04, 2026 - Mar 04, 2026",Auto Campaign 1 Signal Capture,468170906203317,Ad Group - Signal Capture,297953927298564,loose-match,TARGETING_EXPRESSION_PREDEFINED,pure glycerin for hair,USD,2,1,0.5,0.92,0.92,0,0.0,0,0.0,0.0,0.0,2026-03-04,0.0,0.0
"Sep 07, 2025 - Dec 30, 2025",PRODUCT TARGETING EXACT CAMPAIGN,295732523762026,ASIN Exact targeting,517907737835689,"asin-expanded=""B0DCX7628T""",TARGETING_EXPRESSION,B0FKXK9TJ8,USD,329,1,0.00303951367781155,0.67,0.67,0,0.0,0,0.0,0.0,0.0,2025-09-07,0.0,0.0
"Oct 15, 2025 - Mar 13, 2026",PRODUCT TARGETING EXACT CAMPAIGN,295732523762026,ASIN Exact targeting,517907737835689,"asin-expanded=""B000V8MTIC""",TARGETING_EXPRESSION,B07XPFTGHR,USD,203,1,0.0049261083743842365,0.32,0.32,0,0.0,0,0.0,0.0,0.0,2025-10-15,0.0,0.0
"Sep 04, 2025 - Nov 24, 2025",Auto Campaign 1 Signal Capture,468170906203317,Ad Group - Signal Capture,297953927298564,substitutes,TARGETING_EXPRESSION_PREDEFINED,dcxc batana oil,USD,115,1,0.008695652173913044,0.43,0.43,0,0.0,0,0.0,0.0,0.0,2025-09-04,0.0,0.0
"Oct 17, 2025 - Oct 17, 2025",Auto Campaign 1 Signal Capture,468170906203317,Ad Group - Signal Capture,297953927298564,loose-match,TARGETING_EXPRESSION_PREDEFINED,minah crack hair oil,USD,1,1,1.0,0.45,0.45,0,0.0,0,0.0,0.0,0.0,2025-10-17,0.0,0.0
"Dec 20, 2025 - Dec 30, 2025",Batana Hair oil pharase Manual,292247191707127,Phrase Keywords,465120102858213,unrefined batana oil,PHRASE,raw organic unrefined batana oil,USD,1,1,1.0,0.75,0.75,0,0.0,0,0.0,0.0,0.0,2025-12-20,0.0,0.0
"Oct 29, 2025 - Dec 07, 2025",BROAD MATCH CAMPAIGN,306896079483800,Broad Keyword,284907010614606,batana oil 100,BROAD,raw batana oil for hair growth,USD,15,2,0.13333333333333333,0.66,1.32,0,0.0,0,0.0,0.0,0.0,2025-10-29,0.0,0.0
"Sep 02, 2025 - Oct 21, 2025",PRODUCT TARGETING EXACT CAMPAIGN,295732523762026,ASIN Exact targeting,517907737835689,"asin-expanded=""B0CMXF1NK3""",TARGETING_EXPRESSION,B005B0XD9O,USD,35,1,0.02857142857142857,0.36,0.36,0,0.0,0,0.0,0.0,0.0,2025-09-02,0.0,0.0
"Sep 08, 2025 - Sep 23, 2025",BROAD MATCH CAMPAIGN,306896079483800,Broad Keyword,284907010614606,hair growth oil,BROAD,vivccon batana oil for hair growth,USD,46,1,0.021739130434782608,0.9,0.9,0,0.0,0,0.0,0.0,0.0,2025-09-08,0.0,0.0
"Sep 23, 2025 - Sep 27, 2025",BROAD MATCH CAMPAIGN,306896079483800,Broad Keyword,284907010614606,mens hair growth,BROAD,hair growth products for men,USD,8,1,0.125,0.91,0.91,0,0.0,0,0.0,0.0,0.0,2025-09-23,0.0,0.0
"Sep 24, 2025 - Sep 24, 2025",Auto Campaign 1 Signal Capture,468170906203317,Ad Group - Signal Capture,297953927298564,loose-match,TARGETING_EXPRESSION_PREDEFINED,castor oil for hair loss,USD,1,1,1.0,0.55,0.55,0,0.0,0,0.0,0.0,0.0,2025-09-24,0.0,0.0
"Sep 06, 2025 - Sep 06, 2025",BROAD MATCH CAMPAIGN,306896079483800,Broad Keyword,284907010614606,hair growth,BROAD,best kids shampoo for hair growth,USD,1,1,1.0,1.04,1.04,0,0.0,0,0.0,0.0,0.0,2025-09-06,0.0,0.0
"Jan 21, 2026 - Jan 21, 2026",Auto Campaign 2 Cheap Discovery,163081140507766,Ad Group Cheap Discovery,391494289840856,loose-match,TARGETING_EXPRESSION_PREDEFINED,herbal hair growth,USD,1,1,1.0,0.24,0.24,0,0.0,0,0.0,0.0,0.0,2026-01-21,0.0,0.0
"Sep 02, 2025 - Mar 19, 2026",Batana Hair oil Exact Manual,502286450850716,Exact Keywords,296070289941158,botana oil hair growth,EXACT,botana oil for hair growth,USD,139,2,0.014388489208633094,0.7,1.4,0,0.0,0,0.0,0.0,0.0,2025-09-02,0.0,0.0
"Sep 07, 2025 - Dec 30, 2025",PRODUCT TARGETING EXACT CAMPAIGN,295732523762026,ASIN Exact targeting,517907737835689,"asin-expanded=""B0DCX7628T""",TARGETING_EXPRESSION,B0094KPK70,USD,25,2,0.08,0.515,1.03,0,0.0,0,0.0,0.0,0.0,2025-09-07,0.0,0.0
"Sep 06, 2025 - Mar 13, 2026",BROAD MATCH CAMPAIGN,306896079483800,Broad Keyword,284907010614606,hair growth,BROAD,virgin hair fertilizer hair growth,USD,32,1,0.03125,1.24,1.24,0,0.0,0,0.0,0.0,0.0,2025-09-06,0.0,0.0
"Feb 12, 2026 - Mar 15, 2026",Batana Hair oil pharase Manual,292247191707127,Phrase Keywords,465120102858213,batana,PHRASE,labanta batana oil paste,USD,80,2,0.025,1.41,2.82,0,0.0,0,0.0,0.0,0.0,2026-02-12,0.0,0.0
"Sep 12, 2025 - Dec 06, 2025",PRODUCT TARGETING EXACT CAMPAIGN,295732523762026,ASIN Exact targeting,517907737835689,"asin-expanded=""B01I2ZQJSG""",TARGETING_EXPRESSION,B0C4QPGK3L,USD,40,1,0.025,0.35,0.35,0,0.0,0,0.0,0.0,0.0,2025-09-12,0.0,0.0
"Feb 07, 2026 - Mar 15, 2026",Batana Hair oil pharase Manual,292247191707127,Phrase Keywords,465120102858213,batana oil for hair growth,PHRASE,azure batana oil for hair growth,USD,111,2,0.018018018018018018,1.715,3.43,0,0.0,0,0.0,0.0,0.0,2026-02-07,0.0,0.0
"Oct 17, 2025 - Nov 07, 2025",Auto Campaign 1 Signal Capture,468170906203317,Ad Group - Signal Capture,297953927298564,substitutes,TARGETING_EXPRESSION_PREDEFINED,B0FCCRZTG2,USD,12,1,0.08333333333333333,0.4,0.4,0,0.0,0,0.0,0.0,0.0,2025-10-17,0.0,0.0
"Oct 16, 2025 - Feb 25, 2026",Auto Campaign 1 Signal Capture,468170906203317,Ad Group - Signal Capture,297953927298564,loose-match,TARGETING_EXPRESSION_PREDEFINED,batana aseite for hair fall,USD,4,1,0.25,0.35,0.35,0,0.0,0,0.0,0.0,0.0,2025-10-16,0.0,0.0
"Sep 18, 2025 - Mar 19, 2026",BROAD MATCH CAMPAIGN,306896079483800,Broad Keyword,284907010614606,hair growth,BROAD,scalp scrub for hair growth,USD,10,1,0.1,1.2,1.2,0,0.0,0,0.0,0.0,0.0,2025-09-18,0.0,0.0
"Sep 04, 2025 - Jan 16, 2026",BROAD MATCH CAMPAIGN,306896079483800,Broad Keyword,284907010614606,hair growth oil,BROAD,hair oil for hair growth,USD,94,1,0.010638297872340425,0.78,0.78,0,0.0,0,0.0,0.0,0.0,2025-09-04,0.0,0.0
"Dec 22, 2025 - Dec 22, 2025",Auto Campaign 1 Signal Capture,468170906203317,Ad Group - Signal Capture,297953927298564,loose-match,TARGETING_EXPRESSION_PREDEFINED,natural relaxer for black hair,USD,1,1,1.0,0.5,0.5,0,0.0,0,0.0,0.0,0.0,2025-12-22,0.0,0.0
"Nov 18, 2025 - Mar 16, 2026",BROAD MATCH CAMPAIGN,306896079483800,Broad Keyword,284907010614606,batana oil,BROAD,vitamo batana oil,USD,4,1,0.25,0.41,0.41,0,0.0,0,0.0,0.0,0.0,2025-11-18,0.0,0.0
"Oct 24, 2025 - Oct 24, 2025",Auto Campaign 1 Signal Capture,468170906203317,Ad Group - Signal Capture,297953927298564,loose-match,TARGETING_EXPRESSION_PREDEFINED,batna oil for edge growth,USD,1,1,1.0,0.4,0.4,0,0.0,0,0.0,0.0,0.0,2025-10-24,0.0,0.0
"Sep 07, 2025 - Mar 15, 2026",BROAD MATCH CAMPAIGN,306896079483800,Broad Keyword,284907010614606,organic batana oil,BROAD,100 percent organic batana oil,USD,2,1,0.5,1.5,1.5,0,0.0,0,0.0,0.0,0.0,2025-09-07,0.0,0.0
"Aug 03, 2025 - Aug 03, 2025",Auto Campaign 1 Signal Capture,468170906203317,Ad Group - Signal Capture,297953927298564,loose-match,TARGETING_EXPRESSION_PREDEFINED,rhassoul hair growth oil original from africa and made in africa,USD,1,1,1.0,0.59,0.59,0,0.0,0,0.0,0.0,0.0,2025-08-03,0.0,0.0
"Sep 04, 2025 - Jan 19, 2026",Batana Hair oil pharase Manual,292247191707127,Phrase Keywords,465120102858213,hair growth,PHRASE,lebanta hair growth,USD,410,1,0.0024390243902439024,0.65,0.65,0,0.0,0,0.0,0.0,0.0,2025-09-04,0.0,0.0
"Aug 29, 2025 - Mar 08, 2026",Batana Hair oil pharase Manual,292247191707127,Phrase Keywords,465120102858213,hair growth,PHRASE,bantana natural hair growth oil,USD,39,1,0.02564102564102564,0.8,0.8,0,0.0,0,0.0,0.0,0.0,2025-08-29,0.0,0.0
"Jan 22, 2026 - Jan 22, 2026",Auto Campaign 2 Cheap Discovery,163081140507766,Ad Group Cheap Discovery,391494289840856,loose-match,TARGETING_EXPRESSION_PREDEFINED,raw batana oil for daily use to leave in,USD,1,1,1.0,1.7,1.7,0,0.0,0,0.0,0.0,0.0,2026-01-22,0.0,0.0
"Mar 06, 2026 - Mar 06, 2026",PRODUCT TARGETING EXACT CAMPAIGN,295732523762026,ASIN Exact targeting,517907737835689,"asin=""B01I2ZQJSG""",TARGETING_EXPRESSION,elizavecca cer-100,USD,3,1,0.3333333333333333,0.65,0.65,0,0.0,0,0.0,0.0,0.0,2026-03-06,0.0,0.0
"Sep 24, 2025 - Jan 19, 2026",PRODUCT TARGETING EXACT CAMPAIGN,295732523762026,ASIN Exact targeting,517907737835689,"asin=""B0DSCKBJLD""",TARGETING_EXPRESSION,bask and lather edge control,USD,1166,5,0.004288164665523156,0.5,2.5,1,11.99,1,4.796,2.5,0.0,2025-09-24,0.2085070892410342,0.2
"Sep 04, 2025 - Sep 04, 2025",Auto Campaign 1 Signal Capture,468170906203317,Ad Group - Signal Capture,297953927298564,loose-match,TARGETING_EXPRESSION_PREDEFINED,what make edge growth,USD,1,1,1.0,0.63,0.63,0,0.0,0,0.0,0.0,0.0,2025-09-04,0.0,0.0
"Oct 01, 2025 - Oct 29, 2025",BROAD MATCH CAMPAIGN,306896079483800,Broad Keyword,284907010614606,hair growth,BROAD,edge oil for hair growth,USD,98,1,0.01020408163265306,0.52,0.52,0,0.0,0,0.0,0.0,0.0,2025-10-01,0.0,0.0
"Sep 04, 2025 - Dec 15, 2025",BROAD MATCH CAMPAIGN,306896079483800,Broad Keyword,284907010614606,batana oil hair,BROAD,spoiled batana oil for hair growth,USD,169,1,0.005917159763313609,1.5,1.5,0,0.0,0,0.0,0.0,0.0,2025-09-04,0.0,0.0
"Sep 04, 2025 - Mar 17, 2026",Batana Hair oil Exact Manual,502286450850716,Exact Keywords,296070289941158,organic batana oil,EXACT,organic batana oil,USD,252,3,0.011904761904761904,1.58,4.74,0,0.0,0,0.0,0.0,0.0,2025-09-04,0.0,0.0
"Mar 15, 2026 - Mar 15, 2026",Batana Hair oil pharase Manual,292247191707127,Phrase Keywords,465120102858213,unrefined batana oil,PHRASE,100 percent pure raw unrefined batana oil organic from homduras,USD,1,1,1.0,0.74,0.74,0,0.0,0,0.0,0.0,0.0,2026-03-15,0.0,0.0
"Jan 26, 2026 - Jan 26, 2026",Batana Oil Phrase Match,212832079341322,Batana Oil Phrase Match,450560731451216,growth,PHRASE,hair growth mask 160z,USD,3,2,0.6666666666666666,0.92,1.84,0,0.0,0,0.0,0.0,0.0,2026-01-26,0.0,0.0
"Sep 25, 2025 - Dec 27, 2025",Auto Campaign 1 Signal Capture,468170906203317,Ad Group - Signal Capture,297953927298564,loose-match,TARGETING_EXPRESSION_PREDEFINED,kuri nuka batana oil,USD,2,1,0.5,0.5,0.5,0,0.0,0,0.0,0.0,0.0,2025-09-25,0.0,0.0
"Mar 13, 2026 - Mar 16, 2026",Batana Hair oil pharase Manual,292247191707127,Phrase Keywords,465120102858213,batana oil for hair growth,PHRASE,new raw batana oil for hair growth,USD,4,1,0.25,0.67,0.67,0,0.0,0,0.0,0.0,0.0,2026-03-13,0.0,0.0
"Sep 05, 2025 - Jan 02, 2026",Batana Hair oil pharase Manual,292247191707127,Phrase Keywords,465120102858213,hair moisturizer,PHRASE,natural hair moisturizer for dry hair,USD,4,1,0.25,0.9,0.9,0,0.0,0,0.0,0.0,0.0,2025-09-05,0.0,0.0
"Jul 15, 2025 - Dec 08, 2025",PRODUCT TARGETING EXACT CAMPAIGN,295732523762026,ASIN Exact targeting,517907737835689,"asin=""B0CR1SYNNS""",TARGETING_EXPRESSION,B0CR1SYNNS,USD,218,2,0.009174311926605505,0.75,1.5,0,0.0,0,0.0,0.0,0.0,2025-07-15,0.0,0.0
"Mar 09, 2026 - Mar 09, 2026",PRODUCT TARGETING EXACT CAMPAIGN,295732523762026,ASIN Exact targeting,517907737835689,"asin=""B0DGQCDWJY""",TARGETING_EXPRESSION,authentic batana oil from honduras,USD,1,1,1.0,0.8,0.8,0,0.0,0,0.0,0.0,0.0,2026-03-09,0.0,0.0
"Aug 31, 2025 - Jan 18, 2026",Batana Hair oil pharase Manual,292247191707127,Phrase Keywords,465120102858213,hair growth,PHRASE,hair growth,USD,108,2,0.018518518518518517,0.725,1.45,0,0.0,0,0.0,0.0,0.0,2025-08-31,0.0,0.0
"Nov 28, 2025 - Dec 07, 2025",PRODUCT TARGETING EXACT CAMPAIGN,295732523762026,ASIN Exact targeting,517907737835689,"asin-expanded=""B0DCX7628T""",TARGETING_EXPRESSION,B0CFZCRKWH,USD,21,1,0.047619047619047616,0.65,0.65,0,0.0,0,0.0,0.0,0.0,2025-11-28,0.0,0.0
"Sep 15, 2025 - Sep 24, 2025",BROAD MATCH CAMPAIGN,306896079483800,Broad Keyword,284907010614606,hair growth oil,BROAD,inats bantana natural hair growth oil,USD,17,1,0.058823529411764705,1.35,1.35,0,0.0,0,0.0,0.0,0.0,2025-09-15,0.0,0.0
"Nov 10, 2025 - Nov 10, 2025",Batana Hair oil pharase Manual,292247191707127,Phrase Keywords,465120102858213,hair moisturizer,PHRASE,rich hair moisturizer,USD,1,1,1.0,0.48,0.48,0,0.0,0,0.0,0.0,0.0,2025-11-10,0.0,0.0
"Sep 05, 2025 - Mar 09, 2026",BROAD MATCH CAMPAIGN,306896079483800,Broad Keyword,284907010614606,hair growth,BROAD,botana oil hair growth,USD,547,10,0.018281535648994516,0.874,8.74,0,0.0,0,0.0,0.0,0.0,2025-09-05,0.0,0.0
"Sep 08, 2025 - Mar 13, 2026",BROAD MATCH CAMPAIGN,306896079483800,Broad Keyword,284907010614606,hair growth oil,BROAD,scalp oil hair growth,USD,727,5,0.0068775790921595595,0.844,4.22,0,0.0,0,0.0,0.0,0.0,2025-09-08,0.0,0.0
"Sep 10, 2025 - Sep 19, 2025",PRODUCT TARGETING EXACT CAMPAIGN,295732523762026,ASIN Exact targeting,517907737835689,"asin-expanded=""B0DCX7628T""",TARGETING_EXPRESSION,B0FBM7PGM8,USD,23,1,0.043478260869565216,0.85,0.85,0,0.0,0,0.0,0.0,0.0,2025-09-10,0.0,0.0
"Nov 28, 2025 - Dec 09, 2025",Batana Hair oil pharase Manual,292247191707127,Phrase Keywords,465120102858213,batana oil for hair,PHRASE,dcxc batana oil for hair growth,USD,25,1,0.04,0.65,0.65,0,0.0,0,0.0,0.0,0.0,2025-11-28,0.0,0.0
"Jul 01, 2025 - Jan 17, 2026",Auto Campaign 1 Signal Capture,468170906203317,Ad Group - Signal Capture,297953927298564,loose-match,TARGETING_EXPRESSION_PREDEFINED,hair growth products,USD,421,2,0.004750593824228029,0.435,0.87,1,16.99,1,19.52874,0.87,0.0,2025-07-01,0.051206592113007654,0.5
"Mar 14, 2026 - Mar 14, 2026",Auto Campaign 1 Signal Capture,468170906203317,Ad Group - Signal Capture,297953927298564,loose-match,TARGETING_EXPRESSION_PREDEFINED,silver human braiding hair,USD,1,1,1.0,0.44,0.44,0,0.0,0,0.0,0.0,0.0,2026-03-14,0.0,0.0
"Sep 08, 2025 - Mar 18, 2026",BROAD MATCH CAMPAIGN,306896079483800,Broad Keyword,284907010614606,hair growth oil,BROAD,bantans oil for hair growth,USD,114,4,0.03508771929824561,1.545,6.18,2,19.98,2,3.23301,3.09,0.0,2025-09-08,0.3093093093093093,0.5
"Sep 12, 2025 - Sep 23, 2025",BROAD MATCH CAMPAIGN,306896079483800,Broad Keyword,284907010614606,hair growth oil,BROAD,herb & aura batana oil for hair growth,USD,8,2,0.25,0.97,1.94,0,0.0,0,0.0,0.0,0.0,2025-09-12,0.0,0.0
"Sep 19, 2025 - Sep 23, 2025",Auto Campaign 1 Signal Capture,468170906203317,Ad Group - Signal Capture,297953927298564,substitutes,TARGETING_EXPRESSION_PREDEFINED,B0DL37QRSF,USD,2,1,0.5,0.4,0.4,0,0.0,0,0.0,0.0,0.0,2025-09-19,0.0,0.0
"Sep 05, 2025 - Mar 20, 2026",BROAD MATCH CAMPAIGN,306896079483800,Broad Keyword,284907010614606,hair growth,BROAD,alpha infuse hair growth,USD,10,1,0.1,1.35,1.35,0,0.0,0,0.0,0.0,0.0,2025-09-05,0.0,0.0
"Sep 07, 2025 - Sep 07, 2025",BROAD MATCH CAMPAIGN,306896079483800,Broad Keyword,284907010614606,hair growth,BROAD,hair growth products grow black hair,USD,2,1,0.5,1.04,1.04,0,0.0,0,0.0,0.0,0.0,2025-09-07,0.0,0.0
"Sep 25, 2025 - Mar 20, 2026",BROAD MATCH CAMPAIGN,306896079483800,Broad Keyword,284907010614606,batana oil,BROAD,authentic batana oil from honduras,USD,4,1,0.25,1.85,1.85,0,0.0,0,0.0,0.0,0.0,2025-09-25,0.0,0.0
"Sep 10, 2025 - Dec 29, 2025",PRODUCT TARGETING EXACT CAMPAIGN,295732523762026,ASIN Exact targeting,517907737835689,"asin-expanded=""B01I2ZQJSG""",TARGETING_EXPRESSION,B01NAQ3N7Q,USD,36,1,0.027777777777777776,0.38,0.38,0,0.0,0,0.0,0.0,0.0,2025-09-10,0.0,0.0
"Sep 05, 2025 - Mar 13, 2026",BROAD MATCH CAMPAIGN,306896079483800,Broad Keyword,284907010614606,hair growth,BROAD,edge hair growth,USD,46,1,0.021739130434782608,0.67,0.67,0,0.0,0,0.0,0.0,0.0,2025-09-05,0.0,0.0
"Sep 22, 2025 - Jan 03, 2026",BROAD MATCH CAMPAIGN,306896079483800,Broad Keyword,284907010614606,hair growth,BROAD,hair growth ampoules,USD,16,1,0.0625,0.75,0.75,0,0.0,0,0.0,0.0,0.0,2025-09-22,0.0,0.0
"Dec 27, 2025 - Dec 27, 2025",Auto Campaign 1 Signal Capture,468170906203317,Ad Group - Signal Capture,297953927298564,loose-match,TARGETING_EXPRESSION_PREDEFINED,wildroot root hair cream,USD,1,1,1.0,0.5,0.5,0,0.0,0,0.0,0.0,0.0,2025-12-27,0.0,0.0
"Sep 22, 2025 - Sep 23, 2025",PRODUCT TARGETING EXACT CAMPAIGN,295732523762026,ASIN Exact targeting,517907737835689,"asin=""B0DJWSCZKT""",TARGETING_EXPRESSION,bantan oil,USD,8,1,0.125,0.75,0.75,0,0.0,0,0.0,0.0,0.0,2025-09-22,0.0,0.0
"Sep 09, 2025 - Mar 09, 2026",PRODUCT TARGETING EXACT CAMPAIGN,295732523762026,ASIN Exact targeting,517907737835689,"asin-expanded=""B0D6BMGP8Z""",TARGETING_EXPRESSION,B0BGJPVH38,USD,558,2,0.0035842293906810036,0.41,0.82,0,0.0,0,0.0,0.0,0.0,2025-09-09,0.0,0.0
"Mar 13, 2026 - Mar 14, 2026",Batana Hair oil pharase Manual,292247191707127,Phrase Keywords,465120102858213,batana,PHRASE,undefine batana oil from honduras,USD,4,2,0.5,0.67,1.34,0,0.0,0,0.0,0.0,0.0,2026-03-13,0.0,0.0
"Sep 19, 2025 - Mar 20, 2026",PRODUCT TARGETING EXACT CAMPAIGN,295732523762026,ASIN Exact targeting,517907737835689,"asin=""B0DGQCDWJY""",TARGETING_EXPRESSION,B0DGQCDWJY,USD,2829,22,0.007776599505125486,0.92818,20.42,3,40.97,3,2.00637,6.80667,0.0,2025-09-19,0.49841347327312674,0.13636363636363635
"Sep 04, 2025 - Sep 20, 2025",PRODUCT TARGETING EXACT CAMPAIGN,295732523762026,ASIN Exact targeting,517907737835689,"asin-expanded=""B0DL5LB7JH""",TARGETING_EXPRESSION,B002JUZEVO,USD,23,1,0.043478260869565216,0.57,0.57,0,0.0,0,0.0,0.0,0.0,2025-09-04,0.0,0.0
"Sep 06, 2025 - Dec 03, 2025",PRODUCT TARGETING EXACT CAMPAIGN,295732523762026,ASIN Exact targeting,517907737835689,"asin-expanded=""B0DSHXCT4N""",TARGETING_EXPRESSION,B0B6RD2C11,USD,27,3,0.1111111111111111,0.7,2.1,0,0.0,0,0.0,0.0,0.0,2025-09-06,0.0,0.0
"Sep 22, 2025 - Mar 20, 2026",PRODUCT TARGETING EXACT CAMPAIGN,295732523762026,ASIN Exact targeting,517907737835689,"asin=""B0DSCKBJLD""",TARGETING_EXPRESSION,bask and lather scalp stimulator,USD,2178,12,0.005509641873278237,0.69417,8.33,0,0.0,0,0.0,0.0,0.0,2025-09-22,0.0,0.0
"Sep 06, 2025 - Mar 10, 2026",BROAD MATCH CAMPAIGN,306896079483800,Broad Keyword,284907010614606,organic batana oil,BROAD,organic batana oil cold pressed,USD,36,1,0.027777777777777776,0.64,0.64,0,0.0,0,0.0,0.0,0.0,2025-09-06,0.0,0.0
"Sep 05, 2025 - Oct 19, 2025",BROAD MATCH CAMPAIGN,306896079483800,Broad Keyword,284907010614606,batana oil hair growth,BROAD,botanix batana oil for hair growth,USD,46,1,0.021739130434782608,0.52,0.52,0,0.0,0,0.0,0.0,0.0,2025-09-05,0.0,0.0
"Sep 23, 2025 - Jan 17, 2026",BROAD MATCH CAMPAIGN,306896079483800,Broad Keyword,284907010614606,hair oil for hair growth,BROAD,hair oil for hair growth,USD,87,1,0.011494252873563218,0.75,0.75,0,0.0,0,0.0,0.0,0.0,2025-09-23,0.0,0.0
"Nov 23, 2025 - Nov 23, 2025",PRODUCT TARGETING EXPANDED CAMPAIGN,488143762344483,ASIN Expanded targeting,501339022401488,"asin-expanded=""B0F7M35JY3""",TARGETING_EXPRESSION,B0FKXK9TJ8,USD,1,1,1.0,0.5,0.5,0,0.0,0,0.0,0.0,0.0,2025-11-23,0.0,0.0
"Oct 19, 2025 - Jan 18, 2026",PRODUCT TARGETING EXACT CAMPAIGN,295732523762026,ASIN Exact targeting,517907737835689,"asin-expanded=""B000V8MTIC""",TARGETING_EXPRESSION,B07B2MV34R,USD,29,2,0.06896551724137931,0.525,1.05,1,11.99,1,11.41905,1.05,0.0,2025-10-19,0.08757297748123437,0.5
"Sep 07, 2025 - Dec 15, 2025",BROAD MATCH CAMPAIGN,306896079483800,Broad Keyword,284907010614606,batana oil hair,BROAD,batana oil for hair growth dersie,USD,10,1,0.1,1.5,1.5,0,0.0,0,0.0,0.0,0.0,2025-09-07,0.0,0.0
"Sep 16, 2025 - Sep 16, 2025",Batana Hair oil pharase Manual,292247191707127,Phrase Keywords,465120102858213,hair moisturizer,PHRASE,shea.for hair moisturizer,USD,1,1,1.0,0.53,0.53,0,0.0,0,0.0,0.0,0.0,2025-09-16,0.0,0.0
"Mar 13, 2026 - Mar 13, 2026",Auto Campaign 1 Signal Capture,468170906203317,Ad Group - Signal Capture,297953927298564,close-match,TARGETING_EXPRESSION_PREDEFINED,plantain oil pure organic,USD,1,1,1.0,0.9,0.9,1,19.99,1,22.21111,0.9,0.0,2026-03-13,0.04502251125562782,1.0
"Sep 02, 2025 - Sep 05, 2025",Batana Hair oil pharase Manual,292247191707127,Phrase Keywords,465120102858213,hair growth,PHRASE,bamboo brush for hair growth,USD,6,1,0.16666666666666666,0.8,0.8,0,0.0,0,0.0,0.0,0.0,2025-09-02,0.0,0.0
"Sep 08, 2025 - Jan 01, 2026",BROAD MATCH CAMPAIGN,306896079483800,Broad Keyword,284907010614606,hair growth oil,BROAD,basket lather hair growth oil,USD,21,1,0.047619047619047616,1.8,1.8,0,0.0,0,0.0,0.0,0.0,2025-09-08,0.0,0.0
"Sep 07, 2025 - Oct 28, 2025",PRODUCT TARGETING EXACT CAMPAIGN,295732523762026,ASIN Exact targeting,517907737835689,"asin-expanded=""B0CR1SYNNS""",TARGETING_EXPRESSION,B0CN3V9WJY,USD,3,1,0.3333333333333333,0.75,0.75,0,0.0,0,0.0,0.0,0.0,2025-09-07,0.0,0.0
"Mar 04, 2026 - Mar 04, 2026",Auto Campaign 1 Signal Capture,468170906203317,Ad Group - Signal Capture,297953927298564,loose-match,TARGETING_EXPRESSION_PREDEFINED,hair refresher spray,USD,1,1,1.0,1.1,1.1,0,0.0,0,0.0,0.0,0.0,2026-03-04,0.0,0.0
"Sep 03, 2025 - Dec 15, 2025",BROAD MATCH CAMPAIGN,306896079483800,Broad Keyword,284907010614606,batana oil hair,BROAD,dcxc batana oil for hair growth,USD,120,1,0.008333333333333333,2.34,2.34,0,0.0,0,0.0,0.0,0.0,2025-09-03,0.0,0.0
"Sep 03, 2025 - Sep 24, 2025",PRODUCT TARGETING EXACT CAMPAIGN,295732523762026,ASIN Exact targeting,517907737835689,"asin-expanded=""B0F7M35JY3""",TARGETING_EXPRESSION,B07YFD3T2T,USD,22,1,0.045454545454545456,0.55,0.55,0,0.0,0,0.0,0.0,0.0,2025-09-03,0.0,0.0
"Mar 01, 2026 - Mar 17, 2026",Auto Campaign 1 Signal Capture,468170906203317,Ad Group - Signal Capture,297953927298564,loose-match,TARGETING_EXPRESSION_PREDEFINED,soul lady wigs,USD,12,1,0.08333333333333333,0.72,0.72,1,16.99,1,23.59722,0.72,0.0,2026-03-01,0.04237786933490289,1.0
"Nov 13, 2025 - Nov 13, 2025",BROAD MATCH CAMPAIGN,306896079483800,Broad Keyword,284907010614606,hair growth,BROAD,edges & neck hair growth,USD,1,1,1.0,0.67,0.67,0,0.0,0,0.0,0.0,0.0,2025-11-13,0.0,0.0
"Sep 04, 2025 - Mar 15, 2026",Batana Hair oil pharase Manual,292247191707127,Phrase Keywords,465120102858213,hair moisturizer,PHRASE,water based hair moisturizer,USD,13,1,0.07692307692307693,0.7,0.7,0,0.0,0,0.0,0.0,0.0,2025-09-04,0.0,0.0
"Sep 07, 2025 - Nov 27, 2025",PRODUCT TARGETING EXACT CAMPAIGN,295732523762026,ASIN Exact targeting,517907737835689,"asin-expanded=""B0DCX7628T""",TARGETING_EXPRESSION,B0BQX3HG1W,USD,60,1,0.016666666666666666,0.85,0.85,0,0.0,0,0.0,0.0,0.0,2025-09-07,0.0,0.0
"Nov 25, 2025 - Dec 14, 2025",BROAD MATCH CAMPAIGN,306896079483800,Broad Keyword,284907010614606,organic batana oil,BROAD,batana natural hair growth oil,USD,58,1,0.017241379310344827,1.0,1.0,0,0.0,0,0.0,0.0,0.0,2025-11-25,0.0,0.0
"Sep 06, 2025 - Mar 13, 2026",BROAD MATCH CAMPAIGN,306896079483800,Broad Keyword,284907010614606,hair growth,BROAD,hair growth mask,USD,54,2,0.037037037037037035,1.04,2.08,1,16.99,1,8.16827,2.08,0.0,2025-09-06,0.12242495585638613,0.5
"Jan 02, 2026 - Jan 11, 2026",Batana Hair oil pharase Manual,292247191707127,Phrase Keywords,465120102858213,hair moisturizer,PHRASE,right on hair moisturizer,USD,3,1,0.3333333333333333,0.8,0.8,0,0.0,0,0.0,0.0,0.0,2026-01-02,0.0,0.0
"Sep 06, 2025 - Jan 14, 2026",Batana Hair oil pharase Manual,292247191707127,Phrase Keywords,465120102858213,hair growth oil,PHRASE,akban hair growth oil,USD,19,1,0.05263157894736842,0.75,0.75,0,0.0,0,0.0,0.0,0.0,2025-09-06,0.0,0.0
"Sep 04, 2025 - Sep 21, 2025",Auto Campaign 1 Signal Capture,468170906203317,Ad Group - Signal Capture,297953927298564,substitutes,TARGETING_EXPRESSION_PREDEFINED,B07KXPFWY2,USD,4,1,0.25,0.6,0.6,0,0.0,0,0.0,0.0,0.0,2025-09-04,0.0,0.0
"Oct 13, 2025 - Oct 14, 2025",Auto Campaign 1 Signal Capture,468170906203317,Ad Group - Signal Capture,297953927298564,substitutes,TARGETING_EXPRESSION_PREDEFINED,B0F62YDK42,USD,2,1,0.5,0.4,0.4,0,0.0,0,0.0,0.0,0.0,2025-10-13,0.0,0.0
"Sep 18, 2025 - Mar 07, 2026",Batana Hair oil Exact Manual,502286450850716,Exact Keywords,296070289941158,black castor oil for hair growth,EXACT,black castor oil for hair growth,USD,594,2,0.003367003367003367,0.75,1.5,1,11.99,1,7.99333,1.5,0.0,2025-09-18,0.12510425354462051,0.5
"Jan 29, 2026 - Jan 29, 2026",Auto Campaign 2 Cheap Discovery,163081140507766,Ad Group Cheap Discovery,391494289840856,loose-match,TARGETING_EXPRESSION_PREDEFINED,pure loc & twist vegamink scalp treatment,USD,1,1,1.0,0.58,0.58,0,0.0,0,0.0,0.0,0.0,2026-01-29,0.0,0.0
"Sep 02, 2025 - Dec 29, 2025",Auto Campaign 1 Signal Capture,468170906203317,Ad Group - Signal Capture,297953927298564,substitutes,TARGETING_EXPRESSION_PREDEFINED,B0D9Y77RDG,USD,36,1,0.027777777777777776,0.4,0.4,1,11.99,1,29.975,0.4,0.0,2025-09-02,0.03336113427856547,1.0
"Nov 25, 2025 - Jan 22, 2026",PRODUCT TARGETING EXACT CAMPAIGN,295732523762026,ASIN Exact targeting,517907737835689,"asin-expanded=""B000V8MTIC""",TARGETING_EXPRESSION,B0B8TB41PF,USD,868,1,0.001152073732718894,0.6,0.6,0,0.0,0,0.0,0.0,0.0,2025-11-25,0.0,0.0
"Sep 10, 2025 - Sep 19, 2025",BROAD MATCH CAMPAIGN,306896079483800,Broad Keyword,284907010614606,hair growth oil,BROAD,unscented batana oil for hair growth,USD,11,1,0.09090909090909091,0.9,0.9,0,0.0,0,0.0,0.0,0.0,2025-09-10,0.0,0.0
"Dec 07, 2025 - Jan 21, 2026",Batana Hair oil pharase Manual,292247191707127,Phrase Keywords,465120102858213,dcxc batana oil,PHRASE,dcxc batana oil,USD,60,1,0.016666666666666666,0.39,0.39,0,0.0,0,0.0,0.0,0.0,2025-12-07,0.0,0.0
"Jan 01, 2026 - Jan 22, 2026",Batana Hair oil pharase Manual,292247191707127,Phrase Keywords,465120102858213,hair growth,PHRASE,virgin hair growth fertilizer liquid,USD,43,1,0.023255813953488372,0.65,0.65,0,0.0,0,0.0,0.0,0.0,2026-01-01,0.0,0.0
"Aug 30, 2025 - Mar 07, 2026",Batana Hair oil pharase Manual,292247191707127,Phrase Keywords,465120102858213,hair growth,PHRASE,pumpkin seed oil for hair growth,USD,18,1,0.05555555555555555,0.65,0.65,0,0.0,0,0.0,0.0,0.0,2025-08-30,0.0,0.0
"Sep 08, 2025 - Mar 17, 2026",BROAD MATCH CAMPAIGN,306896079483800,Broad Keyword,284907010614606,hair growth oil,BROAD,onion oil for hair growth,USD,953,2,0.002098635886673662,1.135,2.27,0,0.0,0,0.0,0.0,0.0,2025-09-08,0.0,0.0
"Jan 17, 2026 - Jan 17, 2026",BROAD MATCH CAMPAIGN,306896079483800,Broad Keyword,284907010614606,batana oil shampoo,BROAD,batana oil for white hair shampoo,USD,2,1,0.5,0.92,0.92,0,0.0,0,0.0,0.0,0.0,2026-01-17,0.0,0.0
"Sep 03, 2025 - Mar 20, 2026",BROAD MATCH CAMPAIGN,306896079483800,Broad Keyword,284907010614606,hair oil for hair growth,BROAD,wild growth hair oil,USD,222,3,0.013513513513513514,0.75,2.25,0,0.0,0,0.0,0.0,0.0,2025-09-03,0.0,0.0
"Jul 04, 2025 - Sep 27, 2025",Auto Campaign 1 Signal Capture,468170906203317,Ad Group - Signal Capture,297953927298564,loose-match,TARGETING_EXPRESSION_PREDEFINED,sapuyulo oil for hair,USD,4,1,0.25,0.55,0.55,0,0.0,0,0.0,0.0,0.0,2025-07-04,0.0,0.0
"Sep 06, 2025 - Mar 16, 2026",BROAD MATCH CAMPAIGN,306896079483800,Broad Keyword,284907010614606,batana oil,BROAD,batana oil honduras,USD,8,1,0.125,1.27,1.27,0,0.0,0,0.0,0.0,0.0,2025-09-06,0.0,0.0
"Nov 07, 2025 - Jan 12, 2026",Auto Campaign 1 Signal Capture,468170906203317,Ad Group - Signal Capture,297953927298564,loose-match,TARGETING_EXPRESSION_PREDEFINED,coconut miracle oil,USD,41,1,0.024390243902439025,0.5,0.5,0,0.0,0,0.0,0.0,0.0,2025-11-07,0.0,0.0
"Dec 13, 2025 - Dec 13, 2025",BROAD MATCH CAMPAIGN,306896079483800,Broad Keyword,284907010614606,hair growth oil,BROAD,veanic hair growth oil,USD,1,1,1.0,1.0,1.0,0,0.0,0,0.0,0.0,0.0,2025-12-13,0.0,0.0
"Jan 31, 2026 - Feb 05, 2026",Batana Oil Phrase Match,212832079341322,Batana Oil Phrase Match,450560731451216,growth,PHRASE,hair massager scalp for hair growth,USD,4,1,0.25,0.92,0.92,0,0.0,0,0.0,0.0,0.0,2026-01-31,0.0,0.0
"Aug 29, 2025 - Mar 11, 2026",Batana Hair oil pharase Manual,292247191707127,Phrase Keywords,465120102858213,hair growth,PHRASE,onion oil for hair growth,USD,37,1,0.02702702702702703,0.65,0.65,0,0.0,0,0.0,0.0,0.0,2025-08-29,0.0,0.0
"Nov 14, 2025 - Dec 05, 2025",PRODUCT TARGETING EXPANDED CAMPAIGN,488143762344483,ASIN Expanded targeting,501339022401488,"asin-expanded=""B000V8MTIC""",TARGETING_EXPRESSION,B000V8MTIC,USD,163,4,0.024539877300613498,0.5,2.0,0,0.0,0,0.0,0.0,0.0,2025-11-14,0.0,0.0
"Oct 25, 2025 - Oct 25, 2025",Batana Hair oil pharase Manual,292247191707127,Phrase Keywords,465120102858213,hair moisturizer,PHRASE,hair moisturizer hair grease,USD,1,1,1.0,0.55,0.55,0,0.0,0,0.0,0.0,0.0,2025-10-25,0.0,0.0
"Sep 07, 2025 - Oct 19, 2025",BROAD MATCH CAMPAIGN,306896079483800,Broad Keyword,284907010614606,hair growth,BROAD,batangas hair growth oil,USD,4,2,0.5,1.28,2.56,0,0.0,0,0.0,0.0,0.0,2025-09-07,0.0,0.0
"Sep 06, 2025 - Mar 13, 2026",BROAD MATCH CAMPAIGN,306896079483800,Broad Keyword,284907010614606,hair growth,BROAD,snidin hair growth spray,USD,535,2,0.003738317757009346,0.815,1.63,0,0.0,0,0.0,0.0,0.0,2025-09-06,0.0,0.0
"Nov 28, 2025 - Dec 26, 2025",Batana Hair oil pharase Manual,292247191707127,Phrase Keywords,465120102858213,hair growth oil,PHRASE,mama earth hair growth oil,USD,2,1,0.5,0.7,0.7,1,16.99,1,24.27143,0.7,0.0,2025-11-28,0.04120070629782225,1.0
"Sep 28, 2025 - Sep 28, 2025",PRODUCT TARGETING EXACT CAMPAIGN,295732523762026,ASIN Exact targeting,517907737835689,"asin=""B0CJKSW96B""",TARGETING_EXPRESSION,rosemary oil hair cream,USD,3,1,0.3333333333333333,0.6,0.6,0,0.0,0,0.0,0.0,0.0,2025-09-28,0.0,0.0
"Sep 08, 2025 - Dec 30, 2025",BROAD MATCH CAMPAIGN,306896079483800,Broad Keyword,284907010614606,hair growth oil,BROAD,beyonce hair growth oil,USD,86,1,0.011627906976744186,0.79,0.79,0,0.0,0,0.0,0.0,0.0,2025-09-08,0.0,0.0
"Sep 21, 2025 - Sep 21, 2025",Auto Campaign 1 Signal Capture,468170906203317,Ad Group - Signal Capture,297953927298564,substitutes,TARGETING_EXPRESSION_PREDEFINED,B0DF6HKSLF,USD,1,1,1.0,0.35,0.35,0,0.0,0,0.0,0.0,0.0,2025-09-21,0.0,0.0
"Sep 11, 2025 - Dec 19, 2025",PRODUCT TARGETING EXACT CAMPAIGN,295732523762026,ASIN Exact targeting,517907737835689,"asin-expanded=""B01I2ZQJSG""",TARGETING_EXPRESSION,B07R461Z4L,USD,68,1,0.014705882352941176,0.35,0.35,0,0.0,0,0.0,0.0,0.0,2025-09-11,0.0,0.0
"Sep 11, 2025 - Dec 14, 2025",BROAD MATCH CAMPAIGN,306896079483800,Broad Keyword,284907010614606,hair growth oil,BROAD,weemotd botana oil hair growth,USD,375,3,0.008,1.12,3.36,0,0.0,0,0.0,0.0,0.0,2025-09-11,0.0,0.0
"Jan 23, 2026 - Feb 05, 2026",Batana Oil Exact Ranking,116719674392449,High Intent,417102371297812,"keyword-group=""Keywords related to your product category""",TARGETING_EXPRESSION,natural hair growth oil,USD,55,1,0.01818181818181818,2.04,2.04,0,0.0,0,0.0,0.0,0.0,2026-01-23,0.0,0.0
"Feb 12, 2026 - Mar 17, 2026",Batana Hair oil pharase Manual,292247191707127,Phrase Keywords,465120102858213,batana,PHRASE,pure batana oil for hair,USD,645,3,0.004651162790697674,2.88667,8.66,0,0.0,0,0.0,0.0,0.0,2026-02-12,0.0,0.0
"Jan 25, 2026 - Feb 05, 2026",Auto Campaign 2 Cheap Discovery,163081140507766,Ad Group Cheap Discovery,391494289840856,substitutes,TARGETING_EXPRESSION_PREDEFINED,B0DSHXCT4N,USD,131,1,0.007633587786259542,0.66,0.66,0,0.0,0,0.0,0.0,0.0,2026-01-25,0.0,0.0
"Aug 31, 2025 - Feb 11, 2026",Batana Hair oil pharase Manual,292247191707127,Phrase Keywords,465120102858213,hair moisturizer,PHRASE,all natural hair moisturizer,USD,76,1,0.013157894736842105,0.5,0.5,1,11.99,1,23.98,0.5,0.0,2025-08-31,0.041701417848206836,1.0
"Sep 10, 2025 - Mar 16, 2026",PRODUCT TARGETING EXACT CAMPAIGN,295732523762026,ASIN Exact targeting,517907737835689,"asin-expanded=""B01I2ZQJSG""",TARGETING_EXPRESSION,B08HDQW84P,USD,52,1,0.019230769230769232,0.55,0.55,0,0.0,0,0.0,0.0,0.0,2025-09-10,0.0,0.0
"Sep 10, 2025 - Jan 04, 2026",BROAD MATCH CAMPAIGN,306896079483800,Broad Keyword,284907010614606,hair growth oil,BROAD,root revive hair growth oil,USD,38,1,0.02631578947368421,1.12,1.12,0,0.0,0,0.0,0.0,0.0,2025-09-10,0.0,0.0
"Sep 04, 2025 - Mar 19, 2026",BROAD MATCH CAMPAIGN,306896079483800,Broad Keyword,284907010614606,hair oil for hair growth,BROAD,pumpkin seed oil for hair growth,USD,17,1,0.058823529411764705,0.24,0.24,0,0.0,0,0.0,0.0,0.0,2025-09-04,0.0,0.0
"Oct 15, 2025 - Jan 13, 2026",Auto Campaign 1 Signal Capture,468170906203317,Ad Group - Signal Capture,297953927298564,loose-match,TARGETING_EXPRESSION_PREDEFINED,karsell hair products,USD,4,1,0.25,0.45,0.45,0,0.0,0,0.0,0.0,0.0,2025-10-15,0.0,0.0
"Nov 16, 2025 - Mar 11, 2026",Auto Campaign 1 Signal Capture,468170906203317,Ad Group - Signal Capture,297953927298564,substitutes,TARGETING_EXPRESSION_PREDEFINED,B0DZK7L7ZM,USD,34,1,0.029411764705882353,0.5,0.5,0,0.0,0,0.0,0.0,0.0,2025-11-16,0.0,0.0
"Sep 06, 2025 - Jan 11, 2026",PRODUCT TARGETING EXACT CAMPAIGN,295732523762026,ASIN Exact targeting,517907737835689,"asin-expanded=""B0D6BMGP8Z""",TARGETING_EXPRESSION,B0DRPG43FL,USD,4,1,0.25,0.55,0.55,0,0.0,0,0.0,0.0,0.0,2025-09-06,0.0,0.0
"Sep 12, 2025 - Mar 13, 2026",BROAD MATCH CAMPAIGN,306896079483800,Broad Keyword,284907010614606,hair growth oil,BROAD,ban oil for hair growth,USD,4,1,0.25,1.8,1.8,0,0.0,0,0.0,0.0,0.0,2025-09-12,0.0,0.0
"Sep 09, 2025 - Jan 22, 2026",PRODUCT TARGETING EXACT CAMPAIGN,295732523762026,ASIN Exact targeting,517907737835689,"asin-expanded=""B0DCX7628T""",TARGETING_EXPRESSION,B0F78YYRQY,USD,205,1,0.004878048780487805,0.55,0.55,0,0.0,0,0.0,0.0,0.0,2025-09-09,0.0,0.0
"Sep 07, 2025 - Jan 10, 2026",PRODUCT TARGETING EXACT CAMPAIGN,295732523762026,ASIN Exact targeting,517907737835689,"asin-expanded=""B0DCX7628T""",TARGETING_EXPRESSION,B0D9Y77RDG,USD,22,1,0.045454545454545456,0.85,0.85,0,0.0,0,0.0,0.0,0.0,2025-09-07,0.0,0.0
"Sep 04, 2025 - Sep 04, 2025",Auto Campaign 1 Signal Capture,468170906203317,Ad Group - Signal Capture,297953927298564,loose-match,TARGETING_EXPRESSION_PREDEFINED,ke oil,USD,1,1,1.0,0.41,0.41,0,0.0,0,0.0,0.0,0.0,2025-09-04,0.0,0.0
"Jan 22, 2026 - Jan 22, 2026",Auto Campaign 2 Cheap Discovery,163081140507766,Ad Group Cheap Discovery,391494289840856,loose-match,TARGETING_EXPRESSION_PREDEFINED,natural hair product for natural hair,USD,1,1,1.0,1.56,1.56,0,0.0,0,0.0,0.0,0.0,2026-01-22,0.0,0.0
"Sep 08, 2025 - Sep 21, 2025",PRODUCT TARGETING EXACT CAMPAIGN,295732523762026,ASIN Exact targeting,517907737835689,"asin-expanded=""B0DCX7628T""",TARGETING_EXPRESSION,B0D79TTZSH,USD,13,1,0.07692307692307693,0.85,0.85,0,0.0,0,0.0,0.0,0.0,2025-09-08,0.0,0.0
"Feb 19, 2026 - Feb 19, 2026",Batana Hair oil pharase Manual,292247191707127,Phrase Keywords,465120102858213,batana,PHRASE,organic batana oil honduras,USD,3,1,0.3333333333333333,2.25,2.25,0,0.0,0,0.0,0.0,0.0,2026-02-19,0.0,0.0
"Nov 11, 2025 - Jan 18, 2026",Auto Campaign 1 Signal Capture,468170906203317,Ad Group - Signal Capture,297953927298564,substitutes,TARGETING_EXPRESSION_PREDEFINED,B0FTWS98M9,USD,132,2,0.015151515151515152,0.55,1.1,0,0.0,0,0.0,0.0,0.0,2025-11-11,0.0,0.0
"Sep 25, 2025 - Mar 18, 2026",BROAD MATCH CAMPAIGN,306896079483800,Broad Keyword,284907010614606,hair oil for hair growth,BROAD,carol's daughter hair growth oil,USD,424,2,0.0047169811320754715,0.745,1.49,0,0.0,0,0.0,0.0,0.0,2025-09-25,0.0,0.0
"Jan 14, 2026 - Jan 20, 2026",Batana Hair oil pharase Manual,292247191707127,Phrase Keywords,465120102858213,hair moisturizer,PHRASE,muss hair moisturizer,USD,1,1,1.0,1.12,1.12,0,0.0,0,0.0,0.0,0.0,2026-01-14,0.0,0.0
"Sep 11, 2025 - Jan 07, 2026",PRODUCT TARGETING EXACT CAMPAIGN,295732523762026,ASIN Exact targeting,517907737835689,"asin-expanded=""B01I2ZQJSG""",TARGETING_EXPRESSION,B0DHZ99GMM,USD,33,1,0.030303030303030304,0.35,0.35,0,0.0,0,0.0,0.0,0.0,2025-09-11,0.0,0.0
"Sep 22, 2025 - Mar 16, 2026",PRODUCT TARGETING EXACT CAMPAIGN,295732523762026,ASIN Exact targeting,517907737835689,"asin=""B0DSCKBJLD""",TARGETING_EXPRESSION,bash and lather hair products,USD,229,4,0.017467248908296942,0.4875,1.95,0,0.0,0,0.0,0.0,0.0,2025-09-22,0.0,0.0
"Mar 08, 2026 - Mar 08, 2026",PRODUCT TARGETING EXACT CAMPAIGN,295732523762026,ASIN Exact targeting,517907737835689,"asin-expanded=""B0DCX7628T""",TARGETING_EXPRESSION,dr lyfe raw batana oil,USD,1,1,1.0,0.82,0.82,0,0.0,0,0.0,0.0,0.0,2026-03-08,0.0,0.0
"Sep 09, 2025 - Sep 09, 2025",PRODUCT TARGETING EXACT CAMPAIGN,295732523762026,ASIN Exact targeting,517907737835689,"asin-expanded=""B0CR1SYNNS""",TARGETING_EXPRESSION,B0DSCKBJLD,USD,33,2,0.06060606060606061,0.55,1.1,0,0.0,0,0.0,0.0,0.0,2025-09-09,0.0,0.0
"Sep 03, 2025 - Mar 19, 2026",BROAD MATCH CAMPAIGN,306896079483800,Broad Keyword,284907010614606,hair oil for hair growth,BROAD,lebanta hair growth oil,USD,429,4,0.009324009324009324,0.6975,2.79,0,0.0,0,0.0,0.0,0.0,2025-09-03,0.0,0.0
"Mar 16, 2026 - Mar 16, 2026",Auto Campaign 1 Signal Capture,468170906203317,Ad Group - Signal Capture,297953927298564,loose-match,TARGETING_EXPRESSION_PREDEFINED,pumpkinseed oil for hair,USD,1,1,1.0,0.5,0.5,0,0.0,0,0.0,0.0,0.0,2026-03-16,0.0,0.0
"Mar 03, 2026 - Mar 03, 2026",Auto Campaign 1 Signal Capture,468170906203317,Ad Group - Signal Capture,297953927298564,loose-match,TARGETING_EXPRESSION_PREDEFINED,￼l’oreal elvive growth,USD,1,1,1.0,0.64,0.64,0,0.0,0,0.0,0.0,0.0,2026-03-03,0.0,0.0
"Mar 01, 2026 - Mar 01, 2026",Auto Campaign 1 Signal Capture,468170906203317,Ad Group - Signal Capture,297953927298564,loose-match,TARGETING_EXPRESSION_PREDEFINED,twist and lock gel,USD,1,1,1.0,1.87,1.87,0,0.0,0,0.0,0.0,0.0,2026-03-01,0.0,0.0
"Jul 19, 2025 - Jul 23, 2025",Auto Campaign 1 Signal Capture,468170906203317,Ad Group - Signal Capture,297953927298564,close-match,TARGETING_EXPRESSION_PREDEFINED,B011W570KE,USD,10,1,0.1,0.8,0.8,0,0.0,0,0.0,0.0,0.0,2025-07-19,0.0,0.0
"Sep 05, 2025 - Nov 18, 2025",BROAD MATCH CAMPAIGN,306896079483800,Broad Keyword,284907010614606,hair growth,BROAD,chebe oil for hair growth,USD,135,1,0.007407407407407408,0.52,0.52,0,0.0,0,0.0,0.0,0.0,2025-09-05,0.0,0.0
"Sep 06, 2025 - Jan 01, 2026",BROAD MATCH CAMPAIGN,306896079483800,Broad Keyword,284907010614606,hair growth,BROAD,mary ruth hair growth,USD,260,1,0.0038461538461538464,0.82,0.82,0,0.0,0,0.0,0.0,0.0,2025-09-06,0.0,0.0
"Oct 12, 2025 - Dec 21, 2025",BROAD MATCH CAMPAIGN,306896079483800,Broad Keyword,284907010614606,hair growth,BROAD,african american hair growth products,USD,38,1,0.02631578947368421,0.75,0.75,0,0.0,0,0.0,0.0,0.0,2025-10-12,0.0,0.0
"Sep 23, 2025 - Sep 28, 2025",BROAD MATCH CAMPAIGN,306896079483800,Broad Keyword,284907010614606,men hair growth,BROAD,hair oil,USD,240,1,0.004166666666666667,0.86,0.86,0,0.0,0,0.0,0.0,0.0,2025-09-23,0.0,0.0
"Sep 01, 2025 - Jan 02, 2026",Batana Hair oil pharase Manual,292247191707127,Phrase Keywords,465120102858213,hair moisturizer,PHRASE,hair moisturizer for 4c hair,USD,33,1,0.030303030303030304,0.74,0.74,0,0.0,0,0.0,0.0,0.0,2025-09-01,0.0,0.0
"Jan 31, 2026 - Feb 01, 2026",Batana Oil Phrase Match,212832079341322,Batana Oil Phrase Match,450560731451216,hair growth,PHRASE,mary ruth hair growth,USD,25,1,0.04,0.92,0.92,0,0.0,0,0.0,0.0,0.0,2026-01-31,0.0,0.0
"Sep 10, 2025 - Jan 18, 2026",PRODUCT TARGETING EXACT CAMPAIGN,295732523762026,ASIN Exact targeting,517907737835689,"asin-expanded=""B01I2ZQJSG""",TARGETING_EXPRESSION,B07BFG4G5Y,USD,82,1,0.012195121951219513,0.65,0.65,0,0.0,0,0.0,0.0,0.0,2025-09-10,0.0,0.0
"Dec 10, 2025 - Dec 15, 2025",BROAD MATCH CAMPAIGN,306896079483800,Broad Keyword,284907010614606,batana oil hair,BROAD,aevy batana oil for hair loss,USD,56,1,0.017857142857142856,1.5,1.5,0,0.0,0,0.0,0.0,0.0,2025-12-10,0.0,0.0
"Sep 09, 2025 - Mar 16, 2026",BROAD MATCH CAMPAIGN,306896079483800,Broad Keyword,284907010614606,hair growth oil,BROAD,batan oil for hair growth,USD,32,1,0.03125,0.82,0.82,0,0.0,0,0.0,0.0,0.0,2025-09-09,0.0,0.0
"Feb 08, 2026 - Feb 10, 2026",Auto Campaign 1 Signal Capture,468170906203317,Ad Group - Signal Capture,297953927298564,close-match,TARGETING_EXPRESSION_PREDEFINED,amla oil for hair growth,USD,11,1,0.09090909090909091,1.58,1.58,0,0.0,0,0.0,0.0,0.0,2026-02-08,0.0,0.0
"Sep 08, 2025 - Jan 20, 2026",PRODUCT TARGETING EXACT CAMPAIGN,295732523762026,ASIN Exact targeting,517907737835689,"asin-expanded=""B0DCX7628T""",TARGETING_EXPRESSION,B0DBJBHMYC,USD,360,3,0.008333333333333333,0.72333,2.17,0,0.0,0,0.0,0.0,0.0,2025-09-08,0.0,0.0
"Sep 03, 2025 - Dec 14, 2025",BROAD MATCH CAMPAIGN,306896079483800,Broad Keyword,284907010614606,batana oil hair,BROAD,cold pressed batana oil for hair growth,USD,233,1,0.004291845493562232,1.5,1.5,0,0.0,0,0.0,0.0,0.0,2025-09-03,0.0,0.0
"Dec 07, 2025 - Dec 10, 2025",BROAD MATCH CAMPAIGN,306896079483800,Broad Keyword,284907010614606,hair growth oil,BROAD,baby hair super growth oil,USD,8,1,0.125,0.83,0.83,0,0.0,0,0.0,0.0,0.0,2025-12-07,0.0,0.0
"Sep 05, 2025 - Dec 03, 2025",BROAD MATCH CAMPAIGN,306896079483800,Broad Keyword,284907010614606,hair growth,BROAD,wild growth hair oil,USD,247,1,0.004048582995951417,0.52,0.52,0,0.0,0,0.0,0.0,0.0,2025-09-05,0.0,0.0
"Feb 05, 2026 - Feb 05, 2026",Batana Oil Phrase Match,212832079341322,Batana Oil Phrase Match,450560731451216,growth,PHRASE,batana+oil+leave+in+conditioner+for+hair+growth+4c hair,USD,3,1,0.3333333333333333,0.92,0.92,0,0.0,0,0.0,0.0,0.0,2026-02-05,0.0,0.0
"Nov 04, 2025 - Jan 17, 2026",Batana Hair oil pharase Manual,292247191707127,Phrase Keywords,465120102858213,hair growth oil,PHRASE,crown naturale 10 n 1 chebe hair growth oil,USD,17,1,0.058823529411764705,0.65,0.65,0,0.0,0,0.0,0.0,0.0,2025-11-04,0.0,0.0
"Mar 03, 2026 - Mar 03, 2026",Auto Campaign 1 Signal Capture,468170906203317,Ad Group - Signal Capture,297953927298564,loose-match,TARGETING_EXPRESSION_PREDEFINED,chemical natural hair,USD,1,1,1.0,0.23,0.23,0,0.0,0,0.0,0.0,0.0,2026-03-03,0.0,0.0
"Sep 09, 2025 - Mar 15, 2026",BROAD MATCH CAMPAIGN,306896079483800,Broad Keyword,284907010614606,hair growth oil,BROAD,bata a oil for hair growth,USD,38,1,0.02631578947368421,1.2,1.2,0,0.0,0,0.0,0.0,0.0,2025-09-09,0.0,0.0
"Sep 07, 2025 - Dec 20, 2025",BROAD MATCH CAMPAIGN,306896079483800,Broad Keyword,284907010614606,hair growth,BROAD,hair growth products for black women,USD,299,4,0.013377926421404682,0.9575,3.83,1,9.99,1,2.60836,3.83,0.0,2025-09-07,0.3833833833833834,0.25
"Sep 03, 2025 - Mar 19, 2026",BROAD MATCH CAMPAIGN,306896079483800,Broad Keyword,284907010614606,hair growth,BROAD,herbs for hair growth,USD,438,1,0.00228310502283105,0.52,0.52,0,0.0,0,0.0,0.0,0.0,2025-09-03,0.0,0.0
"Sep 24, 2025 - Jan 15, 2026",BROAD MATCH CAMPAIGN,306896079483800,Broad Keyword,284907010614606,hair grease for black hair growth,BROAD,natural hair growth grease for black women,USD,4,1,0.25,1.12,1.12,0,0.0,0,0.0,0.0,0.0,2025-09-24,0.0,0.0
"Jan 22, 2026 - Feb 04, 2026",Auto Campaign 2 Cheap Discovery,163081140507766,Ad Group Cheap Discovery,391494289840856,substitutes,TARGETING_EXPRESSION_PREDEFINED,aunt jackies hair products,USD,118,1,0.00847457627118644,0.66,0.66,0,0.0,0,0.0,0.0,0.0,2026-01-22,0.0,0.0
"Sep 08, 2025 - Mar 13, 2026",BROAD MATCH CAMPAIGN,306896079483800,Broad Keyword,284907010614606,hair growth oil,BROAD,baby hair growth oil for black babies,USD,200,1,0.005,1.35,1.35,0,0.0,0,0.0,0.0,0.0,2025-09-08,0.0,0.0
"Sep 08, 2025 - Jan 04, 2026",BROAD MATCH CAMPAIGN,306896079483800,Broad Keyword,284907010614606,hair growth oil,BROAD,veganic natural hair growth oil,USD,172,1,0.005813953488372093,0.82,0.82,0,0.0,0,0.0,0.0,0.0,2025-09-08,0.0,0.0
"Sep 03, 2025 - Mar 20, 2026",BROAD MATCH CAMPAIGN,306896079483800,Broad Keyword,284907010614606,hair oil for hair growth,BROAD,chebe oil for hair growth,USD,96,2,0.020833333333333332,0.655,1.31,0,0.0,0,0.0,0.0,0.0,2025-09-03,0.0,0.0
"Sep 23, 2025 - Dec 03, 2025",BROAD MATCH CAMPAIGN,306896079483800,Broad Keyword,284907010614606,batana oil hair loss,BROAD,batana hair oil,USD,425,7,0.01647058823529412,0.66143,4.63,0,0.0,0,0.0,0.0,0.0,2025-09-23,0.0,0.0
"Nov 26, 2025 - Jan 10, 2026",BROAD MATCH CAMPAIGN,306896079483800,Broad Keyword,284907010614606,batana oil,BROAD,aevy batana oil,USD,323,1,0.0030959752321981426,1.12,1.12,0,0.0,0,0.0,0.0,0.0,2025-11-26,0.0,0.0
"Oct 01, 2025 - Jan 22, 2026",Batana Hair oil pharase Manual,292247191707127,Phrase Keywords,465120102858213,hair moisturizer,PHRASE,hair moisturizer black women,USD,9,1,0.1111111111111111,0.8,0.8,0,0.0,0,0.0,0.0,0.0,2025-10-01,0.0,0.0
"Sep 26, 2025 - Sep 26, 2025",PRODUCT TARGETING EXACT CAMPAIGN,295732523762026,ASIN Exact targeting,517907737835689,"asin=""B0CJKSW96B""",TARGETING_EXPRESSION,4c natural hair care products,USD,1,1,1.0,0.6,0.6,0,0.0,0,0.0,0.0,0.0,2025-09-26,0.0,0.0
"Sep 04, 2025 - Sep 18, 2025",PRODUCT TARGETING EXACT CAMPAIGN,295732523762026,ASIN Exact targeting,517907737835689,"asin-expanded=""B0DL5LB7JH""",TARGETING_EXPRESSION,B00E3B1ZPG,USD,14,1,0.07142857142857142,0.29,0.29,0,0.0,0,0.0,0.0,0.0,2025-09-04,0.0,0.0
"Jul 09, 2025 - Jan 02, 2026",Auto Campaign 1 Signal Capture,468170906203317,Ad Group - Signal Capture,297953927298564,substitutes,TARGETING_EXPRESSION_PREDEFINED,B0DHR3P2D2,USD,8,1,0.125,0.7,0.7,0,0.0,0,0.0,0.0,0.0,2025-07-09,0.0,0.0
"Jan 10, 2026 - Jan 10, 2026",Batana Hair oil pharase Manual,292247191707127,Phrase Keywords,465120102858213,edge growth for black women,PHRASE,edge growth for black woman hair,USD,1,1,1.0,0.6,0.6,0,0.0,0,0.0,0.0,0.0,2026-01-10,0.0,0.0
"Sep 05, 2025 - Mar 17, 2026",BROAD MATCH CAMPAIGN,306896079483800,Broad Keyword,284907010614606,batana oil,BROAD,batana oil azure,USD,47,2,0.0425531914893617,0.82,1.64,0,0.0,0,0.0,0.0,0.0,2025-09-05,0.0,0.0
"Sep 15, 2025 - Sep 15, 2025",Batana Hair oil pharase Manual,292247191707127,Phrase Keywords,465120102858213,hair growth products,PHRASE,hair growth products african american,USD,1,1,1.0,0.44,0.44,0,0.0,0,0.0,0.0,0.0,2025-09-15,0.0,0.0
"Jul 04, 2025 - Feb 12, 2026",Auto Campaign 1 Signal Capture,468170906203317,Ad Group - Signal Capture,297953927298564,close-match,TARGETING_EXPRESSION_PREDEFINED,raw batana,USD,61,1,0.01639344262295082,1.4,1.4,1,14.99,1,10.70714,1.4,0.0,2025-07-04,0.0933955970647098,1.0
"Sep 10, 2025 - Dec 15, 2025",BROAD MATCH CAMPAIGN,306896079483800,Broad Keyword,284907010614606,hair growth oil,BROAD,lebanta raw batana oil for hair growth,USD,205,1,0.004878048780487805,1.04,1.04,1,9.99,1,9.60577,1.04,0.0,2025-09-10,0.1041041041041041,1.0
"Dec 28, 2025 - Dec 29, 2025",BROAD MATCH CAMPAIGN,306896079483800,Broad Keyword,284907010614606,hair growth,BROAD,hair growth serums,USD,4,1,0.25,0.55,0.55,0,0.0,0,0.0,0.0,0.0,2025-12-28,0.0,0.0
"Sep 10, 2025 - Jan 18, 2026",PRODUCT TARGETING EXACT CAMPAIGN,295732523762026,ASIN Exact targeting,517907737835689,"asin-expanded=""B01I2ZQJSG""",TARGETING_EXPRESSION,B0BCR476ZM,USD,56,1,0.017857142857142856,0.5,0.5,0,0.0,0,0.0,0.0,0.0,2025-09-10,0.0,0.0
"Sep 05, 2025 - Mar 11, 2026",BROAD MATCH CAMPAIGN,306896079483800,Broad Keyword,284907010614606,hair growth,BROAD,wild hair growth,USD,73,1,0.0136986301369863,1.04,1.04,0,0.0,0,0.0,0.0,0.0,2025-09-05,0.0,0.0
"Sep 08, 2025 - Dec 15, 2025",BROAD MATCH CAMPAIGN,306896079483800,Broad Keyword,284907010614606,hair growth oil,BROAD,vital batana oil for hair growth,USD,78,1,0.01282051282051282,0.63,0.63,0,0.0,0,0.0,0.0,0.0,2025-09-08,0.0,0.0
"Sep 04, 2025 - Mar 18, 2026",Batana Hair oil pharase Manual,292247191707127,Phrase Keywords,465120102858213,hair moisturizer,PHRASE,daily hair moisturizer,USD,89,1,0.011235955056179775,0.6,0.6,1,13.99,1,23.31667,0.6,0.0,2025-09-04,0.04288777698355968,1.0
"Sep 07, 2025 - Oct 28, 2025",BROAD MATCH CAMPAIGN,306896079483800,Broad Keyword,284907010614606,hair growth,BROAD,septha hair growth,USD,3,1,0.3333333333333333,0.52,0.52,0,0.0,0,0.0,0.0,0.0,2025-09-07,0.0,0.0
"Oct 21, 2025 - Oct 22, 2025",BROAD MATCH CAMPAIGN,306896079483800,Broad Keyword,284907010614606,hair growth,BROAD,avocado oil for hair growth organic,USD,1,1,1.0,0.52,0.52,0,0.0,0,0.0,0.0,0.0,2025-10-21,0.0,0.0
"Jan 23, 2026 - Feb 01, 2026",Batana Oil Exact Ranking,116719674392449,High Intent,417102371297812,"keyword-group=""Keywords related to your product category""",TARGETING_EXPRESSION,natural hair oils,USD,145,1,0.006896551724137931,2.03,2.03,0,0.0,0,0.0,0.0,0.0,2026-01-23,0.0,0.0
"Jan 29, 2026 - Jan 31, 2026",Batana Oil Phrase Match,212832079341322,Batana Oil Phrase Match,450560731451216,growth,PHRASE,vatika hair oil growth,USD,7,2,0.2857142857142857,0.92,1.84,0,0.0,0,0.0,0.0,0.0,2026-01-29,0.0,0.0
"Sep 06, 2025 - Sep 28, 2025",PRODUCT TARGETING EXACT CAMPAIGN,295732523762026,ASIN Exact targeting,517907737835689,"asin-expanded=""B0F9XFGYVB""",TARGETING_EXPRESSION,B0DCVXWZHD,USD,2,1,0.5,0.75,0.75,0,0.0,0,0.0,0.0,0.0,2025-09-06,0.0,0.0
"Sep 02, 2025 - Sep 22, 2025",Auto Campaign 1 Signal Capture,468170906203317,Ad Group - Signal Capture,297953927298564,substitutes,TARGETING_EXPRESSION_PREDEFINED,B0FGX61L6H,USD,69,1,0.014492753623188406,0.46,0.46,0,0.0,0,0.0,0.0,0.0,2025-09-02,0.0,0.0
"Sep 09, 2025 - Mar 15, 2026",PRODUCT TARGETING EXACT CAMPAIGN,295732523762026,ASIN Exact targeting,517907737835689,"asin-expanded=""B01I2ZQJSG""",TARGETING_EXPRESSION,B0C6HLD3LX,USD,64,1,0.015625,0.55,0.55,0,0.0,0,0.0,0.0,0.0,2025-09-09,0.0,0.0
"Sep 26, 2025 - Dec 06, 2025",BROAD MATCH CAMPAIGN,306896079483800,Broad Keyword,284907010614606,batana oil,BROAD,batana oil refined,USD,3,1,0.3333333333333333,0.52,0.52,0,0.0,0,0.0,0.0,0.0,2025-09-26,0.0,0.0
"Dec 28, 2025 - Dec 28, 2025",Batana Hair oil pharase Manual,292247191707127,Phrase Keywords,465120102858213,hair growth oil,PHRASE,hair growth oils for rapid regrowth,USD,1,1,1.0,0.7,0.7,0,0.0,0,0.0,0.0,0.0,2025-12-28,0.0,0.0
"Feb 12, 2026 - Mar 16, 2026",Batana Hair oil pharase Manual,292247191707127,Phrase Keywords,465120102858213,batana,PHRASE,batana oil amazon,USD,31,1,0.03225806451612903,3.6,3.6,0,0.0,0,0.0,0.0,0.0,2026-02-12,0.0,0.0
"Nov 25, 2025 - Jan 18, 2026",PRODUCT TARGETING EXACT CAMPAIGN,295732523762026,ASIN Exact targeting,517907737835689,"asin-expanded=""B0DCX7628T""",TARGETING_EXPRESSION,B0FZBJYB58,USD,51,1,0.0196078431372549,0.75,0.75,0,0.0,0,0.0,0.0,0.0,2025-11-25,0.0,0.0
"Mar 07, 2026 - Mar 07, 2026",Auto Campaign 1 Signal Capture,468170906203317,Ad Group - Signal Capture,297953927298564,loose-match,TARGETING_EXPRESSION_PREDEFINED,anti shedding hair oil men,USD,1,1,1.0,0.84,0.84,0,0.0,0,0.0,0.0,0.0,2026-03-07,0.0,0.0
"Feb 12, 2026 - Mar 16, 2026",Batana Hair oil pharase Manual,292247191707127,Phrase Keywords,465120102858213,batana,PHRASE,labanta batana oil,USD,146,2,0.0136986301369863,2.57,5.14,0,0.0,0,0.0,0.0,0.0,2026-02-12,0.0,0.0
"Jan 23, 2026 - Feb 06, 2026",Batana Oil Exact Ranking,116719674392449,High Intent,417102371297812,"keyword-group=""Keywords related to your product category""",TARGETING_EXPRESSION,coconut oil hair,USD,533,1,0.001876172607879925,1.59,1.59,0,0.0,0,0.0,0.0,0.0,2026-01-23,0.0,0.0
"Jan 21, 2026 - Jan 21, 2026",Auto Campaign 2 Cheap Discovery,163081140507766,Ad Group Cheap Discovery,391494289840856,loose-match,TARGETING_EXPRESSION_PREDEFINED,camille rose batana butter balm,USD,2,1,0.5,0.76,0.76,0,0.0,0,0.0,0.0,0.0,2026-01-21,0.0,0.0
"Sep 09, 2025 - Mar 16, 2026",PRODUCT TARGETING EXACT CAMPAIGN,295732523762026,ASIN Exact targeting,517907737835689,"asin-expanded=""B01I2ZQJSG""",TARGETING_EXPRESSION,B07N7NBYSP,USD,73,1,0.0136986301369863,0.45,0.45,0,0.0,0,0.0,0.0,0.0,2025-09-09,0.0,0.0
"Nov 15, 2025 - Dec 05, 2025",PRODUCT TARGETING EXPANDED CAMPAIGN,488143762344483,ASIN Expanded targeting,501339022401488,"asin-expanded=""B0DSHXCT4N""",TARGETING_EXPRESSION,B0CJKSW96B,USD,21,1,0.047619047619047616,0.5,0.5,0,0.0,0,0.0,0.0,0.0,2025-11-15,0.0,0.0
"Jul 09, 2025 - Oct 24, 2025",PRODUCT TARGETING EXACT CAMPAIGN,295732523762026,ASIN Exact targeting,517907737835689,"asin=""B0F3BB1B6Z""",TARGETING_EXPRESSION,best edge growth for black women,USD,18,1,0.05555555555555555,0.39,0.39,0,0.0,0,0.0,0.0,0.0,2025-07-09,0.0,0.0
"Sep 10, 2025 - Jan 19, 2026",PRODUCT TARGETING EXACT CAMPAIGN,295732523762026,ASIN Exact targeting,517907737835689,"asin-expanded=""B01I2ZQJSG""",TARGETING_EXPRESSION,B07B4NKVGF,USD,145,2,0.013793103448275862,0.41,0.82,2,28.98,2,35.34146,0.41,0.0,2025-09-10,0.028295376121463076,1.0
"Nov 05, 2025 - Jan 02, 2026",BROAD MATCH CAMPAIGN,306896079483800,Broad Keyword,284907010614606,hair growth,BROAD,edge growth hair,USD,4,1,0.25,0.82,0.82,0,0.0,0,0.0,0.0,0.0,2025-11-05,0.0,0.0
"Oct 17, 2025 - Oct 17, 2025",PRODUCT TARGETING EXACT CAMPAIGN,295732523762026,ASIN Exact targeting,517907737835689,"asin-expanded=""B0CMXF1NK3""",TARGETING_EXPRESSION,B0CNQ7TJBQ,USD,1,1,1.0,0.4,0.4,0,0.0,0,0.0,0.0,0.0,2025-10-17,0.0,0.0
"Sep 07, 2025 - Jan 01, 2026",BROAD MATCH CAMPAIGN,306896079483800,Broad Keyword,284907010614606,hair growth,BROAD,silicone scalp massager for hair growth,USD,13,1,0.07692307692307693,0.51,0.51,0,0.0,0,0.0,0.0,0.0,2025-09-07,0.0,0.0
"Jan 10, 2026 - Jan 18, 2026",BROAD MATCH CAMPAIGN,306896079483800,Broad Keyword,284907010614606,extremely fast hair growth,BROAD,natural hair growth products for men,USD,2,1,0.5,0.9,0.9,0,0.0,0,0.0,0.0,0.0,2026-01-10,0.0,0.0
"Sep 02, 2025 - Sep 05, 2025",BROAD MATCH CAMPAIGN,306896079483800,Broad Keyword,284907010614606,batana oil pure,BROAD,vital pure batana oil,USD,44,1,0.022727272727272728,1.71,1.71,0,0.0,0,0.0,0.0,0.0,2025-09-02,0.0,0.0
"Sep 27, 2025 - Sep 27, 2025",PRODUCT TARGETING EXACT CAMPAIGN,295732523762026,ASIN Exact targeting,517907737835689,"asin=""B01I2ZQJSG""",TARGETING_EXPRESSION,hair strengthening products,USD,1,1,1.0,0.5,0.5,0,0.0,0,0.0,0.0,0.0,2025-09-27,0.0,0.0
"Sep 05, 2025 - Sep 30, 2025",PRODUCT TARGETING EXACT CAMPAIGN,295732523762026,ASIN Exact targeting,517907737835689,"asin-expanded=""B0DL5LB7JH""",TARGETING_EXPRESSION,B07FK3JVQL,USD,16,1,0.0625,0.58,0.58,0,0.0,0,0.0,0.0,0.0,2025-09-05,0.0,0.0
"Nov 27, 2025 - Jan 06, 2026",PRODUCT TARGETING EXACT CAMPAIGN,295732523762026,ASIN Exact targeting,517907737835689,"asin-expanded=""B01I2ZQJSG""",TARGETING_EXPRESSION,B0BCR43SCW,USD,47,1,0.02127659574468085,0.55,0.55,1,16.99,1,30.89091,0.55,0.0,2025-11-27,0.032371983519717484,1.0
"Dec 02, 2025 - Mar 17, 2026",BROAD MATCH CAMPAIGN,306896079483800,Broad Keyword,284907010614606,hair growth batana oil,BROAD,kuri nuka batana oil for hair growth,USD,88,1,0.011363636363636364,1.05,1.05,0,0.0,0,0.0,0.0,0.0,2025-12-02,0.0,0.0
"Sep 08, 2025 - Jan 16, 2026",BROAD MATCH CAMPAIGN,306896079483800,Broad Keyword,284907010614606,hair growth oil,BROAD,7 oils for hair growth,USD,74,1,0.013513513513513514,0.9,0.9,0,0.0,0,0.0,0.0,0.0,2025-09-08,0.0,0.0
"Sep 08, 2025 - Sep 08, 2025",BROAD MATCH CAMPAIGN,306896079483800,Broad Keyword,284907010614606,hair growth oil,BROAD,olive oil daily moisturizer for hair growth,USD,2,1,0.5,1.8,1.8,1,9.99,1,5.55,1.8,0.0,2025-09-08,0.18018018018018017,1.0
"Aug 31, 2025 - Dec 27, 2025",Auto Campaign 1 Signal Capture,468170906203317,Ad Group - Signal Capture,297953927298564,substitutes,TARGETING_EXPRESSION_PREDEFINED,B0DGFZTZMR,USD,76,1,0.013157894736842105,0.44,0.44,0,0.0,0,0.0,0.0,0.0,2025-08-31,0.0,0.0
"Jan 29, 2026 - Feb 05, 2026",Batana Oil Phrase Match,212832079341322,Batana Oil Phrase Match,450560731451216,growth,PHRASE,edge growth for black hair,USD,45,1,0.022222222222222223,0.92,0.92,0,0.0,0,0.0,0.0,0.0,2026-01-29,0.0,0.0
"Jan 23, 2026 - Jan 27, 2026",Batana Oil Exact Ranking,116719674392449,High Intent,417102371297812,"keyword-group=""Keywords related to your product category""",TARGETING_EXPRESSION,elvive hair oil,USD,12,1,0.08333333333333333,2.04,2.04,0,0.0,0,0.0,0.0,0.0,2026-01-23,0.0,0.0
"Feb 01, 2026 - Feb 01, 2026",Batana Oil Phrase Match,212832079341322,Batana Oil Phrase Match,450560731451216,growth,PHRASE,canvas serum hair growth,USD,2,1,0.5,0.92,0.92,0,0.0,0,0.0,0.0,0.0,2026-02-01,0.0,0.0
"Sep 10, 2025 - Sep 10, 2025",BROAD MATCH CAMPAIGN,306896079483800,Broad Keyword,284907010614606,hair growth oil,BROAD,castor oil water spray for hair growth,USD,1,1,1.0,1.35,1.35,0,0.0,0,0.0,0.0,0.0,2025-09-10,0.0,0.0
"Sep 08, 2025 - Dec 20, 2025",BROAD MATCH CAMPAIGN,306896079483800,Broad Keyword,284907010614606,hair growth oil,BROAD,vital banana oil for hair growth,USD,32,1,0.03125,1.12,1.12,0,0.0,0,0.0,0.0,0.0,2025-09-08,0.0,0.0
"Oct 30, 2025 - Jan 21, 2026",Batana Hair oil Exact Manual,502286450850716,Exact Keywords,296070289941158,edge growth for black women,EXACT,edge growth for black women,USD,69,2,0.028985507246376812,0.45,0.9,0,0.0,0,0.0,0.0,0.0,2025-10-30,0.0,0.0
"Sep 06, 2025 - Sep 06, 2025",BROAD MATCH CAMPAIGN,306896079483800,Broad Keyword,284907010614606,hair growth,BROAD,natural oil for hair growth,USD,1,1,1.0,1.04,1.04,0,0.0,0,0.0,0.0,0.0,2025-09-06,0.0,0.0
"Mar 06, 2026 - Mar 15, 2026",PRODUCT TARGETING EXACT CAMPAIGN,295732523762026,ASIN Exact targeting,517907737835689,"asin=""B0CP4K4CL8""",TARGETING_EXPRESSION,vitapointe hair cream original jar,USD,9,1,0.1111111111111111,1.16,1.16,0,0.0,0,0.0,0.0,0.0,2026-03-06,0.0,0.0
"Dec 14, 2025 - Dec 14, 2025",BROAD MATCH CAMPAIGN,306896079483800,Broad Keyword,284907010614606,hair growth oil,BROAD,doo gro hair oil anti itch growth oil,USD,1,1,1.0,0.15,0.15,0,0.0,0,0.0,0.0,0.0,2025-12-14,0.0,0.0
"Nov 11, 2025 - Nov 11, 2025",Auto Campaign 1 Signal Capture,468170906203317,Ad Group - Signal Capture,297953927298564,loose-match,TARGETING_EXPRESSION_PREDEFINED,dr. sebi’s hair food oil,USD,1,1,1.0,0.4,0.4,0,0.0,0,0.0,0.0,0.0,2025-11-11,0.0,0.0
"Jul 18, 2025 - Sep 22, 2025",Auto Campaign 1 Signal Capture,468170906203317,Ad Group - Signal Capture,297953927298564,substitutes,TARGETING_EXPRESSION_PREDEFINED,B0FDFDMX7F,USD,27,3,0.1111111111111111,0.65333,1.96,0,0.0,0,0.0,0.0,0.0,2025-07-18,0.0,0.0
"Nov 20, 2025 - Nov 20, 2025",Auto Campaign 1 Signal Capture,468170906203317,Ad Group - Signal Capture,297953927298564,loose-match,TARGETING_EXPRESSION_PREDEFINED,buy dana oil for your hair,USD,1,1,1.0,0.45,0.45,0,0.0,0,0.0,0.0,0.0,2025-11-20,0.0,0.0
"Nov 25, 2025 - Dec 13, 2025",PRODUCT TARGETING EXACT CAMPAIGN,295732523762026,ASIN Exact targeting,517907737835689,"asin-expanded=""B000V8MTIC""",TARGETING_EXPRESSION,B003ZCU14A,USD,27,1,0.037037037037037035,0.41,0.41,0,0.0,0,0.0,0.0,0.0,2025-11-25,0.0,0.0
"Sep 30, 2025 - Mar 12, 2026",BROAD MATCH CAMPAIGN,306896079483800,Broad Keyword,284907010614606,hair growth,BROAD,cream for hair growth,USD,15,1,0.06666666666666667,0.73,0.73,0,0.0,0,0.0,0.0,0.0,2025-09-30,0.0,0.0
"Sep 02, 2025 - Mar 07, 2026",Batana Hair oil Exact Manual,502286450850716,Exact Keywords,296070289941158,batana oil for hair growth,EXACT,batana oil for hair growth,USD,61328,348,0.005674406470127838,0.86606,301.39,27,481.23,28,1.5967,11.16259,0.0,2025-09-02,0.6262909627413087,0.07758620689655173
"Mar 06, 2026 - Mar 06, 2026",Auto Campaign 1 Signal Capture,468170906203317,Ad Group - Signal Capture,297953927298564,close-match,TARGETING_EXPRESSION_PREDEFINED,organic hair growth raw,USD,1,1,1.0,0.92,0.92,0,0.0,0,0.0,0.0,0.0,2026-03-06,0.0,0.0
"Sep 15, 2025 - Jan 16, 2026",Auto Campaign 1 Signal Capture,468170906203317,Ad Group - Signal Capture,297953927298564,substitutes,TARGETING_EXPRESSION_PREDEFINED,B0CH79ZSZK,USD,34,1,0.029411764705882353,0.6,0.6,0,0.0,0,0.0,0.0,0.0,2025-09-15,0.0,0.0
"Nov 19, 2025 - Dec 14, 2025",BROAD MATCH CAMPAIGN,306896079483800,Broad Keyword,284907010614606,batana oil hair,BROAD,adevwair batana oil for hair growth,USD,4,1,0.25,1.5,1.5,0,0.0,0,0.0,0.0,0.0,2025-11-19,0.0,0.0
"Feb 03, 2026 - Feb 03, 2026",Batana Oil Phrase Match,212832079341322,Batana Oil Phrase Match,450560731451216,hair oil,PHRASE,tmm hair oil,USD,1,1,1.0,0.82,0.82,0,0.0,0,0.0,0.0,0.0,2026-02-03,0.0,0.0
"Sep 30, 2025 - Sep 30, 2025",BROAD MATCH CAMPAIGN,306896079483800,Broad Keyword,284907010614606,batana oil hair growth,BROAD,batana oil for hair growth kuri nuka,USD,1,1,1.0,0.52,0.52,0,0.0,0,0.0,0.0,0.0,2025-09-30,0.0,0.0
"Sep 26, 2025 - Sep 26, 2025",BROAD MATCH CAMPAIGN,306896079483800,Broad Keyword,284907010614606,best hair growth products for women,BROAD,best hair growth products for black women,USD,2,1,0.5,0.58,0.58,0,0.0,0,0.0,0.0,0.0,2025-09-26,0.0,0.0
"Jul 04, 2025 - Jul 04, 2025",Auto Campaign 1 Signal Capture,468170906203317,Ad Group - Signal Capture,297953927298564,loose-match,TARGETING_EXPRESSION_PREDEFINED,venicell eternal,USD,1,1,1.0,1.0,1.0,0,0.0,0,0.0,0.0,0.0,2025-07-04,0.0,0.0
"Feb 12, 2026 - Mar 02, 2026",Batana Hair oil pharase Manual,292247191707127,Phrase Keywords,465120102858213,batana,PHRASE,batana oil organic,USD,142,3,0.02112676056338028,2.44667,7.34,1,16.99,1,2.31471,7.34,0.0,2026-02-12,0.4320188346085933,0.3333333333333333
"Sep 27, 2025 - Sep 27, 2025",BROAD MATCH CAMPAIGN,306896079483800,Broad Keyword,284907010614606,mens hair growth shampoo,BROAD,batana shampoo,USD,2,1,0.5,1.12,1.12,0,0.0,0,0.0,0.0,0.0,2025-09-27,0.0,0.0
"Oct 15, 2025 - Mar 16, 2026",PRODUCT TARGETING EXACT CAMPAIGN,295732523762026,ASIN Exact targeting,517907737835689,"asin-expanded=""B000V8MTIC""",TARGETING_EXPRESSION,B00E3B1SVM,USD,69,1,0.014492753623188406,0.57,0.57,0,0.0,0,0.0,0.0,0.0,2025-10-15,0.0,0.0
"Mar 05, 2026 - Mar 07, 2026",PRODUCT TARGETING EXACT CAMPAIGN,295732523762026,ASIN Exact targeting,517907737835689,"asin=""B01I2ZQJSG""",TARGETING_EXPRESSION,ceraglaze for hair,USD,4,1,0.25,1.2,1.2,0,0.0,0,0.0,0.0,0.0,2026-03-05,0.0,0.0
"Jul 23, 2025 - Feb 25, 2026",Auto Campaign 1 Signal Capture,468170906203317,Ad Group - Signal Capture,297953927298564,loose-match,TARGETING_EXPRESSION_PREDEFINED,edge entity,USD,9,1,0.1111111111111111,0.63,0.63,0,0.0,0,0.0,0.0,0.0,2025-07-23,0.0,0.0
"Jan 12, 2026 - Jan 12, 2026",BROAD MATCH CAMPAIGN,306896079483800,Broad Keyword,284907010614606,hair growth,BROAD,leave on hair gel for growth,USD,2,1,0.5,0.55,0.55,0,0.0,0,0.0,0.0,0.0,2026-01-12,0.0,0.0
"Sep 07, 2025 - Mar 16, 2026",BROAD MATCH CAMPAIGN,306896079483800,Broad Keyword,284907010614606,hair growth,BROAD,derma stamp for hair growth,USD,37,1,0.02702702702702703,1.35,1.35,0,0.0,0,0.0,0.0,0.0,2025-09-07,0.0,0.0
"Sep 08, 2025 - Dec 14, 2025",PRODUCT TARGETING EXACT CAMPAIGN,295732523762026,ASIN Exact targeting,517907737835689,"asin-expanded=""B0DCX7628T""",TARGETING_EXPRESSION,B0DJS3X3C4,USD,75,2,0.02666666666666667,0.85,1.7,1,9.99,1,5.87647,1.7,0.0,2025-09-08,0.17017017017017017,0.5
"Jan 23, 2026 - Jan 27, 2026",Batana Oil Exact Ranking,116719674392449,High Intent,417102371297812,"keyword-group=""Keywords related to your product category""",TARGETING_EXPRESSION,botana oil hair growth,USD,1659,5,0.0030138637733574444,1.972,9.86,0,0.0,0,0.0,0.0,0.0,2026-01-23,0.0,0.0
"Sep 18, 2025 - Jan 05, 2026",Auto Campaign 1 Signal Capture,468170906203317,Ad Group - Signal Capture,297953927298564,substitutes,TARGETING_EXPRESSION_PREDEFINED,B00028O63M,USD,4,1,0.25,0.5,0.5,0,0.0,0,0.0,0.0,0.0,2025-09-18,0.0,0.0
"Dec 05, 2025 - Jan 18, 2026",Batana Hair oil pharase Manual,292247191707127,Phrase Keywords,465120102858213,hair growth,PHRASE,chebe for hair growth,USD,11,1,0.09090909090909091,0.91,0.91,0,0.0,0,0.0,0.0,0.0,2025-12-05,0.0,0.0
"Sep 07, 2025 - Jan 18, 2026",PRODUCT TARGETING EXACT CAMPAIGN,295732523762026,ASIN Exact targeting,517907737835689,"asin-expanded=""B0DCX7628T""",TARGETING_EXPRESSION,B001797W40,USD,169,2,0.011834319526627219,0.85,1.7,0,0.0,0,0.0,0.0,0.0,2025-09-07,0.0,0.0
"Feb 04, 2026 - Feb 04, 2026",Batana Oil Phrase Match,212832079341322,Batana Oil Phrase Match,450560731451216,growth,PHRASE,honduras banana oil for hair growth,USD,1,1,1.0,0.92,0.92,0,0.0,0,0.0,0.0,0.0,2026-02-04,0.0,0.0
"Jul 18, 2025 - Dec 11, 2025",Auto Campaign 1 Signal Capture,468170906203317,Ad Group - Signal Capture,297953927298564,loose-match,TARGETING_EXPRESSION_PREDEFINED,edges growth oil for black women,USD,4,1,0.25,0.47,0.47,0,0.0,0,0.0,0.0,0.0,2025-07-18,0.0,0.0
"Sep 03, 2025 - Mar 03, 2026",Auto Campaign 1 Signal Capture,468170906203317,Ad Group - Signal Capture,297953927298564,loose-match,TARGETING_EXPRESSION_PREDEFINED,best edge control for black women,USD,79,1,0.012658227848101266,0.45,0.45,1,9.99,1,22.2,0.45,0.0,2025-09-03,0.04504504504504504,1.0
"Sep 05, 2025 - Mar 15, 2026",BROAD MATCH CAMPAIGN,306896079483800,Broad Keyword,284907010614606,hair growth,BROAD,hair fertilizer for hair growth,USD,59,1,0.01694915254237288,0.52,0.52,0,0.0,0,0.0,0.0,0.0,2025-09-05,0.0,0.0
"Jan 27, 2026 - Feb 05, 2026",Batana Oil Phrase Match,212832079341322,Batana Oil Phrase Match,450560731451216,growth,PHRASE,hair growth serum,USD,93,1,0.010752688172043012,0.92,0.92,0,0.0,0,0.0,0.0,0.0,2026-01-27,0.0,0.0
"Nov 12, 2025 - Dec 22, 2025",BROAD MATCH CAMPAIGN,306896079483800,Broad Keyword,284907010614606,hair growth oil,BROAD,bask and lather scalp stimulator hair growth oil,USD,297,2,0.006734006734006734,0.75,1.5,0,0.0,0,0.0,0.0,0.0,2025-11-12,0.0,0.0
"Jul 04, 2025 - Mar 18, 2026",Auto Campaign 1 Signal Capture,468170906203317,Ad Group - Signal Capture,297953927298564,substitutes,TARGETING_EXPRESSION_PREDEFINED,B0D9NNF8Q8,USD,403,1,0.0024813895781637717,0.45,0.45,0,0.0,0,0.0,0.0,0.0,2025-07-04,0.0,0.0
"Sep 05, 2025 - Jan 21, 2026",BROAD MATCH CAMPAIGN,306896079483800,Broad Keyword,284907010614606,hair growth,BROAD,t444z hair food for hair growth,USD,20,1,0.05,0.82,0.82,0,0.0,0,0.0,0.0,0.0,2025-09-05,0.0,0.0
"Feb 05, 2026 - Feb 05, 2026",Batana Oil Phrase Match,212832079341322,Batana Oil Phrase Match,450560731451216,hair growth,PHRASE,real batana oil for hair growth,USD,1,1,1.0,0.92,0.92,0,0.0,0,0.0,0.0,0.0,2026-02-05,0.0,0.0
"Jan 30, 2026 - Feb 05, 2026",Batana Oil Phrase Match,212832079341322,Batana Oil Phrase Match,450560731451216,growth,PHRASE,bantans oil for hair growth,USD,12,1,0.08333333333333333,0.92,0.92,0,0.0,0,0.0,0.0,0.0,2026-01-30,0.0,0.0
"Feb 24, 2026 - Mar 02, 2026",Batana Hair oil pharase Manual,292247191707127,Phrase Keywords,465120102858213,batana,PHRASE,raw batana oil by dr. sebi,USD,7,1,0.14285714285714285,1.4,1.4,0,0.0,0,0.0,0.0,0.0,2026-02-24,0.0,0.0
"Nov 14, 2025 - Nov 14, 2025",Auto Campaign 1 Signal Capture,468170906203317,Ad Group - Signal Capture,297953927298564,loose-match,TARGETING_EXPRESSION_PREDEFINED,pure d honduras sweet potato oil,USD,1,1,1.0,0.4,0.4,0,0.0,0,0.0,0.0,0.0,2025-11-14,0.0,0.0
"Sep 02, 2025 - Nov 05, 2025",Batana Hair oil pharase Manual,292247191707127,Phrase Keywords,465120102858213,hair growth products,PHRASE,hair growth products,USD,471,5,0.010615711252653927,0.81,4.05,0,0.0,0,0.0,0.0,0.0,2025-09-02,0.0,0.0
"Jan 05, 2026 - Jan 05, 2026",Auto Campaign 1 Signal Capture,468170906203317,Ad Group - Signal Capture,297953927298564,substitutes,TARGETING_EXPRESSION_PREDEFINED,B0FCVXCFZY,USD,1,1,1.0,0.5,0.5,0,0.0,0,0.0,0.0,0.0,2026-01-05,0.0,0.0
"Oct 17, 2025 - Oct 17, 2025",Auto Campaign 1 Signal Capture,468170906203317,Ad Group - Signal Capture,297953927298564,loose-match,TARGETING_EXPRESSION_PREDEFINED,bantams oil hair,USD,2,1,0.5,0.45,0.45,1,11.99,1,26.64444,0.45,0.0,2025-10-17,0.03753127606338615,1.0
"Mar 04, 2026 - Mar 05, 2026",Auto Campaign 1 Signal Capture,468170906203317,Ad Group - Signal Capture,297953927298564,close-match,TARGETING_EXPRESSION_PREDEFINED,banana oil,USD,3,1,0.3333333333333333,1.2,1.2,1,16.99,1,14.15833,1.2,0.0,2026-03-04,0.07062978222483815,1.0
"Jul 01, 2025 - Mar 11, 2026",Auto Campaign 1 Signal Capture,468170906203317,Ad Group - Signal Capture,297953927298564,substitutes,TARGETING_EXPRESSION_PREDEFINED,B0DJM2KKHG,USD,338,3,0.008875739644970414,0.71667,2.15,0,0.0,0,0.0,0.0,0.0,2025-07-01,0.0,0.0
"Sep 25, 2025 - Mar 04, 2026",Auto Campaign 1 Signal Capture,468170906203317,Ad Group - Signal Capture,297953927298564,loose-match,TARGETING_EXPRESSION_PREDEFINED,bask and lather hair balm,USD,180,1,0.005555555555555556,0.5,0.5,0,0.0,0,0.0,0.0,0.0,2025-09-25,0.0,0.0
"Sep 10, 2025 - Nov 24, 2025",PRODUCT TARGETING EXACT CAMPAIGN,295732523762026,ASIN Exact targeting,517907737835689,"asin-expanded=""B0DCX7628T""",TARGETING_EXPRESSION,B0D9W8M6C4,USD,24,1,0.041666666666666664,0.85,0.85,0,0.0,0,0.0,0.0,0.0,2025-09-10,0.0,0.0
"Jan 03, 2026 - Jan 03, 2026",Batana Hair oil pharase Manual,292247191707127,Phrase Keywords,465120102858213,hair growth oil,PHRASE,batana natural hair growth oil 3.0,USD,1,1,1.0,0.75,0.75,0,0.0,0,0.0,0.0,0.0,2026-01-03,0.0,0.0
"Sep 01, 2025 - Mar 17, 2026",Batana Hair oil pharase Manual,292247191707127,Phrase Keywords,465120102858213,hair oils for hair growth,PHRASE,hair oils for hair growth,USD,778,3,0.0038560411311053984,0.40333,1.21,0,0.0,0,0.0,0.0,0.0,2025-09-01,0.0,0.0
"Nov 13, 2025 - Jan 11, 2026",Auto Campaign 1 Signal Capture,468170906203317,Ad Group - Signal Capture,297953927298564,substitutes,TARGETING_EXPRESSION_PREDEFINED,edge growth,USD,17,1,0.058823529411764705,0.55,0.55,0,0.0,0,0.0,0.0,0.0,2025-11-13,0.0,0.0
"Jul 04, 2025 - Feb 09, 2026",Auto Campaign 1 Signal Capture,468170906203317,Ad Group - Signal Capture,297953927298564,close-match,TARGETING_EXPRESSION_PREDEFINED,natural hair growth oil,USD,73,1,0.0136986301369863,0.03,0.03,0,0.0,0,0.0,0.0,0.0,2025-07-04,0.0,0.0
"Jan 31, 2026 - Feb 02, 2026",Batana Oil Phrase Match,212832079341322,Batana Oil Phrase Match,450560731451216,growth,PHRASE,led scalp massager hair growth,USD,2,1,0.5,0.92,0.92,0,0.0,0,0.0,0.0,0.0,2026-01-31,0.0,0.0
"Jan 28, 2026 - Feb 06, 2026",Batana Oil Phrase Match,212832079341322,Batana Oil Phrase Match,450560731451216,"keyword-group=""Keywords related to your product category""",TARGETING_EXPRESSION,hair treatment oils,USD,212,1,0.0047169811320754715,1.06,1.06,0,0.0,0,0.0,0.0,0.0,2026-01-28,0.0,0.0
"Nov 13, 2025 - Nov 13, 2025",BROAD MATCH CAMPAIGN,306896079483800,Broad Keyword,284907010614606,hair oil for hair growth,BROAD,sapuyulo oil for hair growth,USD,1,1,1.0,0.67,0.67,0,0.0,0,0.0,0.0,0.0,2025-11-13,0.0,0.0
"Sep 03, 2025 - Dec 15, 2025",BROAD MATCH CAMPAIGN,306896079483800,Broad Keyword,284907010614606,batana oil hair,BROAD,batana oil hair growth,USD,19,1,0.05263157894736842,1.5,1.5,0,0.0,0,0.0,0.0,0.0,2025-09-03,0.0,0.0
"Sep 02, 2025 - Mar 11, 2026",Auto Campaign 1 Signal Capture,468170906203317,Ad Group - Signal Capture,297953927298564,substitutes,TARGETING_EXPRESSION_PREDEFINED,B0FH6J8MQM,USD,448,5,0.011160714285714286,0.454,2.27,1,11.99,1,5.28194,2.27,0.0,2025-09-02,0.18932443703085905,0.2
"Sep 03, 2025 - Nov 06, 2025",BROAD MATCH CAMPAIGN,306896079483800,Broad Keyword,284907010614606,hair moisturizer for dry hair,BROAD,hair moisturizer for dry hair,USD,387,5,0.012919896640826873,0.478,2.39,0,0.0,0,0.0,0.0,0.0,2025-09-03,0.0,0.0
"Sep 01, 2025 - Dec 03, 2025",Auto Campaign 1 Signal Capture,468170906203317,Ad Group - Signal Capture,297953927298564,substitutes,TARGETING_EXPRESSION_PREDEFINED,B0CJKT2QC8,USD,8,1,0.125,0.6,0.6,0,0.0,0,0.0,0.0,0.0,2025-09-01,0.0,0.0
"Jul 19, 2025 - Jan 09, 2026",Auto Campaign 1 Signal Capture,468170906203317,Ad Group - Signal Capture,297953927298564,loose-match,TARGETING_EXPRESSION_PREDEFINED,african pride,USD,33,1,0.030303030303030304,0.5,0.5,0,0.0,0,0.0,0.0,0.0,2025-07-19,0.0,0.0
"Sep 19, 2025 - Mar 06, 2026",Auto Campaign 1 Signal Capture,468170906203317,Ad Group - Signal Capture,297953927298564,loose-match,TARGETING_EXPRESSION_PREDEFINED,mariguanol extra fuerte,USD,32,1,0.03125,0.4,0.4,0,0.0,0,0.0,0.0,0.0,2025-09-19,0.0,0.0
"Jul 06, 2025 - Dec 06, 2025",PRODUCT TARGETING EXACT CAMPAIGN,295732523762026,ASIN Exact targeting,517907737835689,"asin=""B0DCX7628T""",TARGETING_EXPRESSION,B0DCX7628T,USD,6643,20,0.0030106879421947915,0.603,12.06,0,0.0,0,0.0,0.0,0.0,2025-07-06,0.0,0.0
"Sep 03, 2025 - Nov 07, 2025",Batana Hair oil Exact Manual,502286450850716,Exact Keywords,296070289941158,unrefined batana oil,EXACT,unrefined batana oil,USD,268,5,0.018656716417910446,0.608,3.04,0,0.0,0,0.0,0.0,0.0,2025-09-03,0.0,0.0
"Feb 16, 2026 - Feb 16, 2026",Batana Hair oil pharase Manual,292247191707127,Phrase Keywords,465120102858213,batana,PHRASE,eway batana oil for hair growth,USD,2,1,0.5,2.77,2.77,0,0.0,0,0.0,0.0,0.0,2026-02-16,0.0,0.0
"Feb 12, 2026 - Feb 12, 2026",Batana Hair oil pharase Manual,292247191707127,Phrase Keywords,465120102858213,batana,PHRASE,batana hair products from honduras ￼,USD,1,1,1.0,3.25,3.25,0,0.0,0,0.0,0.0,0.0,2026-02-12,0.0,0.0
"Dec 20, 2025 - Dec 20, 2025",BROAD MATCH CAMPAIGN,306896079483800,Broad Keyword,284907010614606,hair growth oil,BROAD,best hair carrier growth oil,USD,1,1,1.0,0.7,0.7,0,0.0,0,0.0,0.0,0.0,2025-12-20,0.0,0.0
"Mar 09, 2026 - Mar 09, 2026",Batana Hair oil pharase Manual,292247191707127,Phrase Keywords,465120102858213,batana,PHRASE,100% batana oil made in honduras,USD,13,1,0.07692307692307693,0.75,0.75,0,0.0,0,0.0,0.0,0.0,2026-03-09,0.0,0.0
"Nov 17, 2025 - Nov 26, 2025",PRODUCT TARGETING EXPANDED CAMPAIGN,488143762344483,ASIN Expanded targeting,501339022401488,"asin-expanded=""B01I2ZQJSG""",TARGETING_EXPRESSION,B004NMR6TY,USD,7,1,0.14285714285714285,0.5,0.5,0,0.0,0,0.0,0.0,0.0,2025-11-17,0.0,0.0
"Jan 13, 2026 - Jan 19, 2026",BROAD MATCH CAMPAIGN,306896079483800,Broad Keyword,284907010614606,batana oil shampoo,BROAD,batana hair,USD,80,1,0.0125,1.0,1.0,0,0.0,0,0.0,0.0,0.0,2026-01-13,0.0,0.0
"Jul 05, 2025 - Jan 19, 2026",Auto Campaign 1 Signal Capture,468170906203317,Ad Group - Signal Capture,297953927298564,close-match,TARGETING_EXPRESSION_PREDEFINED,edge growth,USD,240,2,0.008333333333333333,0.625,1.25,1,16.99,1,13.592,1.25,0.0,2025-07-05,0.07357268981753974,0.5
"Sep 08, 2025 - Jan 12, 2026",BROAD MATCH CAMPAIGN,306896079483800,Broad Keyword,284907010614606,hair growth oil,BROAD,organic onion oil for hair growth,USD,16,1,0.0625,2.25,2.25,0,0.0,0,0.0,0.0,0.0,2025-09-08,0.0,0.0
"Nov 25, 2025 - Nov 25, 2025",PRODUCT TARGETING EXACT CAMPAIGN,295732523762026,ASIN Exact targeting,517907737835689,"asin-expanded=""B0DSHXCT4N""",TARGETING_EXPRESSION,B0DCHMRDWZ,USD,1,1,1.0,0.6,0.6,0,0.0,0,0.0,0.0,0.0,2025-11-25,0.0,0.0
"Sep 07, 2025 - Jan 20, 2026",PRODUCT TARGETING EXACT CAMPAIGN,295732523762026,ASIN Exact targeting,517907737835689,"asin-expanded=""B0DCX7628T""",TARGETING_EXPRESSION,B0D7M1GT5X,USD,51,2,0.0392156862745098,0.85,1.7,0,0.0,0,0.0,0.0,0.0,2025-09-07,0.0,0.0
"Sep 02, 2025 - Sep 06, 2025",BROAD MATCH CAMPAIGN,306896079483800,Broad Keyword,284907010614606,batana oil pure,BROAD,batana oil pure,USD,206,1,0.0048543689320388345,1.14,1.14,0,0.0,0,0.0,0.0,0.0,2025-09-02,0.0,0.0
"Sep 02, 2025 - Dec 17, 2025",BROAD MATCH CAMPAIGN,306896079483800,Broad Keyword,284907010614606,batana oil hair,BROAD,batana oil for hair loss,USD,174,1,0.005747126436781609,2.64,2.64,0,0.0,0,0.0,0.0,0.0,2025-09-02,0.0,0.0
"Oct 16, 2025 - Jan 22, 2026",PRODUCT TARGETING EXACT CAMPAIGN,295732523762026,ASIN Exact targeting,517907737835689,"asin-expanded=""B0DCX7628T""",TARGETING_EXPRESSION,B0CZF6N2QD,USD,75,1,0.013333333333333334,0.6,0.6,0,0.0,0,0.0,0.0,0.0,2025-10-16,0.0,0.0
"Dec 15, 2025 - Dec 15, 2025",Auto Campaign 1 Signal Capture,468170906203317,Ad Group - Signal Capture,297953927298564,loose-match,TARGETING_EXPRESSION_PREDEFINED,akhbar-e-jehan,USD,2,1,0.5,0.06,0.06,0,0.0,0,0.0,0.0,0.0,2025-12-15,0.0,0.0
"Dec 06, 2025 - Jan 19, 2026",Batana Hair oil pharase Manual,292247191707127,Phrase Keywords,465120102858213,hair growth oil,PHRASE,stimulating hair growth oil,USD,5,1,0.2,0.7,0.7,0,0.0,0,0.0,0.0,0.0,2025-12-06,0.0,0.0
"Oct 16, 2025 - Mar 02, 2026",Auto Campaign 1 Signal Capture,468170906203317,Ad Group - Signal Capture,297953927298564,loose-match,TARGETING_EXPRESSION_PREDEFINED,butana oil for hair growth,USD,1,1,1.0,2.56,2.56,0,0.0,0,0.0,0.0,0.0,2025-10-16,0.0,0.0
"Sep 02, 2025 - Dec 15, 2025",BROAD MATCH CAMPAIGN,306896079483800,Broad Keyword,284907010614606,batana oil hair,BROAD,vital batana oil for hair growth,USD,78,2,0.02564102564102564,2.1,4.2,0,0.0,0,0.0,0.0,0.0,2025-09-02,0.0,0.0
"Nov 28, 2025 - Dec 16, 2025",Auto Campaign 1 Signal Capture,468170906203317,Ad Group - Signal Capture,297953927298564,loose-match,TARGETING_EXPRESSION_PREDEFINED,good oils lara hair colocho,USD,1,1,1.0,0.4,0.4,0,0.0,0,0.0,0.0,0.0,2025-11-28,0.0,0.0
"Sep 12, 2025 - Jan 07, 2026",BROAD MATCH CAMPAIGN,306896079483800,Broad Keyword,284907010614606,hair growth oil,BROAD,botna oil for hair growth,USD,11,1,0.09090909090909091,2.7,2.7,1,16.99,1,6.29259,2.7,0.0,2025-09-12,0.15891701000588584,1.0
"Sep 08, 2025 - Jan 16, 2026",BROAD MATCH CAMPAIGN,306896079483800,Broad Keyword,284907010614606,batana oil shampoo,BROAD,batana oil shampoo for hair growth,USD,119,3,0.025210084033613446,0.91333,2.74,1,11.99,1,4.37591,2.74,0.0,2025-09-08,0.2285237698081735,0.3333333333333333
"Mar 07, 2026 - Mar 07, 2026",Auto Campaign 1 Signal Capture,468170906203317,Ad Group - Signal Capture,297953927298564,loose-match,TARGETING_EXPRESSION_PREDEFINED,botanna oil raw pure,USD,1,1,1.0,0.9,0.9,0,0.0,0,0.0,0.0,0.0,2026-03-07,0.0,0.0
"Sep 15, 2025 - Sep 15, 2025",BROAD MATCH CAMPAIGN,306896079483800,Broad Keyword,284907010614606,hair growth oil,BROAD,hair growth oil by beyonce,USD,3,1,0.3333333333333333,1.8,1.8,0,0.0,0,0.0,0.0,0.0,2025-09-15,0.0,0.0
"Sep 19, 2025 - Oct 30, 2025",PRODUCT TARGETING EXACT CAMPAIGN,295732523762026,ASIN Exact targeting,517907737835689,"asin=""B0DJS3X3C4""",TARGETING_EXPRESSION,B0DJS3X3C4,USD,655,9,0.013740458015267175,0.65778,5.92,0,0.0,0,0.0,0.0,0.0,2025-09-19,0.0,0.0
"Dec 21, 2025 - Jan 02, 2026",BROAD MATCH CAMPAIGN,306896079483800,Broad Keyword,284907010614606,hair growth,BROAD,hair growth for men,USD,2,1,0.5,1.05,1.05,0,0.0,0,0.0,0.0,0.0,2025-12-21,0.0,0.0
"Sep 08, 2025 - Sep 24, 2025",BROAD MATCH CAMPAIGN,306896079483800,Broad Keyword,284907010614606,hair growth oil,BROAD,ybw batana oil for hair growth,USD,127,1,0.007874015748031496,0.77,0.77,0,0.0,0,0.0,0.0,0.0,2025-09-08,0.0,0.0
"Sep 06, 2025 - Jan 13, 2026",Batana Hair oil pharase Manual,292247191707127,Phrase Keywords,465120102858213,hair growth oil,PHRASE,prspr wellness root revive hair growth oil,USD,10,1,0.1,0.8,0.8,0,0.0,0,0.0,0.0,0.0,2025-09-06,0.0,0.0
"Mar 09, 2026 - Mar 20, 2026",Batana Oil Exact Ranking,116719674392449,High Intent,417102371297812,hair growth oil,EXACT,hair growth oil,USD,1688,6,0.0035545023696682463,0.95833,5.75,1,19.99,1,3.47652,5.75,0.0,2026-03-09,0.2876438219109555,0.16666666666666666
"Oct 19, 2025 - Oct 19, 2025",Auto Campaign 1 Signal Capture,468170906203317,Ad Group - Signal Capture,297953927298564,loose-match,TARGETING_EXPRESSION_PREDEFINED,moisturizer for kinky curly hair,USD,1,1,1.0,0.45,0.45,0,0.0,0,0.0,0.0,0.0,2025-10-19,0.0,0.0
"Jan 19, 2026 - Jan 19, 2026",Batana Hair oil pharase Manual,292247191707127,Phrase Keywords,465120102858213,hair moisturizer,PHRASE,protective styles hair moisturizer products for black women,USD,2,1,0.5,0.8,0.8,0,0.0,0,0.0,0.0,0.0,2026-01-19,0.0,0.0
"Mar 01, 2026 - Mar 05, 2026",Auto Campaign 1 Signal Capture,468170906203317,Ad Group - Signal Capture,297953927298564,loose-match,TARGETING_EXPRESSION_PREDEFINED,wave butter,USD,6,1,0.16666666666666666,2.28,2.28,0,0.0,0,0.0,0.0,0.0,2026-03-01,0.0,0.0
"Sep 02, 2025 - Jan 11, 2026",Batana Hair oil pharase Manual,292247191707127,Phrase Keywords,465120102858213,hair growth,PHRASE,rice oil for hair growth,USD,6,1,0.16666666666666666,0.65,0.65,0,0.0,0,0.0,0.0,0.0,2025-09-02,0.0,0.0
"Sep 15, 2025 - Sep 16, 2025",BROAD MATCH CAMPAIGN,306896079483800,Broad Keyword,284907010614606,hair growth oil,BROAD,pregnancy safe hair growth oil,USD,65,1,0.015384615384615385,1.35,1.35,0,0.0,0,0.0,0.0,0.0,2025-09-15,0.0,0.0
"Sep 10, 2025 - Sep 23, 2025",BROAD MATCH CAMPAIGN,306896079483800,Broad Keyword,284907010614606,hair growth oil,BROAD,sapuyulo oil for hair growth,USD,4,1,0.25,1.35,1.35,0,0.0,0,0.0,0.0,0.0,2025-09-10,0.0,0.0
"Dec 07, 2025 - Mar 20, 2026",Batana Hair oil pharase Manual,292247191707127,Phrase Keywords,465120102858213,stimulating scalp and hair balm,PHRASE,stimulating scalp and hair balm,USD,531,5,0.009416195856873822,0.438,2.19,1,16.99,1,7.75799,2.19,0.0,2025-12-07,0.1288993525603296,0.2
"Dec 07, 2025 - Mar 20, 2026",Batana Hair oil pharase Manual,292247191707127,Phrase Keywords,465120102858213,stimulating scalp and hair balm,PHRASE,xl balm- stimulating scalp and hair balm,USD,41,1,0.024390243902439025,0.42,0.42,0,0.0,0,0.0,0.0,0.0,2025-12-07,0.0,0.0
"Sep 27, 2025 - Nov 08, 2025",BROAD MATCH CAMPAIGN,306896079483800,Broad Keyword,284907010614606,batana oil cold pressed,BROAD,cold pressed batana oil for hair growth,USD,55,1,0.01818181818181818,0.7,0.7,0,0.0,0,0.0,0.0,0.0,2025-09-27,0.0,0.0
"Feb 13, 2026 - Mar 02, 2026",Batana Hair oil pharase Manual,292247191707127,Phrase Keywords,465120102858213,batana,PHRASE,ariv batana oil for hair,USD,13,1,0.07692307692307693,1.5,1.5,1,15.5,1,10.33333,1.5,0.0,2026-02-13,0.0967741935483871,1.0
"Nov 28, 2025 - Nov 28, 2025",BROAD MATCH CAMPAIGN,306896079483800,Broad Keyword,284907010614606,batana oil,BROAD,dcxc batano oil,USD,1,1,1.0,1.32,1.32,0,0.0,0,0.0,0.0,0.0,2025-11-28,0.0,0.0
"Jul 24, 2025 - Sep 19, 2025",Auto Campaign 1 Signal Capture,468170906203317,Ad Group - Signal Capture,297953927298564,substitutes,TARGETING_EXPRESSION_PREDEFINED,B0DSJZ61P8,USD,4,1,0.25,0.6,0.6,0,0.0,0,0.0,0.0,0.0,2025-07-24,0.0,0.0
"Mar 07, 2026 - Mar 07, 2026",Auto Campaign 1 Signal Capture,468170906203317,Ad Group - Signal Capture,297953927298564,loose-match,TARGETING_EXPRESSION_PREDEFINED,olive oil sheen spray for hair,USD,3,1,0.3333333333333333,0.69,0.69,0,0.0,0,0.0,0.0,0.0,2026-03-07,0.0,0.0
"Sep 06, 2025 - Mar 16, 2026",Auto Campaign 1 Signal Capture,468170906203317,Ad Group - Signal Capture,297953927298564,loose-match,TARGETING_EXPRESSION_PREDEFINED,snack oil for hair,USD,4,1,0.25,0.45,0.45,0,0.0,0,0.0,0.0,0.0,2025-09-06,0.0,0.0
"Dec 13, 2025 - Jan 08, 2026",Auto Campaign 1 Signal Capture,468170906203317,Ad Group - Signal Capture,297953927298564,loose-match,TARGETING_EXPRESSION_PREDEFINED,africa's best hair mayonnaise,USD,12,1,0.08333333333333333,0.5,0.5,0,0.0,0,0.0,0.0,0.0,2025-12-13,0.0,0.0
"Sep 09, 2025 - Jan 20, 2026",BROAD MATCH CAMPAIGN,306896079483800,Broad Keyword,284907010614606,hair growth oil,BROAD,mahabhringraj oil for hair growth,USD,62,1,0.016129032258064516,0.21,0.21,0,0.0,0,0.0,0.0,0.0,2025-09-09,0.0,0.0
"Sep 03, 2025 - Jan 08, 2026",Batana Hair oil pharase Manual,292247191707127,Phrase Keywords,465120102858213,hair growth,PHRASE,leave in conditioner for hair growth,USD,2,1,0.5,0.78,0.78,0,0.0,0,0.0,0.0,0.0,2025-09-03,0.0,0.0
"Sep 02, 2025 - Dec 21, 2025",BROAD MATCH CAMPAIGN,306896079483800,Broad Keyword,284907010614606,batana oil hair,BROAD,batana oil for hair,USD,729,6,0.00823045267489712,1.49667,8.98,1,9.99,1,1.11247,8.98,0.0,2025-09-02,0.898898898898899,0.16666666666666666
"Sep 09, 2025 - Jan 01, 2026",PRODUCT TARGETING EXACT CAMPAIGN,295732523762026,ASIN Exact targeting,517907737835689,"asin-expanded=""B0DCX7628T""",TARGETING_EXPRESSION,B0DSCKBJLD,USD,2168,11,0.00507380073800738,0.66545,7.32,0,0.0,0,0.0,0.0,0.0,2025-09-09,0.0,0.0
"Dec 10, 2025 - Dec 10, 2025",BROAD MATCH CAMPAIGN,306896079483800,Broad Keyword,284907010614606,batana oil hair,BROAD,batana oil get rid of gray hair,USD,1,1,1.0,2.5,2.5,0,0.0,0,0.0,0.0,0.0,2025-12-10,0.0,0.0
"Jul 01, 2025 - Mar 16, 2026",Auto Campaign 1 Signal Capture,468170906203317,Ad Group - Signal Capture,297953927298564,substitutes,TARGETING_EXPRESSION_PREDEFINED,B0DZDV2FLB,USD,992,1,0.0010080645161290322,0.38,0.38,0,0.0,0,0.0,0.0,0.0,2025-07-01,0.0,0.0
"Sep 23, 2025 - Sep 24, 2025",BROAD MATCH CAMPAIGN,306896079483800,Broad Keyword,284907010614606,extremely fast hair growth,BROAD,azure botanica oil,USD,9,2,0.2222222222222222,1.12,2.24,0,0.0,0,0.0,0.0,0.0,2025-09-23,0.0,0.0
"Dec 09, 2025 - Dec 11, 2025",BROAD MATCH CAMPAIGN,306896079483800,Broad Keyword,284907010614606,hair growth,BROAD,drops for hair growth,USD,85,1,0.011764705882352941,1.2,1.2,1,9.99,1,8.325,1.2,0.0,2025-12-09,0.12012012012012012,1.0
"Sep 12, 2025 - Dec 13, 2025",BROAD MATCH CAMPAIGN,306896079483800,Broad Keyword,284907010614606,hair growth oil,BROAD,botanic hearth batana oil for hair growth,USD,15,1,0.06666666666666667,1.0,1.0,0,0.0,0,0.0,0.0,0.0,2025-09-12,0.0,0.0
"Mar 03, 2026 - Mar 03, 2026",Auto Campaign 1 Signal Capture,468170906203317,Ad Group - Signal Capture,297953927298564,loose-match,TARGETING_EXPRESSION_PREDEFINED,batana hair pomade,USD,3,1,0.3333333333333333,1.38,1.38,0,0.0,0,0.0,0.0,0.0,2026-03-03,0.0,0.0
"Sep 18, 2025 - Nov 11, 2025",Batana Hair oil Exact Manual,502286450850716,Exact Keywords,296070289941158,bantans oil for hair growth,EXACT,bantans oil for hair growth,USD,120,1,0.008333333333333333,0.75,0.75,0,0.0,0,0.0,0.0,0.0,2025-09-18,0.0,0.0
"Sep 05, 2025 - Sep 06, 2025",PRODUCT TARGETING EXACT CAMPAIGN,295732523762026,ASIN Exact targeting,517907737835689,"asin-expanded=""B0DW3YH4WH""",TARGETING_EXPRESSION,B0DSCKBJLD,USD,33,1,0.030303030303030304,0.39,0.39,0,0.0,0,0.0,0.0,0.0,2025-09-05,0.0,0.0
"Sep 07, 2025 - Jan 19, 2026",Batana Hair oil pharase Manual,292247191707127,Phrase Keywords,465120102858213,hair growth oil,PHRASE,difeel biotin hair growth oil,USD,22,1,0.045454545454545456,0.7,0.7,0,0.0,0,0.0,0.0,0.0,2025-09-07,0.0,0.0
"Sep 10, 2025 - Dec 17, 2025",PRODUCT TARGETING EXACT CAMPAIGN,295732523762026,ASIN Exact targeting,517907737835689,"asin-expanded=""B01I2ZQJSG""",TARGETING_EXPRESSION,B004TSMN7M,USD,28,1,0.03571428571428571,0.4,0.4,0,0.0,0,0.0,0.0,0.0,2025-09-10,0.0,0.0
"Sep 04, 2025 - Mar 20, 2026",BROAD MATCH CAMPAIGN,306896079483800,Broad Keyword,284907010614606,hair oil for hair growth,BROAD,wild growth hair oil extra strength,USD,104,1,0.009615384615384616,1.05,1.05,0,0.0,0,0.0,0.0,0.0,2025-09-04,0.0,0.0
"Oct 15, 2025 - Oct 19, 2025",BROAD MATCH CAMPAIGN,306896079483800,Broad Keyword,284907010614606,hair growth,BROAD,life with queen p hair growth oil crack,USD,4,1,0.25,0.52,0.52,0,0.0,0,0.0,0.0,0.0,2025-10-15,0.0,0.0
"Sep 30, 2025 - Sep 30, 2025",Batana Hair oil pharase Manual,292247191707127,Phrase Keywords,465120102858213,hair oils for hair growth,PHRASE,braid oil for hair growth,USD,5,1,0.2,0.45,0.45,0,0.0,0,0.0,0.0,0.0,2025-09-30,0.0,0.0
"Sep 03, 2025 - Mar 19, 2026",BROAD MATCH CAMPAIGN,306896079483800,Broad Keyword,284907010614606,hair oil for hair growth,BROAD,hair growth oil for black women,USD,36,1,0.027777777777777776,0.75,0.75,0,0.0,0,0.0,0.0,0.0,2025-09-03,0.0,0.0
"Mar 14, 2026 - Mar 14, 2026",Auto Campaign 1 Signal Capture,468170906203317,Ad Group - Signal Capture,297953927298564,loose-match,TARGETING_EXPRESSION_PREDEFINED,bacana oil mask,USD,1,1,1.0,0.37,0.37,0,0.0,0,0.0,0.0,0.0,2026-03-14,0.0,0.0
"Sep 01, 2025 - Sep 01, 2025",Auto Campaign 1 Signal Capture,468170906203317,Ad Group - Signal Capture,297953927298564,substitutes,TARGETING_EXPRESSION_PREDEFINED,B0CN1R1JTP,USD,1,1,1.0,0.75,0.75,0,0.0,0,0.0,0.0,0.0,2025-09-01,0.0,0.0
"Sep 22, 2025 - Sep 22, 2025",Auto Campaign 1 Signal Capture,468170906203317,Ad Group - Signal Capture,297953927298564,loose-match,TARGETING_EXPRESSION_PREDEFINED,organic hair lotion,USD,1,1,1.0,0.55,0.55,0,0.0,0,0.0,0.0,0.0,2025-09-22,0.0,0.0
"Sep 04, 2025 - Jan 11, 2026",Batana Hair oil pharase Manual,292247191707127,Phrase Keywords,465120102858213,hair growth,PHRASE,scalp massager hair growth electric,USD,3,1,0.3333333333333333,0.8,0.8,0,0.0,0,0.0,0.0,0.0,2025-09-04,0.0,0.0
"Sep 05, 2025 - Nov 20, 2025",Batana Hair oil pharase Manual,292247191707127,Phrase Keywords,465120102858213,coconut oil for hair growth,PHRASE,coconut oil hair growth,USD,6,1,0.16666666666666666,0.75,0.75,0,0.0,0,0.0,0.0,0.0,2025-09-05,0.0,0.0
"Sep 18, 2025 - Dec 13, 2025",Auto Campaign 1 Signal Capture,468170906203317,Ad Group - Signal Capture,297953927298564,substitutes,TARGETING_EXPRESSION_PREDEFINED,B01NAMJSOX,USD,5,1,0.2,0.45,0.45,0,0.0,0,0.0,0.0,0.0,2025-09-18,0.0,0.0
"Feb 21, 2026 - Mar 17, 2026",Batana Hair oil Exact Manual,502286450850716,Exact Keywords,296070289941158,raw batana,EXACT,raw batana,USD,71,1,0.014084507042253521,1.56,1.56,0,0.0,0,0.0,0.0,0.0,2026-02-21,0.0,0.0
"Dec 03, 2025 - Dec 14, 2025",PRODUCT TARGETING EXACT CAMPAIGN,295732523762026,ASIN Exact targeting,517907737835689,"asin-expanded=""B0D6BMGP8Z""",TARGETING_EXPRESSION,B0BQ2PQZS8,USD,17,1,0.058823529411764705,0.65,0.65,0,0.0,0,0.0,0.0,0.0,2025-12-03,0.0,0.0
"Nov 19, 2025 - Dec 04, 2025",PRODUCT TARGETING EXPANDED CAMPAIGN,488143762344483,ASIN Expanded targeting,501339022401488,"asin-expanded=""B01I2ZQJSG""",TARGETING_EXPRESSION,B0D2L9HNW2,USD,10,1,0.1,0.26,0.26,0,0.0,0,0.0,0.0,0.0,2025-11-19,0.0,0.0
"Sep 19, 2025 - Nov 24, 2025",BROAD MATCH CAMPAIGN,306896079483800,Broad Keyword,284907010614606,hair growth,BROAD,hair oul growth,USD,30,2,0.06666666666666667,0.52,1.04,0,0.0,0,0.0,0.0,0.0,2025-09-19,0.0,0.0
"Sep 05, 2025 - Mar 15, 2026",Batana Hair oil pharase Manual,292247191707127,Phrase Keywords,465120102858213,hair growth oil,PHRASE,mielle hair growth oil,USD,71,1,0.014084507042253521,0.7,0.7,0,0.0,0,0.0,0.0,0.0,2025-09-05,0.0,0.0
"Oct 26, 2025 - Oct 26, 2025",Auto Campaign 1 Signal Capture,468170906203317,Ad Group - Signal Capture,297953927298564,substitutes,TARGETING_EXPRESSION_PREDEFINED,crema para cabello de ninas,USD,1,1,1.0,0.4,0.4,0,0.0,0,0.0,0.0,0.0,2025-10-26,0.0,0.0
"Sep 26, 2025 - Sep 26, 2025",PRODUCT TARGETING EXACT CAMPAIGN,295732523762026,ASIN Exact targeting,517907737835689,"asin=""B01I2ZQJSG""",TARGETING_EXPRESSION,restore hair mask,USD,1,1,1.0,0.5,0.5,0,0.0,0,0.0,0.0,0.0,2025-09-26,0.0,0.0
"Jan 12, 2026 - Jan 12, 2026",Batana Hair oil pharase Manual,292247191707127,Phrase Keywords,465120102858213,hair growth,PHRASE,travel size hair growth moisturizer,USD,1,1,1.0,0.65,0.65,0,0.0,0,0.0,0.0,0.0,2026-01-12,0.0,0.0
"Jul 13, 2025 - Aug 05, 2025",Auto Campaign 1 Signal Capture,468170906203317,Ad Group - Signal Capture,297953927298564,close-match,TARGETING_EXPRESSION_PREDEFINED,hair edges,USD,6,1,0.16666666666666666,0.5,0.5,0,0.0,0,0.0,0.0,0.0,2025-07-13,0.0,0.0
"Sep 08, 2025 - Dec 14, 2025",BROAD MATCH CAMPAIGN,306896079483800,Broad Keyword,284907010614606,hair growth oil,BROAD,lia organic hair growth oil,USD,59,2,0.03389830508474576,1.885,3.77,0,0.0,0,0.0,0.0,0.0,2025-09-08,0.0,0.0
"Sep 10, 2025 - Mar 20, 2026",PRODUCT TARGETING EXACT CAMPAIGN,295732523762026,ASIN Exact targeting,517907737835689,"asin-expanded=""B01I2ZQJSG""",TARGETING_EXPRESSION,B000TF779I,USD,712,3,0.004213483146067416,0.38333,1.15,0,0.0,0,0.0,0.0,0.0,2025-09-10,0.0,0.0
"Mar 04, 2026 - Mar 04, 2026",Auto Campaign 1 Signal Capture,468170906203317,Ad Group - Signal Capture,297953927298564,loose-match,TARGETING_EXPRESSION_PREDEFINED,full hair growth cream,USD,1,1,1.0,1.19,1.19,0,0.0,0,0.0,0.0,0.0,2026-03-04,0.0,0.0
"Jan 23, 2026 - Jan 27, 2026",Batana Oil Exact Ranking,116719674392449,High Intent,417102371297812,"keyword-group=""Keywords related to your product category""",TARGETING_EXPRESSION,organic castor oil,USD,246,1,0.0040650406504065045,2.04,2.04,0,0.0,0,0.0,0.0,0.0,2026-01-23,0.0,0.0
"Jul 04, 2025 - Jul 04, 2025",Auto Campaign 1 Signal Capture,468170906203317,Ad Group - Signal Capture,297953927298564,loose-match,TARGETING_EXPRESSION_PREDEFINED,bantana natural hair growth oil by azure,USD,1,1,1.0,1.0,1.0,0,0.0,0,0.0,0.0,0.0,2025-07-04,0.0,0.0
"Sep 05, 2025 - Sep 23, 2025",PRODUCT TARGETING EXACT CAMPAIGN,295732523762026,ASIN Exact targeting,517907737835689,"asin-expanded=""B0F7M35JY3""",TARGETING_EXPRESSION,B0D72RPYT3,USD,5,1,0.2,0.51,0.51,0,0.0,0,0.0,0.0,0.0,2025-09-05,0.0,0.0
"Sep 08, 2025 - Sep 28, 2025",BROAD MATCH CAMPAIGN,306896079483800,Broad Keyword,284907010614606,hair growth oil,BROAD,botanix batana oil for hair growth,USD,819,6,0.007326007326007326,1.10833,6.65,2,23.98,2,3.60602,3.325,0.0,2025-09-08,0.2773144286905755,0.3333333333333333
"Sep 08, 2025 - Mar 10, 2026",Auto Campaign 1 Signal Capture,468170906203317,Ad Group - Signal Capture,297953927298564,substitutes,TARGETING_EXPRESSION_PREDEFINED,B00F54IZAI,USD,46,1,0.021739130434782608,0.51,0.51,0,0.0,0,0.0,0.0,0.0,2025-09-08,0.0,0.0
"Jan 22, 2026 - Jan 22, 2026",Auto Campaign 2 Cheap Discovery,163081140507766,Ad Group Cheap Discovery,391494289840856,loose-match,TARGETING_EXPRESSION_PREDEFINED,100% pure batana oil grease for hair growth dr sebi,USD,1,1,1.0,0.99,0.99,0,0.0,0,0.0,0.0,0.0,2026-01-22,0.0,0.0
"Dec 19, 2025 - Jan 05, 2026",Auto Campaign 1 Signal Capture,468170906203317,Ad Group - Signal Capture,297953927298564,substitutes,TARGETING_EXPRESSION_PREDEFINED,B0CP4K4CL8,USD,32,1,0.03125,0.5,0.5,1,16.99,1,33.98,0.5,0.0,2025-12-19,0.029429075927015894,1.0
"Sep 23, 2025 - Sep 28, 2025",BROAD MATCH CAMPAIGN,306896079483800,Broad Keyword,284907010614606,mens hair growth,BROAD,hair growth products,USD,480,3,0.00625,1.07333,3.22,0,0.0,0,0.0,0.0,0.0,2025-09-23,0.0,0.0
"Sep 08, 2025 - Dec 14, 2025",BROAD MATCH CAMPAIGN,306896079483800,Broad Keyword,284907010614606,hair growth oil,BROAD,dolahair batana oil for hair growth,USD,82,1,0.012195121951219513,1.04,1.04,0,0.0,0,0.0,0.0,0.0,2025-09-08,0.0,0.0
"Feb 21, 2026 - Feb 21, 2026",Batana Hair oil pharase Manual,292247191707127,Phrase Keywords,465120102858213,batana,PHRASE,raw batana oil cold pressed organic,USD,2,1,0.5,3.04,3.04,0,0.0,0,0.0,0.0,0.0,2026-02-21,0.0,0.0
"Sep 17, 2025 - Jan 18, 2026",Batana Hair oil pharase Manual,292247191707127,Phrase Keywords,465120102858213,hair moisturizer,PHRASE,pantene hair moisturizer,USD,11,1,0.09090909090909091,0.45,0.45,0,0.0,0,0.0,0.0,0.0,2025-09-17,0.0,0.0
"Jun 29, 2025 - Mar 11, 2026",Auto Campaign 1 Signal Capture,468170906203317,Ad Group - Signal Capture,297953927298564,substitutes,TARGETING_EXPRESSION_PREDEFINED,B0F7M35JY3,USD,501,1,0.001996007984031936,0.47,0.47,0,0.0,0,0.0,0.0,0.0,2025-06-29,0.0,0.0
"Sep 25, 2025 - Nov 12, 2025",BROAD MATCH CAMPAIGN,306896079483800,Broad Keyword,284907010614606,hair oil for hair growth,BROAD,hair growth oil indian,USD,111,1,0.009009009009009009,0.59,0.59,0,0.0,0,0.0,0.0,0.0,2025-09-25,0.0,0.0
"Sep 05, 2025 - Dec 14, 2025",BROAD MATCH CAMPAIGN,306896079483800,Broad Keyword,284907010614606,batana oil,BROAD,batana rosemary oil,USD,46,1,0.021739130434782608,0.52,0.52,0,0.0,0,0.0,0.0,0.0,2025-09-05,0.0,0.0
"Dec 06, 2025 - Jan 21, 2026",Batana Hair oil pharase Manual,292247191707127,Phrase Keywords,465120102858213,pure edge control,PHRASE,pure edge control,USD,242,3,0.012396694214876033,0.44667,1.34,0,0.0,0,0.0,0.0,0.0,2025-12-06,0.0,0.0
"Jan 29, 2026 - Feb 03, 2026",Batana Oil Phrase Match,212832079341322,Batana Oil Phrase Match,450560731451216,hair oil,PHRASE,hair oil bottle with comb,USD,18,1,0.05555555555555555,0.82,0.82,0,0.0,0,0.0,0.0,0.0,2026-01-29,0.0,0.0
"Dec 12, 2025 - Dec 14, 2025",BROAD MATCH CAMPAIGN,306896079483800,Broad Keyword,284907010614606,batana oil hair,BROAD,batana oil unrefined for hair growth,USD,1,1,1.0,1.5,1.5,0,0.0,0,0.0,0.0,0.0,2025-12-12,0.0,0.0
"Sep 07, 2025 - Nov 18, 2025",BROAD MATCH CAMPAIGN,306896079483800,Broad Keyword,284907010614606,hair growth,BROAD,scalp massager hair growth wooden,USD,2,1,0.5,0.9,0.9,0,0.0,0,0.0,0.0,0.0,2025-09-07,0.0,0.0
"Aug 30, 2025 - Jan 22, 2026",Batana Hair oil pharase Manual,292247191707127,Phrase Keywords,465120102858213,hair moisturizer,PHRASE,hair moisturizer for black women,USD,6152,78,0.012678803641092327,0.6009,46.87,10,117.9,10,2.51547,4.687,0.0,2025-08-30,0.397540288379983,0.1282051282051282
"Sep 12, 2025 - Sep 12, 2025",BROAD MATCH CAMPAIGN,306896079483800,Broad Keyword,284907010614606,hair growth oil,BROAD,stimulating oil for hair growth￼,USD,2,1,0.5,1.27,1.27,0,0.0,0,0.0,0.0,0.0,2025-09-12,0.0,0.0
"Jan 23, 2026 - Jan 27, 2026",Batana Oil Exact Ranking,116719674392449,High Intent,417102371297812,"keyword-group=""Keywords related to your product category""",TARGETING_EXPRESSION,amla oil for hair growth,USD,168,1,0.005952380952380952,1.96,1.96,0,0.0,0,0.0,0.0,0.0,2026-01-23,0.0,0.0
"Sep 15, 2025 - Mar 18, 2026",BROAD MATCH CAMPAIGN,306896079483800,Broad Keyword,284907010614606,hair growth,BROAD,labanta hair growth,USD,53,2,0.03773584905660377,0.82,1.64,0,0.0,0,0.0,0.0,0.0,2025-09-15,0.0,0.0
"Sep 03, 2025 - Sep 21, 2025",BROAD MATCH CAMPAIGN,306896079483800,Broad Keyword,284907010614606,organic batana oil,BROAD,batana natural organic growth oil,USD,22,2,0.09090909090909091,1.415,2.83,0,0.0,0,0.0,0.0,0.0,2025-09-03,0.0,0.0
"Sep 06, 2025 - Mar 11, 2026",BROAD MATCH CAMPAIGN,306896079483800,Broad Keyword,284907010614606,hair oil for hair growth,BROAD,hair growth oil,USD,2765,12,0.00433996383363472,0.7225,8.67,3,21.98,3,2.53518,2.89,0.0,2025-09-06,0.39444949954504094,0.25
"Sep 20, 2025 - Sep 20, 2025",BROAD MATCH CAMPAIGN,306896079483800,Broad Keyword,284907010614606,hair growth oil,BROAD,botana oil hair growth hsa,USD,38,1,0.02631578947368421,0.94,0.94,0,0.0,0,0.0,0.0,0.0,2025-09-20,0.0,0.0
"Jan 27, 2026 - Feb 06, 2026",Batana Oil Phrase Match,212832079341322,Batana Oil Phrase Match,450560731451216,hair oil,PHRASE,loreal hair oil,USD,30,1,0.03333333333333333,0.82,0.82,0,0.0,0,0.0,0.0,0.0,2026-01-27,0.0,0.0
"Jan 30, 2026 - Feb 06, 2026",Batana Oil Phrase Match,212832079341322,Batana Oil Phrase Match,450560731451216,hair oil,PHRASE,hair oil applicator scalp massager,USD,5,1,0.2,0.82,0.82,0,0.0,0,0.0,0.0,0.0,2026-01-30,0.0,0.0
"Jan 06, 2026 - Jan 14, 2026",Auto Campaign 1 Signal Capture,468170906203317,Ad Group - Signal Capture,297953927298564,substitutes,TARGETING_EXPRESSION_PREDEFINED,B0009R5CMK,USD,2,1,0.5,0.5,0.5,0,0.0,0,0.0,0.0,0.0,2026-01-06,0.0,0.0
"Feb 18, 2026 - Feb 18, 2026",Batana Hair oil pharase Manual,292247191707127,Phrase Keywords,465120102858213,batana,PHRASE,hair growth batana,USD,4,1,0.25,2.5,2.5,0,0.0,0,0.0,0.0,0.0,2026-02-18,0.0,0.0
"Dec 10, 2025 - Dec 26, 2025",PRODUCT TARGETING EXACT CAMPAIGN,295732523762026,ASIN Exact targeting,517907737835689,"asin-expanded=""B006FJPKT6""",TARGETING_EXPRESSION,B01LTIAU6A,USD,4,1,0.25,0.65,0.65,0,0.0,0,0.0,0.0,0.0,2025-12-10,0.0,0.0
"Sep 04, 2025 - Mar 10, 2026",BROAD MATCH CAMPAIGN,306896079483800,Broad Keyword,284907010614606,hair growth,BROAD,aloe vera juice for hair growth,USD,15,1,0.06666666666666667,0.75,0.75,0,0.0,0,0.0,0.0,0.0,2025-09-04,0.0,0.0
"Jan 28, 2026 - Feb 06, 2026",Batana Oil Phrase Match,212832079341322,Batana Oil Phrase Match,450560731451216,"keyword-group=""Keywords related to your product category""",TARGETING_EXPRESSION,banta oil,USD,234,1,0.004273504273504274,1.06,1.06,0,0.0,0,0.0,0.0,0.0,2026-01-28,0.0,0.0
"Sep 05, 2025 - Sep 05, 2025",Batana Hair oil pharase Manual,292247191707127,Phrase Keywords,465120102858213,hair growth products,PHRASE,hair growth products for black women teen,USD,1,1,1.0,0.9,0.9,0,0.0,0,0.0,0.0,0.0,2025-09-05,0.0,0.0
"Jul 24, 2025 - Dec 06, 2025",Auto Campaign 1 Signal Capture,468170906203317,Ad Group - Signal Capture,297953927298564,substitutes,TARGETING_EXPRESSION_PREDEFINED,best edge growth for black women,USD,237,8,0.03375527426160337,0.46625,3.73,0,0.0,0,0.0,0.0,0.0,2025-07-24,0.0,0.0
"Jan 30, 2026 - Jan 30, 2026",Auto Campaign 2 Cheap Discovery,163081140507766,Ad Group Cheap Discovery,391494289840856,substitutes,TARGETING_EXPRESSION_PREDEFINED,raw batana oil luxmiel,USD,1,1,1.0,0.99,0.99,1,16.99,1,17.16162,0.99,0.0,2026-01-30,0.05826957033549147,1.0
"Nov 15, 2025 - Dec 10, 2025",BROAD MATCH CAMPAIGN,306896079483800,Broad Keyword,284907010614606,batana oil hair,BROAD,batana oil for hair growth from divine vitals,USD,2,1,0.5,1.5,1.5,0,0.0,0,0.0,0.0,0.0,2025-11-15,0.0,0.0
"Nov 25, 2025 - Mar 18, 2026",PRODUCT TARGETING EXACT CAMPAIGN,295732523762026,ASIN Exact targeting,517907737835689,"asin-expanded=""B000V8MTIC""",TARGETING_EXPRESSION,B01JVDK8K8,USD,182,4,0.02197802197802198,0.555,2.22,0,0.0,0,0.0,0.0,0.0,2025-11-25,0.0,0.0
"Feb 13, 2026 - Mar 17, 2026",Batana Hair oil pharase Manual,292247191707127,Phrase Keywords,465120102858213,batana,PHRASE,batana oil hair growth organic,USD,40,1,0.025,1.4,1.4,0,0.0,0,0.0,0.0,0.0,2026-02-13,0.0,0.0
"Mar 03, 2026 - Mar 16, 2026",Auto Campaign 1 Signal Capture,468170906203317,Ad Group - Signal Capture,297953927298564,loose-match,TARGETING_EXPRESSION_PREDEFINED,ybera mirra oil repair,USD,5,1,0.2,0.5,0.5,0,0.0,0,0.0,0.0,0.0,2026-03-03,0.0,0.0
"Sep 07, 2025 - Jan 01, 2026",PRODUCT TARGETING EXACT CAMPAIGN,295732523762026,ASIN Exact targeting,517907737835689,"asin-expanded=""B0DCX7628T""",TARGETING_EXPRESSION,B0D9NNF8Q8,USD,404,3,0.007425742574257425,0.78667,2.36,1,9.99,1,4.23305,2.36,0.0,2025-09-07,0.2362362362362362,0.3333333333333333
"Sep 26, 2025 - Sep 26, 2025",PRODUCT TARGETING EXACT CAMPAIGN,295732523762026,ASIN Exact targeting,517907737835689,"asin=""B01I2ZQJSG""",TARGETING_EXPRESSION,hair mask money,USD,1,1,1.0,0.5,0.5,0,0.0,0,0.0,0.0,0.0,2025-09-26,0.0,0.0
"Oct 24, 2025 - Jan 21, 2026",PRODUCT TARGETING EXACT CAMPAIGN,295732523762026,ASIN Exact targeting,517907737835689,"asin-expanded=""B0DCX7628T""",TARGETING_EXPRESSION,B08HDQW84P,USD,48,1,0.020833333333333332,0.6,0.6,0,0.0,0,0.0,0.0,0.0,2025-10-24,0.0,0.0
"Sep 05, 2025 - Mar 16, 2026",BROAD MATCH CAMPAIGN,306896079483800,Broad Keyword,284907010614606,hair growth,BROAD,black hair growth products,USD,24,1,0.041666666666666664,1.2,1.2,0,0.0,0,0.0,0.0,0.0,2025-09-05,0.0,0.0
"Jan 31, 2026 - Mar 14, 2026",Auto Campaign 2 Cheap Discovery,163081140507766,Ad Group Cheap Discovery,391494289840856,substitutes,TARGETING_EXPRESSION_PREDEFINED,honduran,USD,2,1,0.5,0.66,0.66,0,0.0,0,0.0,0.0,0.0,2026-01-31,0.0,0.0
"Jul 04, 2025 - Mar 14, 2026",Auto Campaign 1 Signal Capture,468170906203317,Ad Group - Signal Capture,297953927298564,substitutes,TARGETING_EXPRESSION_PREDEFINED,B0CR1SYNNS,USD,711,2,0.0028129395218002813,0.65,1.3,0,0.0,0,0.0,0.0,0.0,2025-07-04,0.0,0.0
"Sep 08, 2025 - Jan 20, 2026",BROAD MATCH CAMPAIGN,306896079483800,Broad Keyword,284907010614606,hair growth oil,BROAD,mielle hair growth oil,USD,31,1,0.03225806451612903,0.75,0.75,0,0.0,0,0.0,0.0,0.0,2025-09-08,0.0,0.0
"Oct 15, 2025 - Jan 01, 2026",BROAD MATCH CAMPAIGN,306896079483800,Broad Keyword,284907010614606,hair growth,BROAD,mary ruth hair growth max,USD,82,2,0.024390243902439025,0.75,1.5,0,0.0,0,0.0,0.0,0.0,2025-10-15,0.0,0.0
"Mar 04, 2026 - Mar 17, 2026",Auto Campaign 1 Signal Capture,468170906203317,Ad Group - Signal Capture,297953927298564,loose-match,TARGETING_EXPRESSION_PREDEFINED,glueless pixie cut human hair wigs,USD,12,1,0.08333333333333333,1.2,1.2,0,0.0,0,0.0,0.0,0.0,2026-03-04,0.0,0.0
"Nov 17, 2025 - Nov 19, 2025",BROAD MATCH CAMPAIGN,306896079483800,Broad Keyword,284907010614606,hair growth,BROAD,clove water for hair growth,USD,6,1,0.16666666666666666,0.75,0.75,0,0.0,0,0.0,0.0,0.0,2025-11-17,0.0,0.0
"Sep 06, 2025 - Oct 26, 2025",BROAD MATCH CAMPAIGN,306896079483800,Broad Keyword,284907010614606,hair growth,BROAD,avocado oil for hair growth,USD,15,1,0.06666666666666667,0.52,0.52,0,0.0,0,0.0,0.0,0.0,2025-09-06,0.0,0.0
"Nov 18, 2025 - Mar 14, 2026",Batana Hair oil pharase Manual,292247191707127,Phrase Keywords,465120102858213,hair growth oil,PHRASE,miele hair growth oil,USD,17,1,0.058823529411764705,0.6,0.6,2,16.99,2,28.31667,0.3,0.0,2025-11-18,0.035314891112419075,2.0
"Sep 04, 2025 - Dec 22, 2025",BROAD MATCH CAMPAIGN,306896079483800,Broad Keyword,284907010614606,batana oil,BROAD,dxcx batana oil,USD,516,2,0.003875968992248062,0.82,1.64,0,0.0,0,0.0,0.0,0.0,2025-09-04,0.0,0.0
"Oct 15, 2025 - Dec 06, 2025",BROAD MATCH CAMPAIGN,306896079483800,Broad Keyword,284907010614606,batana oil cold pressed,BROAD,batana oil vital,USD,4,1,0.25,0.52,0.52,0,0.0,0,0.0,0.0,0.0,2025-10-15,0.0,0.0
"Dec 06, 2025 - Jan 21, 2026",Batana Hair oil pharase Manual,292247191707127,Phrase Keywords,465120102858213,bask and lather hair products,PHRASE,bask and lather hair products,USD,1531,9,0.005878510777269758,0.62111,5.59,0,0.0,0,0.0,0.0,0.0,2025-12-06,0.0,0.0
"Sep 06, 2025 - Dec 17, 2025",BROAD MATCH CAMPAIGN,306896079483800,Broad Keyword,284907010614606,hair growth,BROAD,batana conditioner for hair growth,USD,42,1,0.023809523809523808,0.75,0.75,0,0.0,0,0.0,0.0,0.0,2025-09-06,0.0,0.0
"Sep 08, 2025 - Sep 23, 2025",BROAD MATCH CAMPAIGN,306896079483800,Broad Keyword,284907010614606,hair growth oil,BROAD,ktintar batana oil for hair growth,USD,30,1,0.03333333333333333,1.12,1.12,0,0.0,0,0.0,0.0,0.0,2025-09-08,0.0,0.0
"Feb 11, 2026 - Feb 11, 2026",Auto Campaign 1 Signal Capture,468170906203317,Ad Group - Signal Capture,297953927298564,close-match,TARGETING_EXPRESSION_PREDEFINED,hair growth thick oil,USD,1,1,1.0,1.4,1.4,0,0.0,0,0.0,0.0,0.0,2026-02-11,0.0,0.0
"Aug 31, 2025 - Jan 22, 2026",Batana Hair oil pharase Manual,292247191707127,Phrase Keywords,465120102858213,hair moisturizer,PHRASE,baby hair moisturizer,USD,150,1,0.006666666666666667,0.6,0.6,0,0.0,0,0.0,0.0,0.0,2025-08-31,0.0,0.0
"Sep 15, 2025 - Jan 21, 2026",Batana Hair oil pharase Manual,292247191707127,Phrase Keywords,465120102858213,hair moisturizer,PHRASE,organic hair moisturizer,USD,64,1,0.015625,0.8,0.8,0,0.0,0,0.0,0.0,0.0,2025-09-15,0.0,0.0
"Sep 23, 2025 - Sep 24, 2025",BROAD MATCH CAMPAIGN,306896079483800,Broad Keyword,284907010614606,extremely fast hair growth,BROAD,marc anthony grow long,USD,76,1,0.013157894736842105,1.12,1.12,0,0.0,0,0.0,0.0,0.0,2025-09-23,0.0,0.0
"Sep 26, 2025 - Sep 26, 2025",BROAD MATCH CAMPAIGN,306896079483800,Broad Keyword,284907010614606,hair oil for hair growth,BROAD,butane oil hair growth,USD,1,1,1.0,1.0,1.0,0,0.0,0,0.0,0.0,0.0,2025-09-26,0.0,0.0
"Sep 27, 2025 - Sep 28, 2025",BROAD MATCH CAMPAIGN,306896079483800,Broad Keyword,284907010614606,men hair growth,BROAD,hair,USD,15,1,0.06666666666666667,1.12,1.12,0,0.0,0,0.0,0.0,0.0,2025-09-27,0.0,0.0
"Sep 08, 2025 - Dec 14, 2025",BROAD MATCH CAMPAIGN,306896079483800,Broad Keyword,284907010614606,hair growth oil,BROAD,hair growth oils for black women,USD,16,1,0.0625,1.25,1.25,0,0.0,0,0.0,0.0,0.0,2025-09-08,0.0,0.0
"Sep 23, 2025 - Jan 14, 2026",Auto Campaign 1 Signal Capture,468170906203317,Ad Group - Signal Capture,297953927298564,substitutes,TARGETING_EXPRESSION_PREDEFINED,B07YFD3T2T,USD,60,2,0.03333333333333333,0.4,0.8,0,0.0,0,0.0,0.0,0.0,2025-09-23,0.0,0.0
"Sep 08, 2025 - Jan 22, 2026",BROAD MATCH CAMPAIGN,306896079483800,Broad Keyword,284907010614606,hair growth oil,BROAD,baskin lather hair growth oil,USD,831,2,0.0024067388688327317,1.17,2.34,1,9.99,1,4.26923,2.34,0.0,2025-09-08,0.23423423423423423,0.5
"Nov 16, 2025 - Mar 12, 2026",Auto Campaign 1 Signal Capture,468170906203317,Ad Group - Signal Capture,297953927298564,substitutes,TARGETING_EXPRESSION_PREDEFINED,labanta,USD,85,1,0.011764705882352941,0.53,0.53,0,0.0,0,0.0,0.0,0.0,2025-11-16,0.0,0.0
"Nov 27, 2025 - Mar 17, 2026",Batana Hair oil pharase Manual,292247191707127,Phrase Keywords,465120102858213,unrefined batana oil,PHRASE,unrefined batana oil,USD,263,2,0.0076045627376425855,0.745,1.49,0,0.0,0,0.0,0.0,0.0,2025-11-27,0.0,0.0
"Dec 11, 2025 - Dec 11, 2025",BROAD MATCH CAMPAIGN,306896079483800,Broad Keyword,284907010614606,hair growth oil,BROAD,mens hair oil for growth,USD,2,1,0.5,1.5,1.5,0,0.0,0,0.0,0.0,0.0,2025-12-11,0.0,0.0
"Sep 24, 2025 - Jan 20, 2026",BROAD MATCH CAMPAIGN,306896079483800,Broad Keyword,284907010614606,hair grease for black hair growth,BROAD,hair grease for black women,USD,20,1,0.05,0.53,0.53,0,0.0,0,0.0,0.0,0.0,2025-09-24,0.0,0.0
"Jul 04, 2025 - Jan 18, 2026",Auto Campaign 1 Signal Capture,468170906203317,Ad Group - Signal Capture,297953927298564,close-match,TARGETING_EXPRESSION_PREDEFINED,edge growth oil,USD,53,2,0.03773584905660377,0.625,1.25,0,0.0,0,0.0,0.0,0.0,2025-07-04,0.0,0.0
"Sep 01, 2025 - Mar 20, 2026",Batana Hair oil pharase Manual,292247191707127,Phrase Keywords,465120102858213,hair growth oil,PHRASE,bask and lather hair growth oil,USD,1558,5,0.003209242618741977,0.738,3.69,1,9.99,1,2.70732,3.69,0.0,2025-09-01,0.36936936936936937,0.2
"Sep 05, 2025 - Sep 05, 2025",BROAD MATCH CAMPAIGN,306896079483800,Broad Keyword,284907010614606,hair growth,BROAD,jojoba oil for hair growth,USD,1,1,1.0,0.65,0.65,0,0.0,0,0.0,0.0,0.0,2025-09-05,0.0,0.0
"Sep 08, 2025 - Mar 13, 2026",BROAD MATCH CAMPAIGN,306896079483800,Broad Keyword,284907010614606,hair growth oil,BROAD,black jamaican castor oil hair growth,USD,56,1,0.017857142857142856,1.04,1.04,1,9.99,1,9.60577,1.04,0.0,2025-09-08,0.1041041041041041,1.0
"Feb 12, 2026 - Mar 02, 2026",Batana Hair oil pharase Manual,292247191707127,Phrase Keywords,465120102858213,batana oil,PHRASE,batana oil,USD,1009,21,0.02081268582755203,3.06238,64.31,0,0.0,0,0.0,0.0,0.0,2026-02-12,0.0,0.0
"Mar 19, 2026 - Mar 19, 2026",Batana Hair oil pharase Manual,292247191707127,Phrase Keywords,465120102858213,batana,PHRASE,batana ingredient list: should be 100% elaeis oleifera (batana) kernel oil.,USD,3,1,0.3333333333333333,0.94,0.94,0,0.0,0,0.0,0.0,0.0,2026-03-19,0.0,0.0
"Oct 20, 2025 - Jan 16, 2026",PRODUCT TARGETING EXACT CAMPAIGN,295732523762026,ASIN Exact targeting,517907737835689,"asin=""B0DSCKBJLD""",TARGETING_EXPRESSION,baskin lather hair products bundle,USD,5,1,0.2,0.45,0.45,0,0.0,0,0.0,0.0,0.0,2025-10-20,0.0,0.0
"Dec 11, 2025 - Dec 15, 2025",BROAD MATCH CAMPAIGN,306896079483800,Broad Keyword,284907010614606,batana oil hair,BROAD,organic batana oil,USD,59,1,0.01694915254237288,1.5,1.5,1,16.99,1,11.32667,1.5,0.0,2025-12-11,0.08828722778104768,1.0
"Dec 17, 2025 - Dec 21, 2025",BROAD MATCH CAMPAIGN,306896079483800,Broad Keyword,284907010614606,hair growth batana oil,BROAD,dssuoa azure batana oil for hair growth,USD,3,1,0.3333333333333333,1.2,1.2,0,0.0,0,0.0,0.0,0.0,2025-12-17,0.0,0.0
"Jan 29, 2026 - Jan 30, 2026",Batana Oil Phrase Match,212832079341322,Batana Oil Phrase Match,450560731451216,growth,PHRASE,bb hair growth,USD,3,1,0.3333333333333333,0.85,0.85,0,0.0,0,0.0,0.0,0.0,2026-01-29,0.0,0.0
"Sep 25, 2025 - Nov 27, 2025",Batana Hair oil Exact Manual,502286450850716,Exact Keywords,296070289941158,rosemary oil for hair growth,EXACT,rosemary oil for hair growth,USD,156,2,0.01282051282051282,0.525,1.05,0,0.0,0,0.0,0.0,0.0,2025-09-25,0.0,0.0
"Sep 07, 2025 - Dec 29, 2025",PRODUCT TARGETING EXACT CAMPAIGN,295732523762026,ASIN Exact targeting,517907737835689,"asin-expanded=""B0DSHXCT4N""",TARGETING_EXPRESSION,B0DJDV254B,USD,3,1,0.3333333333333333,0.45,0.45,0,0.0,0,0.0,0.0,0.0,2025-09-07,0.0,0.0
"Sep 08, 2025 - Jan 21, 2026",BROAD MATCH CAMPAIGN,306896079483800,Broad Keyword,284907010614606,hair growth oil,BROAD,hair crack growth oil,USD,106,1,0.009433962264150943,1.8,1.8,0,0.0,0,0.0,0.0,0.0,2025-09-08,0.0,0.0
"Sep 14, 2025 - Sep 21, 2025",BROAD MATCH CAMPAIGN,306896079483800,Broad Keyword,284907010614606,batana oil shampoo,BROAD,batana shampoo oil,USD,36,1,0.027777777777777776,1.01,1.01,0,0.0,0,0.0,0.0,0.0,2025-09-14,0.0,0.0
"Sep 07, 2025 - Dec 18, 2025",BROAD MATCH CAMPAIGN,306896079483800,Broad Keyword,284907010614606,hair growth,BROAD,edges growth treatment for black hair,USD,12,1,0.08333333333333333,0.67,0.67,0,0.0,0,0.0,0.0,0.0,2025-09-07,0.0,0.0
"Sep 11, 2025 - Jan 18, 2026",PRODUCT TARGETING EXACT CAMPAIGN,295732523762026,ASIN Exact targeting,517907737835689,"asin-expanded=""B01I2ZQJSG""",TARGETING_EXPRESSION,B0B9RCR13S,USD,172,2,0.011627906976744186,0.4,0.8,0,0.0,0,0.0,0.0,0.0,2025-09-11,0.0,0.0
"Sep 05, 2025 - Sep 30, 2025",BROAD MATCH CAMPAIGN,306896079483800,Broad Keyword,284907010614606,hair growth,BROAD,black castor oil for hair growth,USD,30,1,0.03333333333333333,0.9,0.9,0,0.0,0,0.0,0.0,0.0,2025-09-05,0.0,0.0
"Jan 10, 2026 - Jan 18, 2026",Batana Hair oil pharase Manual,292247191707127,Phrase Keywords,465120102858213,hair growth,PHRASE,mart ruth hair growth,USD,3,1,0.3333333333333333,0.91,0.91,0,0.0,0,0.0,0.0,0.0,2026-01-10,0.0,0.0
"Jan 18, 2026 - Jan 18, 2026",Batana Hair oil pharase Manual,292247191707127,Phrase Keywords,465120102858213,hair growth,PHRASE,curry leaves for hair growth,USD,1,1,1.0,0.65,0.65,0,0.0,0,0.0,0.0,0.0,2026-01-18,0.0,0.0
"Sep 09, 2025 - Dec 27, 2025",PRODUCT TARGETING EXACT CAMPAIGN,295732523762026,ASIN Exact targeting,517907737835689,"asin-expanded=""B0DCX7628T""",TARGETING_EXPRESSION,B0CJM8546H,USD,296,2,0.006756756756756757,0.85,1.7,0,0.0,0,0.0,0.0,0.0,2025-09-09,0.0,0.0
"Mar 20, 2026 - Mar 20, 2026",Auto Campaign 1 Signal Capture,468170906203317,Ad Group - Signal Capture,297953927298564,close-match,TARGETING_EXPRESSION_PREDEFINED,mandana,USD,2,1,0.5,0.93,0.93,0,0.0,0,0.0,0.0,0.0,2026-03-20,0.0,0.0
"Aug 31, 2025 - Mar 10, 2026",Auto Campaign 1 Signal Capture,468170906203317,Ad Group - Signal Capture,297953927298564,substitutes,TARGETING_EXPRESSION_PREDEFINED,B003RQ226Y,USD,184,1,0.005434782608695652,0.5,0.5,0,0.0,0,0.0,0.0,0.0,2025-08-31,0.0,0.0
"Mar 07, 2026 - Mar 07, 2026",PRODUCT TARGETING EXACT CAMPAIGN,295732523762026,ASIN Exact targeting,517907737835689,"asin=""B01I2ZQJSG""",TARGETING_EXPRESSION,split end trimmer,USD,3,1,0.3333333333333333,0.8,0.8,0,0.0,0,0.0,0.0,0.0,2026-03-07,0.0,0.0
"Aug 30, 2025 - Jan 19, 2026",Batana Hair oil pharase Manual,292247191707127,Phrase Keywords,465120102858213,hair growth,PHRASE,scalp massager hair growth,USD,81,1,0.012345679012345678,0.65,0.65,0,0.0,0,0.0,0.0,0.0,2025-08-30,0.0,0.0
"Sep 02, 2025 - Sep 02, 2025",Auto Campaign 1 Signal Capture,468170906203317,Ad Group - Signal Capture,297953927298564,substitutes,TARGETING_EXPRESSION_PREDEFINED,qytin,USD,1,1,1.0,0.75,0.75,0,0.0,0,0.0,0.0,0.0,2025-09-02,0.0,0.0
"Aug 06, 2025 - Mar 08, 2026",Auto Campaign 1 Signal Capture,468170906203317,Ad Group - Signal Capture,297953927298564,substitutes,TARGETING_EXPRESSION_PREDEFINED,B0F9VW7ZQ8,USD,42,2,0.047619047619047616,0.6,1.2,0,0.0,0,0.0,0.0,0.0,2025-08-06,0.0,0.0
"Sep 05, 2025 - Mar 16, 2026",Batana Hair oil pharase Manual,292247191707127,Phrase Keywords,465120102858213,hair growth oil,PHRASE,carol's daughter hair growth oil,USD,388,2,0.005154639175257732,0.55,1.1,0,0.0,0,0.0,0.0,0.0,2025-09-05,0.0,0.0
"Jul 09, 2025 - Jul 20, 2025",Auto Campaign 1 Signal Capture,468170906203317,Ad Group - Signal Capture,297953927298564,close-match,TARGETING_EXPRESSION_PREDEFINED,B091B6W36N,USD,4,1,0.25,0.8,0.8,0,0.0,0,0.0,0.0,0.0,2025-07-09,0.0,0.0
"Sep 07, 2025 - Jan 09, 2026",PRODUCT TARGETING EXACT CAMPAIGN,295732523762026,ASIN Exact targeting,517907737835689,"asin-expanded=""B0DCX7628T""",TARGETING_EXPRESSION,B0C5FP8R7J,USD,662,2,0.0030211480362537764,0.715,1.43,0,0.0,0,0.0,0.0,0.0,2025-09-07,0.0,0.0
"Sep 08, 2025 - Mar 19, 2026",BROAD MATCH CAMPAIGN,306896079483800,Broad Keyword,284907010614606,hair growth oil,BROAD,bantana natural hair growth oil,USD,6307,46,0.007293483431108292,1.06913,49.18,3,31.97,3,0.65006,16.39333,0.0,2025-09-08,1.5383171723490774,0.06521739130434782
"Mar 07, 2026 - Mar 07, 2026",Auto Campaign 1 Signal Capture,468170906203317,Ad Group - Signal Capture,297953927298564,loose-match,TARGETING_EXPRESSION_PREDEFINED,labanta hair product,USD,1,1,1.0,0.6,0.6,0,0.0,0,0.0,0.0,0.0,2026-03-07,0.0,0.0
"Mar 13, 2026 - Mar 17, 2026",Auto Campaign 1 Signal Capture,468170906203317,Ad Group - Signal Capture,297953927298564,loose-match,TARGETING_EXPRESSION_PREDEFINED,shael cosmetics ambunu for hair,USD,4,1,0.25,0.67,0.67,0,0.0,0,0.0,0.0,0.0,2026-03-13,0.0,0.0
"Jan 07, 2026 - Jan 17, 2026",BROAD MATCH CAMPAIGN,306896079483800,Broad Keyword,284907010614606,extremely fast hair growth,BROAD,blue magic hair grease,USD,20,1,0.05,1.0,1.0,0,0.0,0,0.0,0.0,0.0,2026-01-07,0.0,0.0
"Jul 21, 2025 - Jul 21, 2025",Auto Campaign 1 Signal Capture,468170906203317,Ad Group - Signal Capture,297953927298564,loose-match,TARGETING_EXPRESSION_PREDEFINED,kinks an co,USD,1,1,1.0,0.57,0.57,0,0.0,0,0.0,0.0,0.0,2025-07-21,0.0,0.0
"Nov 27, 2025 - Mar 10, 2026",Auto Campaign 1 Signal Capture,468170906203317,Ad Group - Signal Capture,297953927298564,substitutes,TARGETING_EXPRESSION_PREDEFINED,B0FRSQTGX9,USD,165,1,0.006060606060606061,0.31,0.31,0,0.0,0,0.0,0.0,0.0,2025-11-27,0.0,0.0
"Sep 05, 2025 - Nov 05, 2025",PRODUCT TARGETING EXACT CAMPAIGN,295732523762026,ASIN Exact targeting,517907737835689,"asin-expanded=""B0CMXF1NK3""",TARGETING_EXPRESSION,B0CMXF1NK3,USD,42,1,0.023809523809523808,0.4,0.4,0,0.0,0,0.0,0.0,0.0,2025-09-05,0.0,0.0
"Sep 07, 2025 - Jan 10, 2026",PRODUCT TARGETING EXACT CAMPAIGN,295732523762026,ASIN Exact targeting,517907737835689,"asin-expanded=""B0DCX7628T""",TARGETING_EXPRESSION,B07YFD3T2T,USD,1672,16,0.009569377990430622,0.63625,10.18,0,0.0,0,0.0,0.0,0.0,2025-09-07,0.0,0.0
"Sep 19, 2025 - Sep 19, 2025",Auto Campaign 1 Signal Capture,468170906203317,Ad Group - Signal Capture,297953927298564,loose-match,TARGETING_EXPRESSION_PREDEFINED,ultimate original,USD,1,1,1.0,0.45,0.45,0,0.0,0,0.0,0.0,0.0,2025-09-19,0.0,0.0
"Jan 31, 2026 - Jan 31, 2026",Auto Campaign 2 Cheap Discovery,163081140507766,Ad Group Cheap Discovery,391494289840856,loose-match,TARGETING_EXPRESSION_PREDEFINED,curry for long hair,USD,1,1,1.0,0.99,0.99,0,0.0,0,0.0,0.0,0.0,2026-01-31,0.0,0.0
"Sep 06, 2025 - Oct 20, 2025",Batana Hair oil pharase Manual,292247191707127,Phrase Keywords,465120102858213,hair growth products,PHRASE,best african hair growth products,USD,8,1,0.125,0.4,0.4,0,0.0,0,0.0,0.0,0.0,2025-09-06,0.0,0.0
"Aug 30, 2025 - Jan 17, 2026",Batana Hair oil pharase Manual,292247191707127,Phrase Keywords,465120102858213,hair growth,PHRASE,hair growth lotion,USD,37,1,0.02702702702702703,0.65,0.65,0,0.0,0,0.0,0.0,0.0,2025-08-30,0.0,0.0
"Sep 21, 2025 - Dec 20, 2025",Auto Campaign 1 Signal Capture,468170906203317,Ad Group - Signal Capture,297953927298564,loose-match,TARGETING_EXPRESSION_PREDEFINED,ors hair fertilizer for hair growth,USD,10,4,0.4,0.33,1.32,0,0.0,0,0.0,0.0,0.0,2025-09-21,0.0,0.0
"Oct 19, 2025 - Dec 15, 2025",Auto Campaign 1 Signal Capture,468170906203317,Ad Group - Signal Capture,297953927298564,substitutes,TARGETING_EXPRESSION_PREDEFINED,B01BV3I85I,USD,19,1,0.05263157894736842,0.45,0.45,0,0.0,0,0.0,0.0,0.0,2025-10-19,0.0,0.0
"Sep 08, 2025 - Jan 22, 2026",BROAD MATCH CAMPAIGN,306896079483800,Broad Keyword,284907010614606,hair growth oil,BROAD,pumpkin seed oil for hair growth,USD,563,3,0.0053285968028419185,1.13,3.39,0,0.0,0,0.0,0.0,0.0,2025-09-08,0.0,0.0
"Aug 29, 2025 - Mar 10, 2026",Batana Hair oil pharase Manual,292247191707127,Phrase Keywords,465120102858213,hair growth,PHRASE,botana oil hair growth,USD,42,2,0.047619047619047616,0.63,1.26,0,0.0,0,0.0,0.0,0.0,2025-08-29,0.0,0.0
"Sep 16, 2025 - Feb 11, 2026",Batana Hair oil pharase Manual,292247191707127,Phrase Keywords,465120102858213,rosemary oil for hair growth,PHRASE,gaayou rosemary oil for hair growth,USD,34,2,0.058823529411764705,0.55,1.1,0,0.0,0,0.0,0.0,0.0,2025-09-16,0.0,0.0
"Sep 22, 2025 - Sep 22, 2025",Auto Campaign 1 Signal Capture,468170906203317,Ad Group - Signal Capture,297953927298564,loose-match,TARGETING_EXPRESSION_PREDEFINED,bask and lather hair growth serum,USD,1,1,1.0,0.55,0.55,0,0.0,0,0.0,0.0,0.0,2025-09-22,0.0,0.0
"Dec 04, 2025 - Mar 12, 2026",BROAD MATCH CAMPAIGN,306896079483800,Broad Keyword,284907010614606,hair growth,BROAD,facial hair growth,USD,3,1,0.3333333333333333,0.36,0.36,0,0.0,0,0.0,0.0,0.0,2025-12-04,0.0,0.0
"Feb 15, 2026 - Feb 28, 2026",Batana Hair oil pharase Manual,292247191707127,Phrase Keywords,465120102858213,batana,PHRASE,leave in batana oil,USD,7,1,0.14285714285714285,2.25,2.25,0,0.0,0,0.0,0.0,0.0,2026-02-15,0.0,0.0
"Sep 08, 2025 - Dec 09, 2025",PRODUCT TARGETING EXACT CAMPAIGN,295732523762026,ASIN Exact targeting,517907737835689,"asin-expanded=""B0D6BMGP8Z""",TARGETING_EXPRESSION,B0DSCKBJLD,USD,147,1,0.006802721088435374,0.6,0.6,0,0.0,0,0.0,0.0,0.0,2025-09-08,0.0,0.0
"Sep 10, 2025 - Jan 18, 2026",PRODUCT TARGETING EXACT CAMPAIGN,295732523762026,ASIN Exact targeting,517907737835689,"asin-expanded=""B01I2ZQJSG""",TARGETING_EXPRESSION,B0D2L9HNW2,USD,87,2,0.022988505747126436,0.55,1.1,0,0.0,0,0.0,0.0,0.0,2025-09-10,0.0,0.0
"Sep 26, 2025 - Dec 01, 2025",BROAD MATCH CAMPAIGN,306896079483800,Broad Keyword,284907010614606,vitamins for hair growth,BROAD,vitamins for hair growth,USD,41,1,0.024390243902439025,0.35,0.35,0,0.0,0,0.0,0.0,0.0,2025-09-26,0.0,0.0
"Sep 09, 2025 - Mar 11, 2026",BROAD MATCH CAMPAIGN,306896079483800,Broad Keyword,284907010614606,hair growth oil,BROAD,cantu hair growth oil,USD,20,1,0.05,1.0,1.0,0,0.0,0,0.0,0.0,0.0,2025-09-09,0.0,0.0
"Mar 11, 2026 - Mar 16, 2026",Batana Hair oil pharase Manual,292247191707127,Phrase Keywords,465120102858213,batana oil for hair growth,PHRASE,luxmiel batana oil for hair growth,USD,4,4,1.0,0.53,2.12,0,0.0,0,0.0,0.0,0.0,2026-03-11,0.0,0.0
"Sep 03, 2025 - Mar 18, 2026",Batana Hair oil pharase Manual,292247191707127,Phrase Keywords,465120102858213,rosemary oil for hair growth,PHRASE,rosemary oil for hair growth,USD,426,4,0.009389671361502348,0.5625,2.25,1,11.99,1,5.32889,2.25,0.0,2025-09-03,0.18765638031693077,0.25
"Sep 03, 2025 - Sep 03, 2025",Auto Campaign 1 Signal Capture,468170906203317,Ad Group - Signal Capture,297953927298564,loose-match,TARGETING_EXPRESSION_PREDEFINED,dominican gotero crecer pelo,USD,1,1,1.0,0.63,0.63,0,0.0,0,0.0,0.0,0.0,2025-09-03,0.0,0.0
"Jul 24, 2025 - Feb 11, 2026",Auto Campaign 1 Signal Capture,468170906203317,Ad Group - Signal Capture,297953927298564,close-match,TARGETING_EXPRESSION_PREDEFINED,hair oil batana,USD,198,1,0.005050505050505051,1.4,1.4,0,0.0,0,0.0,0.0,0.0,2025-07-24,0.0,0.0
"Nov 18, 2025 - Nov 18, 2025",BROAD MATCH CAMPAIGN,306896079483800,Broad Keyword,284907010614606,hair growth,BROAD,perm growth hair,USD,1,1,1.0,0.75,0.75,0,0.0,0,0.0,0.0,0.0,2025-11-18,0.0,0.0
"Sep 08, 2025 - Dec 13, 2025",BROAD MATCH CAMPAIGN,306896079483800,Broad Keyword,284907010614606,hair growth oil,BROAD,cold pressed batana oil for hair growth,USD,38,1,0.02631578947368421,1.01,1.01,0,0.0,0,0.0,0.0,0.0,2025-09-08,0.0,0.0
"Dec 02, 2025 - Dec 02, 2025",BROAD MATCH CAMPAIGN,306896079483800,Broad Keyword,284907010614606,batana oil,BROAD,banana oil for alopecia women,USD,1,1,1.0,0.82,0.82,0,0.0,0,0.0,0.0,0.0,2025-12-02,0.0,0.0
"Jan 23, 2026 - Jan 27, 2026",Batana Oil Exact Ranking,116719674392449,High Intent,417102371297812,"keyword-group=""Keywords related to your product category""",TARGETING_EXPRESSION,amala hair oil,USD,183,1,0.00546448087431694,2.04,2.04,0,0.0,0,0.0,0.0,0.0,2026-01-23,0.0,0.0
"Sep 09, 2025 - Jan 10, 2026",BROAD MATCH CAMPAIGN,306896079483800,Broad Keyword,284907010614606,hair growth oil,BROAD,rosemary oil for hair growth organic,USD,13,1,0.07692307692307693,1.04,1.04,0,0.0,0,0.0,0.0,0.0,2025-09-09,0.0,0.0
"Jan 06, 2026 - Jan 18, 2026",BROAD MATCH CAMPAIGN,306896079483800,Broad Keyword,284907010614606,batana oil shampoo,BROAD,batana shampoo,USD,55,1,0.01818181818181818,0.85,0.85,0,0.0,0,0.0,0.0,0.0,2026-01-06,0.0,0.0
"Sep 15, 2025 - Dec 16, 2025",BROAD MATCH CAMPAIGN,306896079483800,Broad Keyword,284907010614606,hair growth oil,BROAD,dcxc hair growth oil,USD,388,1,0.002577319587628866,1.2,1.2,0,0.0,0,0.0,0.0,0.0,2025-09-15,0.0,0.0
"Dec 19, 2025 - Dec 22, 2025",BROAD MATCH CAMPAIGN,306896079483800,Broad Keyword,284907010614606,hair growth batana oil,BROAD,okutani batana oil for hair growth,USD,142,1,0.007042253521126761,1.2,1.2,0,0.0,0,0.0,0.0,0.0,2025-12-19,0.0,0.0
"Sep 05, 2025 - Sep 05, 2025",Auto Campaign 1 Signal Capture,468170906203317,Ad Group - Signal Capture,297953927298564,loose-match,TARGETING_EXPRESSION_PREDEFINED,creme de crecer cabelo de homem,USD,1,1,1.0,0.52,0.52,0,0.0,0,0.0,0.0,0.0,2025-09-05,0.0,0.0
"Jan 28, 2026 - Feb 06, 2026",Batana Oil Phrase Match,212832079341322,Batana Oil Phrase Match,450560731451216,"keyword-group=""Keywords related to your product category""",TARGETING_EXPRESSION,ayurvedic hair oil,USD,428,1,0.002336448598130841,1.06,1.06,0,0.0,0,0.0,0.0,0.0,2026-01-28,0.0,0.0
"Jan 17, 2026 - Jan 21, 2026",Auto Campaign 1 Signal Capture,468170906203317,Ad Group - Signal Capture,297953927298564,close-match,TARGETING_EXPRESSION_PREDEFINED,cannabidiol oil,USD,6,1,0.16666666666666666,0.45,0.45,0,0.0,0,0.0,0.0,0.0,2026-01-17,0.0,0.0
"Dec 14, 2025 - Dec 14, 2025",BROAD MATCH CAMPAIGN,306896079483800,Broad Keyword,284907010614606,batana oil hair,BROAD,batana honduras oil for hair growth,USD,1,1,1.0,2.18,2.18,0,0.0,0,0.0,0.0,0.0,2025-12-14,0.0,0.0
"Sep 05, 2025 - Sep 06, 2025",BROAD MATCH CAMPAIGN,306896079483800,Broad Keyword,284907010614606,batana oil hair growth,BROAD,kuri nuka batana oil for hair growth,USD,7,1,0.14285714285714285,0.94,0.94,0,0.0,0,0.0,0.0,0.0,2025-09-05,0.0,0.0
"Feb 13, 2026 - Mar 02, 2026",Batana Hair oil pharase Manual,292247191707127,Phrase Keywords,465120102858213,batana,PHRASE,dola hair batana oil,USD,3,1,0.3333333333333333,1.93,1.93,0,0.0,0,0.0,0.0,0.0,2026-02-13,0.0,0.0
"Aug 30, 2025 - Mar 19, 2026",Batana Hair oil pharase Manual,292247191707127,Phrase Keywords,465120102858213,hair moisturizer,PHRASE,black hair moisturizer,USD,136,2,0.014705882352941176,0.67,1.34,1,13.99,1,10.4403,1.34,0.0,2025-08-30,0.09578270192994996,0.5
"Feb 14, 2026 - Feb 28, 2026",Batana Hair oil pharase Manual,292247191707127,Phrase Keywords,465120102858213,batana,PHRASE,batana oil paste for hair,USD,9,1,0.1111111111111111,3.34,3.34,0,0.0,0,0.0,0.0,0.0,2026-02-14,0.0,0.0
"Sep 27, 2025 - Sep 27, 2025",BROAD MATCH CAMPAIGN,306896079483800,Broad Keyword,284907010614606,high frequency wand for hair growth,BROAD,high frequency wand for hair growth scalp,USD,1,1,1.0,1.12,1.12,0,0.0,0,0.0,0.0,0.0,2025-09-27,0.0,0.0
"Sep 08, 2025 - Jan 05, 2026",PRODUCT TARGETING EXACT CAMPAIGN,295732523762026,ASIN Exact targeting,517907737835689,"asin-expanded=""B0DCX7628T""",TARGETING_EXPRESSION,B0DC6SFPVK,USD,84,1,0.011904761904761904,0.79,0.79,0,0.0,0,0.0,0.0,0.0,2025-09-08,0.0,0.0
"Feb 01, 2026 - Feb 01, 2026",Batana Oil Phrase Match,212832079341322,Batana Oil Phrase Match,450560731451216,growth,PHRASE,moisturizer for hair growth,USD,1,1,1.0,0.88,0.88,0,0.0,0,0.0,0.0,0.0,2026-02-01,0.0,0.0
"Sep 29, 2025 - Nov 01, 2025",Batana Hair oil pharase Manual,292247191707127,Phrase Keywords,465120102858213,hair growth products,PHRASE,wild growth hair growth products,USD,16,1,0.0625,0.45,0.45,0,0.0,0,0.0,0.0,0.0,2025-09-29,0.0,0.0
"Sep 08, 2025 - Mar 12, 2026",BROAD MATCH CAMPAIGN,306896079483800,Broad Keyword,284907010614606,hair growth oil,BROAD,batans oil for hair growth organic,USD,122,1,0.00819672131147541,1.35,1.35,0,0.0,0,0.0,0.0,0.0,2025-09-08,0.0,0.0
"Oct 14, 2025 - Mar 18, 2026",PRODUCT TARGETING EXACT CAMPAIGN,295732523762026,ASIN Exact targeting,517907737835689,"asin-expanded=""B000V8MTIC""",TARGETING_EXPRESSION,B00P06MX2M,USD,293,1,0.0034129692832764505,0.29,0.29,0,0.0,0,0.0,0.0,0.0,2025-10-14,0.0,0.0
"Mar 05, 2026 - Mar 20, 2026",Batana Oil Exact Ranking,116719674392449,High Intent,417102371297812,raw batana oil for hair growth,EXACT,raw batana oil for hair growth,USD,54,1,0.018518518518518517,1.48,1.48,0,0.0,0,0.0,0.0,0.0,2026-03-05,0.0,0.0
"Sep 06, 2025 - Jan 18, 2026",Batana Hair oil pharase Manual,292247191707127,Phrase Keywords,465120102858213,hair growth oil,PHRASE,fenugreek hair growth oil,USD,23,1,0.043478260869565216,0.9,0.9,1,9.99,1,11.1,0.9,0.0,2025-09-06,0.09009009009009009,1.0
"Jul 04, 2025 - Dec 20, 2025",Auto Campaign 1 Signal Capture,468170906203317,Ad Group - Signal Capture,297953927298564,substitutes,TARGETING_EXPRESSION_PREDEFINED,B0F7XJNSHW,USD,7,1,0.14285714285714285,0.61,0.61,0,0.0,0,0.0,0.0,0.0,2025-07-04,0.0,0.0
"Jun 23, 2025 - Nov 05, 2025",Auto Campaign 1 Signal Capture,468170906203317,Ad Group - Signal Capture,297953927298564,substitutes,TARGETING_EXPRESSION_PREDEFINED,B0FBM7PGM8,USD,166,3,0.018072289156626505,0.7,2.1,0,0.0,0,0.0,0.0,0.0,2025-06-23,0.0,0.0
"Sep 08, 2025 - Mar 16, 2026",Auto Campaign 1 Signal Capture,468170906203317,Ad Group - Signal Capture,297953927298564,loose-match,TARGETING_EXPRESSION_PREDEFINED,olive oil hair lotion,USD,93,1,0.010752688172043012,0.5,0.5,0,0.0,0,0.0,0.0,0.0,2025-09-08,0.0,0.0
"Sep 07, 2025 - Sep 07, 2025",BROAD MATCH CAMPAIGN,306896079483800,Broad Keyword,284907010614606,hair growth,BROAD,black owned hair growth oils,USD,1,1,1.0,1.35,1.35,0,0.0,0,0.0,0.0,0.0,2025-09-07,0.0,0.0
"Sep 05, 2025 - Feb 08, 2026",Batana Hair oil pharase Manual,292247191707127,Phrase Keywords,465120102858213,hair moisturizer,PHRASE,pink hair moisturizer lotion,USD,26,1,0.038461538461538464,0.8,0.8,0,0.0,0,0.0,0.0,0.0,2025-09-05,0.0,0.0
"Sep 18, 2025 - Jan 18, 2026",PRODUCT TARGETING EXACT CAMPAIGN,295732523762026,ASIN Exact targeting,517907737835689,"asin-expanded=""B01I2ZQJSG""",TARGETING_EXPRESSION,B00ICAGF22,USD,484,1,0.002066115702479339,0.29,0.29,0,0.0,0,0.0,0.0,0.0,2025-09-18,0.0,0.0
"Nov 29, 2025 - Dec 13, 2025",BROAD MATCH CAMPAIGN,306896079483800,Broad Keyword,284907010614606,batana oil,BROAD,dcxd batana oil,USD,6,1,0.16666666666666666,2.02,2.02,0,0.0,0,0.0,0.0,0.0,2025-11-29,0.0,0.0
"Sep 05, 2025 - Oct 27, 2025",BROAD MATCH CAMPAIGN,306896079483800,Broad Keyword,284907010614606,hair growth,BROAD,banatan oil hair growth,USD,57,2,0.03508771929824561,1.16,2.32,0,0.0,0,0.0,0.0,0.0,2025-09-05,0.0,0.0
"Sep 07, 2025 - Jan 22, 2026",BROAD MATCH CAMPAIGN,306896079483800,Broad Keyword,284907010614606,batana oil,BROAD,rosemary and batana oil,USD,41,1,0.024390243902439025,0.82,0.82,0,0.0,0,0.0,0.0,0.0,2025-09-07,0.0,0.0
"Jul 07, 2025 - Dec 10, 2025",PRODUCT TARGETING EXACT CAMPAIGN,295732523762026,ASIN Exact targeting,517907737835689,"asin=""B0DSHY2T4Q""",TARGETING_EXPRESSION,B0DSHY2T4Q,USD,203,1,0.0049261083743842365,0.55,0.55,0,0.0,0,0.0,0.0,0.0,2025-07-07,0.0,0.0
"Dec 12, 2025 - Dec 14, 2025",BROAD MATCH CAMPAIGN,306896079483800,Broad Keyword,284907010614606,organic batana oil,BROAD,"raw batana oil for hair growth - 100% pure, organic 4oz batana from honduras for thick and strong natural hair - dr. sebi unrefined cold pressed cosmetic scalp mask gifts for women (1 pack)",USD,7,2,0.2857142857142857,1.325,2.65,0,0.0,0,0.0,0.0,0.0,2025-12-12,0.0,0.0
"Mar 08, 2026 - Mar 08, 2026",Auto Campaign 1 Signal Capture,468170906203317,Ad Group - Signal Capture,297953927298564,close-match,TARGETING_EXPRESSION_PREDEFINED,hair growth mask for black women,USD,1,1,1.0,0.59,0.59,0,0.0,0,0.0,0.0,0.0,2026-03-08,0.0,0.0
"Mar 05, 2026 - Mar 05, 2026",Auto Campaign 1 Signal Capture,468170906203317,Ad Group - Signal Capture,297953927298564,close-match,TARGETING_EXPRESSION_PREDEFINED,keratin hair oil,USD,1,1,1.0,1.2,1.2,0,0.0,0,0.0,0.0,0.0,2026-03-05,0.0,0.0
"Nov 17, 2025 - Nov 17, 2025",PRODUCT TARGETING EXACT CAMPAIGN,295732523762026,ASIN Exact targeting,517907737835689,"asin-expanded=""B01I2ZQJSG""",TARGETING_EXPRESSION,B0794NYWRT,USD,2,1,0.5,0.4,0.4,0,0.0,0,0.0,0.0,0.0,2025-11-17,0.0,0.0
"Feb 01, 2026 - Feb 01, 2026",Auto Campaign 2 Cheap Discovery,163081140507766,Ad Group Cheap Discovery,391494289840856,substitutes,TARGETING_EXPRESSION_PREDEFINED,B08LBMYGTL,USD,1,1,1.0,0.66,0.66,0,0.0,0,0.0,0.0,0.0,2026-02-01,0.0,0.0
"Sep 08, 2025 - Mar 16, 2026",BROAD MATCH CAMPAIGN,306896079483800,Broad Keyword,284907010614606,hair growth oil,BROAD,jojoba oil for hair growth,USD,104,1,0.009615384615384616,1.35,1.35,0,0.0,0,0.0,0.0,0.0,2025-09-08,0.0,0.0
"Sep 08, 2025 - Mar 11, 2026",BROAD MATCH CAMPAIGN,306896079483800,Broad Keyword,284907010614606,hair growth oil,BROAD,hair growth oil for black women,USD,344,5,0.014534883720930232,1.074,5.37,0,0.0,0,0.0,0.0,0.0,2025-09-08,0.0,0.0
"Sep 04, 2025 - Mar 19, 2026",BROAD MATCH CAMPAIGN,306896079483800,Broad Keyword,284907010614606,hair oil for hair growth,BROAD,mielle rosemary oil for hair growth organic,USD,186,1,0.005376344086021506,0.75,0.75,0,0.0,0,0.0,0.0,0.0,2025-09-04,0.0,0.0
"Sep 01, 2025 - Mar 11, 2026",Auto Campaign 1 Signal Capture,468170906203317,Ad Group - Signal Capture,297953927298564,loose-match,TARGETING_EXPRESSION_PREDEFINED,mielle hair oil,USD,24,1,0.041666666666666664,0.5,0.5,0,0.0,0,0.0,0.0,0.0,2025-09-01,0.0,0.0
"Nov 16, 2025 - Dec 02, 2025",PRODUCT TARGETING EXPANDED CAMPAIGN,488143762344483,ASIN Expanded targeting,501339022401488,"asin-expanded=""B000V8MTIC""",TARGETING_EXPRESSION,B07L437P21,USD,12,1,0.08333333333333333,0.5,0.5,0,0.0,0,0.0,0.0,0.0,2025-11-16,0.0,0.0
"Jul 08, 2025 - Mar 20, 2026",Batana Hair oil Exact Manual,502286450850716,Exact Keywords,296070289941158,raw batana oil paste,EXACT,raw batana oil paste,USD,966,3,0.003105590062111801,1.39333,4.18,1,14.99,1,3.58612,4.18,0.0,2025-07-08,0.27885256837891925,0.3333333333333333
"Sep 07, 2025 - Sep 07, 2025",BROAD MATCH CAMPAIGN,306896079483800,Broad Keyword,284907010614606,batana oil hair,BROAD,"indian hair oil blend batana,fenugreek ,amla",USD,1,1,1.0,1.75,1.75,0,0.0,0,0.0,0.0,0.0,2025-09-07,0.0,0.0
"Sep 08, 2025 - Mar 18, 2026",BROAD MATCH CAMPAIGN,306896079483800,Broad Keyword,284907010614606,hair growth oil,BROAD,mielle organics rosemary oil for hair growth,USD,1021,4,0.0039177277179236044,1.0925,4.37,0,0.0,0,0.0,0.0,0.0,2025-09-08,0.0,0.0
"Jan 31, 2026 - Jan 31, 2026",Batana Oil Phrase Match,212832079341322,Batana Oil Phrase Match,450560731451216,hair growth,PHRASE,batana oil 100% unrefined for hair growth,USD,1,1,1.0,0.92,0.92,0,0.0,0,0.0,0.0,0.0,2026-01-31,0.0,0.0
"Sep 03, 2025 - Dec 27, 2025",Auto Campaign 1 Signal Capture,468170906203317,Ad Group - Signal Capture,297953927298564,substitutes,TARGETING_EXPRESSION_PREDEFINED,B0D7GTF12L,USD,2,1,0.5,0.5,0.5,0,0.0,0,0.0,0.0,0.0,2025-09-03,0.0,0.0
"Sep 05, 2025 - Jan 03, 2026",BROAD MATCH CAMPAIGN,306896079483800,Broad Keyword,284907010614606,hair growth,BROAD,derma roller scalp hair growth,USD,145,1,0.006896551724137931,1.3,1.3,0,0.0,0,0.0,0.0,0.0,2025-09-05,0.0,0.0
"Sep 23, 2025 - Jan 22, 2026",BROAD MATCH CAMPAIGN,306896079483800,Broad Keyword,284907010614606,extremely fast hair growth,BROAD,hair growth oil,USD,631,9,0.014263074484944533,0.92556,8.33,1,11.99,1,1.43938,8.33,0.0,2025-09-23,0.6947456213511259,0.1111111111111111
"Jul 05, 2025 - Jan 15, 2026",Auto Campaign 1 Signal Capture,468170906203317,Ad Group - Signal Capture,297953927298564,close-match,TARGETING_EXPRESSION_PREDEFINED,hair moisturizer,USD,239,3,0.012552301255230125,0.65,1.95,0,0.0,0,0.0,0.0,0.0,2025-07-05,0.0,0.0
"Sep 08, 2025 - Jan 11, 2026",BROAD MATCH CAMPAIGN,306896079483800,Broad Keyword,284907010614606,hair growth oil,BROAD,biotin oil for hair growth women,USD,26,1,0.038461538461538464,0.86,0.86,0,0.0,0,0.0,0.0,0.0,2025-09-08,0.0,0.0
"Sep 04, 2025 - Dec 15, 2025",BROAD MATCH CAMPAIGN,306896079483800,Broad Keyword,284907010614606,hair growth,BROAD,virgin fertilizer hair growth,USD,10,1,0.1,1.05,1.05,0,0.0,0,0.0,0.0,0.0,2025-09-04,0.0,0.0
"Sep 13, 2025 - Sep 13, 2025",PRODUCT TARGETING EXACT CAMPAIGN,295732523762026,ASIN Exact targeting,517907737835689,"asin-expanded=""B0DL5LB7JH""",TARGETING_EXPRESSION,B07KX95BT6,USD,1,1,1.0,0.55,0.55,0,0.0,0,0.0,0.0,0.0,2025-09-13,0.0,0.0
"Feb 12, 2026 - Mar 02, 2026",Batana Hair oil pharase Manual,292247191707127,Phrase Keywords,465120102858213,batana,PHRASE,organic batana oil,USD,92,1,0.010869565217391304,2.72,2.72,0,0.0,0,0.0,0.0,0.0,2026-02-12,0.0,0.0
"Dec 03, 2025 - Mar 12, 2026",BROAD MATCH CAMPAIGN,306896079483800,Broad Keyword,284907010614606,hair growth,BROAD,ayurvedic herbs powder mix for hair growth,USD,3,1,0.3333333333333333,0.82,0.82,0,0.0,0,0.0,0.0,0.0,2025-12-03,0.0,0.0
"Jul 01, 2025 - Mar 08, 2026",Auto Campaign 1 Signal Capture,468170906203317,Ad Group - Signal Capture,297953927298564,substitutes,TARGETING_EXPRESSION_PREDEFINED,B0D6BMGP8Z,USD,1703,24,0.014092777451556078,0.6025,14.46,0,0.0,0,0.0,0.0,0.0,2025-07-01,0.0,0.0
"Sep 25, 2025 - Sep 27, 2025",BROAD MATCH CAMPAIGN,306896079483800,Broad Keyword,284907010614606,hair moisturizer for black women,BROAD,hair oil for curly hair,USD,163,2,0.012269938650306749,0.72,1.44,0,0.0,0,0.0,0.0,0.0,2025-09-25,0.0,0.0
"Sep 16, 2025 - Jan 06, 2026",BROAD MATCH CAMPAIGN,306896079483800,Broad Keyword,284907010614606,hair growth,BROAD,bergamot hair growth,USD,3,1,0.3333333333333333,0.52,0.52,1,11.99,1,23.05769,0.52,0.0,2025-09-16,0.043369474562135114,1.0
"Sep 01, 2025 - Mar 10, 2026",Batana Hair oil pharase Manual,292247191707127,Phrase Keywords,465120102858213,hair growth,PHRASE,hair growth grease,USD,55,1,0.01818181818181818,0.65,0.65,0,0.0,0,0.0,0.0,0.0,2025-09-01,0.0,0.0
"Sep 06, 2025 - Oct 29, 2025",BROAD MATCH CAMPAIGN,306896079483800,Broad Keyword,284907010614606,hair growth,BROAD,the-mix-up botana oil hair growth,USD,4,1,0.25,0.52,0.52,0,0.0,0,0.0,0.0,0.0,2025-09-06,0.0,0.0
"Sep 07, 2025 - Nov 28, 2025",BROAD MATCH CAMPAIGN,306896079483800,Broad Keyword,284907010614606,hair growth,BROAD,edge control for hair growth,USD,5,1,0.2,1.2,1.2,0,0.0,0,0.0,0.0,0.0,2025-09-07,0.0,0.0
"Sep 08, 2025 - Jan 19, 2026",BROAD MATCH CAMPAIGN,306896079483800,Broad Keyword,284907010614606,hair growth oil,BROAD,bandana oil hair growth,USD,71,3,0.04225352112676056,1.79,5.37,1,16.99,1,3.16387,5.37,0.0,2025-09-08,0.31606827545615074,0.3333333333333333
"Sep 23, 2025 - Jan 18, 2026",BROAD MATCH CAMPAIGN,306896079483800,Broad Keyword,284907010614606,extremely fast hair growth,BROAD,wild growth hair oil,USD,960,4,0.004166666666666667,1.1,4.4,0,0.0,0,0.0,0.0,0.0,2025-09-23,0.0,0.0
"Sep 08, 2025 - Mar 15, 2026",BROAD MATCH CAMPAIGN,306896079483800,Broad Keyword,284907010614606,hair growth oil,BROAD,bantu oil for hair growth,USD,82,2,0.024390243902439025,1.35,2.7,1,9.99,1,3.7,2.7,0.0,2025-09-08,0.2702702702702703,0.5
"Sep 07, 2025 - Dec 21, 2025",BROAD MATCH CAMPAIGN,306896079483800,Broad Keyword,284907010614606,batana oil,BROAD,batana oil conditioner,USD,66,1,0.015151515151515152,0.52,0.52,0,0.0,0,0.0,0.0,0.0,2025-09-07,0.0,0.0
"Nov 12, 2025 - Nov 13, 2025",BROAD MATCH CAMPAIGN,306896079483800,Broad Keyword,284907010614606,hair growth,BROAD,hair growth moisturiser,USD,2,1,0.5,0.5,0.5,0,0.0,0,0.0,0.0,0.0,2025-11-12,0.0,0.0
"Nov 19, 2025 - Dec 15, 2025",PRODUCT TARGETING EXACT CAMPAIGN,295732523762026,ASIN Exact targeting,517907737835689,"asin-expanded=""B000V8MTIC""",TARGETING_EXPRESSION,B0DSYVNW7N,USD,114,1,0.008771929824561403,0.65,0.65,0,0.0,0,0.0,0.0,0.0,2025-11-19,0.0,0.0
"Sep 05, 2025 - Dec 15, 2025",BROAD MATCH CAMPAIGN,306896079483800,Broad Keyword,284907010614606,batana oil,BROAD,raw batana oil paste,USD,119,1,0.008403361344537815,2.02,2.02,1,16.99,1,8.41089,2.02,0.0,2025-09-05,0.11889346674514421,1.0
"Jul 22, 2025 - Feb 24, 2026",Auto Campaign 1 Signal Capture,468170906203317,Ad Group - Signal Capture,297953927298564,loose-match,TARGETING_EXPRESSION_PREDEFINED,african hair oil,USD,5,1,0.2,1.96,1.96,0,0.0,0,0.0,0.0,0.0,2025-07-22,0.0,0.0
"Sep 08, 2025 - Mar 11, 2026",BROAD MATCH CAMPAIGN,306896079483800,Broad Keyword,284907010614606,hair growth oil,BROAD,azure batana oil for hair growth,USD,265,3,0.011320754716981131,0.94667,2.84,1,16.99,1,5.98239,2.84,0.0,2025-09-08,0.16715715126545028,0.3333333333333333
"Jan 04, 2026 - Jan 04, 2026",Auto Campaign 1 Signal Capture,468170906203317,Ad Group - Signal Capture,297953927298564,loose-match,TARGETING_EXPRESSION_PREDEFINED,pure haitian black castor oil,USD,1,1,1.0,0.39,0.39,0,0.0,0,0.0,0.0,0.0,2026-01-04,0.0,0.0
"Sep 10, 2025 - Jan 18, 2026",PRODUCT TARGETING EXACT CAMPAIGN,295732523762026,ASIN Exact targeting,517907737835689,"asin-expanded=""B01I2ZQJSG""",TARGETING_EXPRESSION,B0CFZCRKWH,USD,89,1,0.011235955056179775,0.29,0.29,0,0.0,0,0.0,0.0,0.0,2025-09-10,0.0,0.0
"Mar 14, 2026 - Mar 16, 2026",Auto Campaign 1 Signal Capture,468170906203317,Ad Group - Signal Capture,297953927298564,loose-match,TARGETING_EXPRESSION_PREDEFINED,tabatha brown,USD,3,1,0.3333333333333333,0.5,0.5,0,0.0,0,0.0,0.0,0.0,2026-03-14,0.0,0.0
"Dec 16, 2025 - Dec 16, 2025",Auto Campaign 1 Signal Capture,468170906203317,Ad Group - Signal Capture,297953927298564,loose-match,TARGETING_EXPRESSION_PREDEFINED,luxmile raw batana oil,USD,1,1,1.0,0.5,0.5,0,0.0,0,0.0,0.0,0.0,2025-12-16,0.0,0.0
"Jan 07, 2026 - Jan 16, 2026",BROAD MATCH CAMPAIGN,306896079483800,Broad Keyword,284907010614606,batana oil shampoo,BROAD,batana oil shampoo and oil,USD,59,1,0.01694915254237288,0.93,0.93,0,0.0,0,0.0,0.0,0.0,2026-01-07,0.0,0.0
"Sep 05, 2025 - Nov 22, 2025",BROAD MATCH CAMPAIGN,306896079483800,Broad Keyword,284907010614606,hair growth,BROAD,alma oil for hair growth,USD,129,3,0.023255813953488372,0.73333,2.2,1,9.99,1,4.54091,2.2,0.0,2025-09-05,0.22022022022022023,0.3333333333333333
"Sep 03, 2025 - Mar 20, 2026",Batana Hair oil Exact Manual,502286450850716,Exact Keywords,296070289941158,batana oil organic,EXACT,batana oil organic,USD,4093,35,0.008551184949914489,0.658,23.03,2,19.98,2,0.86756,11.515,0.0,2025-09-03,1.1526526526526526,0.05714285714285714
"Nov 30, 2025 - Nov 30, 2025",Auto Campaign 1 Signal Capture,468170906203317,Ad Group - Signal Capture,297953927298564,loose-match,TARGETING_EXPRESSION_PREDEFINED,ayunche silky oil￼,USD,1,1,1.0,0.45,0.45,0,0.0,0,0.0,0.0,0.0,2025-11-30,0.0,0.0
"Dec 06, 2025 - Jan 20, 2026",Batana Hair oil Exact Manual,502286450850716,Exact Keywords,296070289941158,miele hair growth oil,EXACT,miele hair growth oil,USD,13,1,0.07692307692307693,0.97,0.97,0,0.0,0,0.0,0.0,0.0,2025-12-06,0.0,0.0
"Sep 05, 2025 - Oct 12, 2025",BROAD MATCH CAMPAIGN,306896079483800,Broad Keyword,284907010614606,hair growth,BROAD,batama oil for hair growth,USD,281,5,0.017793594306049824,0.994,4.97,1,9.99,1,2.01006,4.97,0.0,2025-09-05,0.49749749749749744,0.2
"Nov 08, 2025 - Nov 08, 2025",PRODUCT TARGETING EXACT CAMPAIGN,295732523762026,ASIN Exact targeting,517907737835689,"asin=""B0DJWSCZKT""",TARGETING_EXPRESSION,maui oil,USD,3,1,0.3333333333333333,0.4,0.4,0,0.0,0,0.0,0.0,0.0,2025-11-08,0.0,0.0
"Oct 26, 2025 - Nov 11, 2025",Auto Campaign 1 Signal Capture,468170906203317,Ad Group - Signal Capture,297953927298564,substitutes,TARGETING_EXPRESSION_PREDEFINED,B00J8BZSRW,USD,11,1,0.09090909090909091,0.45,0.45,0,0.0,0,0.0,0.0,0.0,2025-10-26,0.0,0.0
"Nov 17, 2025 - Dec 28, 2025",Auto Campaign 1 Signal Capture,468170906203317,Ad Group - Signal Capture,297953927298564,substitutes,TARGETING_EXPRESSION_PREDEFINED,B07RDYKY7Q,USD,9,1,0.1111111111111111,0.5,0.5,0,0.0,0,0.0,0.0,0.0,2025-11-17,0.0,0.0
"Sep 22, 2025 - Jan 04, 2026",BROAD MATCH CAMPAIGN,306896079483800,Broad Keyword,284907010614606,hair growth,BROAD,hair mask for growth,USD,17,1,0.058823529411764705,0.75,0.75,0,0.0,0,0.0,0.0,0.0,2025-09-22,0.0,0.0
"Mar 17, 2026 - Mar 17, 2026",PRODUCT TARGETING EXACT CAMPAIGN,295732523762026,ASIN Exact targeting,517907737835689,"asin=""B0DGQCDWJY""",TARGETING_EXPRESSION,bontona hair oil,USD,1,1,1.0,1.25,1.25,0,0.0,0,0.0,0.0,0.0,2026-03-17,0.0,0.0
"Sep 18, 2025 - Sep 19, 2025",PRODUCT TARGETING EXACT CAMPAIGN,295732523762026,ASIN Exact targeting,517907737835689,"asin-expanded=""B0DCX7628T""",TARGETING_EXPRESSION,B0F245533J,USD,4,1,0.25,0.85,0.85,1,9.99,1,11.75294,0.85,0.0,2025-09-18,0.08508508508508508,1.0
"Sep 02, 2025 - Dec 15, 2025",BROAD MATCH CAMPAIGN,306896079483800,Broad Keyword,284907010614606,batana oil hair,BROAD,gypsophila batana oil for hair growth,USD,122,3,0.02459016393442623,1.3,3.9,0,0.0,0,0.0,0.0,0.0,2025-09-02,0.0,0.0
"Sep 10, 2025 - Dec 15, 2025",BROAD MATCH CAMPAIGN,306896079483800,Broad Keyword,284907010614606,hair growth oil,BROAD,puremajik naturals hair growth oil,USD,78,1,0.01282051282051282,1.5,1.5,0,0.0,0,0.0,0.0,0.0,2025-09-10,0.0,0.0
"Jan 23, 2026 - Mar 19, 2026",Auto Campaign 2 Cheap Discovery,163081140507766,Ad Group Cheap Discovery,391494289840856,substitutes,TARGETING_EXPRESSION_PREDEFINED,B0D9NNF8Q8,USD,50,1,0.02,0.66,0.66,0,0.0,0,0.0,0.0,0.0,2026-01-23,0.0,0.0
"Feb 12, 2026 - Mar 17, 2026",Batana Hair oil pharase Manual,292247191707127,Phrase Keywords,465120102858213,batana,PHRASE,batana oil paste,USD,217,2,0.009216589861751152,3.445,6.89,1,20.99,1,3.04644,6.89,0.0,2026-02-12,0.32825154835636017,0.5
"Dec 10, 2025 - Jan 01, 2026",PRODUCT TARGETING EXACT CAMPAIGN,295732523762026,ASIN Exact targeting,517907737835689,"asin-expanded=""B006FJPKT6""",TARGETING_EXPRESSION,B07G37R24B,USD,9,1,0.1111111111111111,0.65,0.65,0,0.0,0,0.0,0.0,0.0,2025-12-10,0.0,0.0
"Sep 05, 2025 - Sep 05, 2025",BROAD MATCH CAMPAIGN,306896079483800,Broad Keyword,284907010614606,hair growth,BROAD,faster hair growth for bald spots,USD,1,1,1.0,1.35,1.35,0,0.0,0,0.0,0.0,0.0,2025-09-05,0.0,0.0
"Sep 05, 2025 - Oct 28, 2025",BROAD MATCH CAMPAIGN,306896079483800,Broad Keyword,284907010614606,hair growth,BROAD,hibiscus oil for hair growth organic,USD,28,1,0.03571428571428571,0.28,0.28,0,0.0,0,0.0,0.0,0.0,2025-09-05,0.0,0.0
"Mar 07, 2026 - Mar 18, 2026",Auto Campaign 1 Signal Capture,468170906203317,Ad Group - Signal Capture,297953927298564,substitutes,TARGETING_EXPRESSION_PREDEFINED,B0DJZ734BF,USD,4,1,0.25,0.7,0.7,0,0.0,0,0.0,0.0,0.0,2026-03-07,0.0,0.0
"Jul 04, 2025 - Jul 04, 2025",Auto Campaign 1 Signal Capture,468170906203317,Ad Group - Signal Capture,297953927298564,loose-match,TARGETING_EXPRESSION_PREDEFINED,mille regular strength hair relaxer,USD,1,1,1.0,0.93,0.93,0,0.0,0,0.0,0.0,0.0,2025-07-04,0.0,0.0
"Jul 05, 2025 - Mar 19, 2026",Auto Campaign 1 Signal Capture,468170906203317,Ad Group - Signal Capture,297953927298564,close-match,TARGETING_EXPRESSION_PREDEFINED,scalp oil,USD,708,4,0.005649717514124294,1.3275,5.31,0,0.0,0,0.0,0.0,0.0,2025-07-05,0.0,0.0
"Sep 08, 2025 - Jan 19, 2026",BROAD MATCH CAMPAIGN,306896079483800,Broad Keyword,284907010614606,hair growth oil,BROAD,raw batana oil for hair growth,USD,982,11,0.01120162932790224,1.17182,12.89,0,0.0,0,0.0,0.0,0.0,2025-09-08,0.0,0.0
"Feb 12, 2026 - Feb 15, 2026",Batana Hair oil pharase Manual,292247191707127,Phrase Keywords,465120102858213,batana,PHRASE,tyche batana oil for hair growth,USD,2,1,0.5,2.07,2.07,0,0.0,0,0.0,0.0,0.0,2026-02-12,0.0,0.0
"Mar 13, 2026 - Mar 13, 2026",PRODUCT TARGETING EXACT CAMPAIGN,295732523762026,ASIN Exact targeting,517907737835689,"asin=""B0DGQCDWJY""",TARGETING_EXPRESSION,native american hair oil,USD,3,1,0.3333333333333333,1.25,1.25,0,0.0,0,0.0,0.0,0.0,2026-03-13,0.0,0.0
"Sep 07, 2025 - Dec 10, 2025",BROAD MATCH CAMPAIGN,306896079483800,Broad Keyword,284907010614606,organic batana oil,BROAD,devine batana oil organic,USD,6,1,0.16666666666666666,1.59,1.59,0,0.0,0,0.0,0.0,0.0,2025-09-07,0.0,0.0
"Jan 06, 2026 - Jan 06, 2026",Auto Campaign 1 Signal Capture,468170906203317,Ad Group - Signal Capture,297953927298564,loose-match,TARGETING_EXPRESSION_PREDEFINED,batana cream for scalp,USD,1,1,1.0,0.5,0.5,0,0.0,0,0.0,0.0,0.0,2026-01-06,0.0,0.0
"Feb 24, 2026 - Feb 24, 2026",Auto Campaign 1 Signal Capture,468170906203317,Ad Group - Signal Capture,297953927298564,loose-match,TARGETING_EXPRESSION_PREDEFINED,hair growth stopping cream,USD,1,1,1.0,3.8,3.8,0,0.0,0,0.0,0.0,0.0,2026-02-24,0.0,0.0
"Dec 13, 2025 - Dec 13, 2025",BROAD MATCH CAMPAIGN,306896079483800,Broad Keyword,284907010614606,hair growth oil,BROAD,hair oils for hair growth black men,USD,2,1,0.5,2.7,2.7,0,0.0,0,0.0,0.0,0.0,2025-12-13,0.0,0.0
"Nov 06, 2025 - Mar 03, 2026",Auto Campaign 1 Signal Capture,468170906203317,Ad Group - Signal Capture,297953927298564,loose-match,TARGETING_EXPRESSION_PREDEFINED,natana oil,USD,4,1,0.25,0.5,0.5,0,0.0,0,0.0,0.0,0.0,2025-11-06,0.0,0.0
"Sep 10, 2025 - Jan 20, 2026",BROAD MATCH CAMPAIGN,306896079483800,Broad Keyword,284907010614606,hair growth oil,BROAD,bask n lather hair growth oil,USD,312,1,0.003205128205128205,1.38,1.38,0,0.0,0,0.0,0.0,0.0,2025-09-10,0.0,0.0
"Sep 02, 2025 - Mar 20, 2026",BROAD MATCH CAMPAIGN,306896079483800,Broad Keyword,284907010614606,batana oil,BROAD,vital batana oil,USD,739,5,0.006765899864682003,0.58,2.9,1,11.99,1,4.13448,2.9,0.0,2025-09-02,0.24186822351959966,0.2
"Sep 02, 2025 - Mar 17, 2026",BROAD MATCH CAMPAIGN,306896079483800,Broad Keyword,284907010614606,hair growth oil,BROAD,lifewitqueenp hair care growth oil,USD,161,1,0.006211180124223602,1.12,1.12,0,0.0,0,0.0,0.0,0.0,2025-09-02,0.0,0.0
"Sep 01, 2025 - Sep 01, 2025",Auto Campaign 1 Signal Capture,468170906203317,Ad Group - Signal Capture,297953927298564,loose-match,TARGETING_EXPRESSION_PREDEFINED,crecimiento extremo crema para peinar,USD,1,1,1.0,0.63,0.63,0,0.0,0,0.0,0.0,0.0,2025-09-01,0.0,0.0
"Sep 08, 2025 - Dec 21, 2025",BROAD MATCH CAMPAIGN,306896079483800,Broad Keyword,284907010614606,hair growth oil,BROAD,botana oil hair growth organic,USD,52,1,0.019230769230769232,0.86,0.86,0,0.0,0,0.0,0.0,0.0,2025-09-08,0.0,0.0
"Sep 08, 2025 - Dec 14, 2025",BROAD MATCH CAMPAIGN,306896079483800,Broad Keyword,284907010614606,hair growth oil,BROAD,sunny isle batana oil for hair growth,USD,118,1,0.00847457627118644,0.82,0.82,0,0.0,0,0.0,0.0,0.0,2025-09-08,0.0,0.0
"Sep 08, 2025 - Jan 04, 2026",BROAD MATCH CAMPAIGN,306896079483800,Broad Keyword,284907010614606,hair growth oil,BROAD,forchics hair growth oil spray,USD,429,4,0.009324009324009324,1.1925,4.77,1,9.99,1,2.09434,4.77,0.0,2025-09-08,0.47747747747747743,0.25
"Jan 25, 2026 - Feb 05, 2026",Auto Campaign 2 Cheap Discovery,163081140507766,Ad Group Cheap Discovery,391494289840856,substitutes,TARGETING_EXPRESSION_PREDEFINED,B0G3X53DGR,USD,17,1,0.058823529411764705,0.66,0.66,1,16.99,1,25.74242,0.66,0.0,2026-01-25,0.038846380223660985,1.0
"Sep 06, 2025 - Jan 03, 2026",BROAD MATCH CAMPAIGN,306896079483800,Broad Keyword,284907010614606,hair growth,BROAD,hair growth powder,USD,25,1,0.04,0.75,0.75,0,0.0,0,0.0,0.0,0.0,2025-09-06,0.0,0.0
"Feb 12, 2026 - Mar 17, 2026",Batana Hair oil pharase Manual,292247191707127,Phrase Keywords,465120102858213,batana,PHRASE,botanic batana oil,USD,184,3,0.016304347826086956,1.7,5.1,0,0.0,0,0.0,0.0,0.0,2026-02-12,0.0,0.0
"Sep 05, 2025 - Oct 23, 2025",PRODUCT TARGETING EXACT CAMPAIGN,295732523762026,ASIN Exact targeting,517907737835689,"asin-expanded=""B0DZDV2FLB""",TARGETING_EXPRESSION,B00MH9T98G,USD,42,1,0.023809523809523808,0.46,0.46,0,0.0,0,0.0,0.0,0.0,2025-09-05,0.0,0.0
"Aug 31, 2025 - Jan 18, 2026",Batana Hair oil pharase Manual,292247191707127,Phrase Keywords,465120102858213,hair growth,PHRASE,dabur amla hair oil for hair growth,USD,198,1,0.005050505050505051,0.65,0.65,0,0.0,0,0.0,0.0,0.0,2025-08-31,0.0,0.0
"Sep 05, 2025 - Oct 19, 2025",BROAD MATCH CAMPAIGN,306896079483800,Broad Keyword,284907010614606,batana oil hair growth,BROAD,botanic batana oil for hair growth,USD,43,1,0.023255813953488372,0.83,0.83,0,0.0,0,0.0,0.0,0.0,2025-09-05,0.0,0.0
"Sep 26, 2025 - Sep 27, 2025",BROAD MATCH CAMPAIGN,306896079483800,Broad Keyword,284907010614606,mens hair growth products,BROAD,organic hair growth,USD,4,1,0.25,1.12,1.12,0,0.0,0,0.0,0.0,0.0,2025-09-26,0.0,0.0
"Jan 17, 2026 - Jan 17, 2026",Batana Hair oil pharase Manual,292247191707127,Phrase Keywords,465120102858213,hair growth,PHRASE,hair growth fertilizer hair grease,USD,1,1,1.0,0.65,0.65,0,0.0,0,0.0,0.0,0.0,2026-01-17,0.0,0.0
"Sep 08, 2025 - Dec 13, 2025",BROAD MATCH CAMPAIGN,306896079483800,Broad Keyword,284907010614606,hair growth oil,BROAD,dersie batana oil for hair growth,USD,157,1,0.006369426751592357,0.91,0.91,0,0.0,0,0.0,0.0,0.0,2025-09-08,0.0,0.0
"Oct 21, 2025 - Oct 25, 2025",Auto Campaign 1 Signal Capture,468170906203317,Ad Group - Signal Capture,297953927298564,substitutes,TARGETING_EXPRESSION_PREDEFINED,B0BHXDSSWX,USD,7,1,0.14285714285714285,0.38,0.38,0,0.0,0,0.0,0.0,0.0,2025-10-21,0.0,0.0
"Sep 10, 2025 - Jan 01, 2026",BROAD MATCH CAMPAIGN,306896079483800,Broad Keyword,284907010614606,hair growth oil,BROAD,hair growth oil black women,USD,6,1,0.16666666666666666,1.5,1.5,0,0.0,0,0.0,0.0,0.0,2025-09-10,0.0,0.0
"Feb 08, 2026 - Mar 02, 2026",Auto Campaign 1 Signal Capture,468170906203317,Ad Group - Signal Capture,297953927298564,close-match,TARGETING_EXPRESSION_PREDEFINED,botana oil hair growth,USD,58,1,0.017241379310344827,1.4,1.4,0,0.0,0,0.0,0.0,0.0,2026-02-08,0.0,0.0
"Sep 06, 2025 - Mar 13, 2026",Batana Hair oil pharase Manual,292247191707127,Phrase Keywords,465120102858213,hair growth oil,PHRASE,aloe vera hair growth oil,USD,12,1,0.08333333333333333,0.75,0.75,0,0.0,0,0.0,0.0,0.0,2025-09-06,0.0,0.0
"Sep 04, 2025 - Mar 17, 2026",BROAD MATCH CAMPAIGN,306896079483800,Broad Keyword,284907010614606,hair growth,BROAD,lifewitqueenp hair growth products,USD,102,1,0.00980392156862745,0.67,0.67,0,0.0,0,0.0,0.0,0.0,2025-09-04,0.0,0.0
"Jan 23, 2026 - Feb 05, 2026",Batana Oil Exact Ranking,116719674392449,High Intent,417102371297812,"keyword-group=""Keywords related to your product category""",TARGETING_EXPRESSION,hair oil for frizzy hair,USD,270,1,0.003703703703703704,2.04,2.04,0,0.0,0,0.0,0.0,0.0,2026-01-23,0.0,0.0
"Jul 22, 2025 - Jan 01, 2026",Auto Campaign 1 Signal Capture,468170906203317,Ad Group - Signal Capture,297953927298564,substitutes,TARGETING_EXPRESSION_PREDEFINED,B01AUJ1QXA,USD,56,2,0.03571428571428571,0.6,1.2,1,16.99,1,14.15833,1.2,0.0,2025-07-22,0.07062978222483815,0.5
"Sep 02, 2025 - Dec 13, 2025",BROAD MATCH CAMPAIGN,306896079483800,Broad Keyword,284907010614606,batana oil hair,BROAD,arctic beauty batana oil for hair growth,USD,5,1,0.2,0.73,0.73,0,0.0,0,0.0,0.0,0.0,2025-09-02,0.0,0.0
"Jan 31, 2026 - Jan 31, 2026",Batana Oil Phrase Match,212832079341322,Batana Oil Phrase Match,450560731451216,growth,PHRASE,lumin hair growth cream,USD,1,1,1.0,0.92,0.92,0,0.0,0,0.0,0.0,0.0,2026-01-31,0.0,0.0
"Oct 13, 2025 - Dec 21, 2025",BROAD MATCH CAMPAIGN,306896079483800,Broad Keyword,284907010614606,hair growth,BROAD,korean hair growth,USD,19,1,0.05263157894736842,0.63,0.63,0,0.0,0,0.0,0.0,0.0,2025-10-13,0.0,0.0
"Sep 05, 2025 - Nov 28, 2025",BROAD MATCH CAMPAIGN,306896079483800,Broad Keyword,284907010614606,hair growth,BROAD,hair growth tool,USD,4,1,0.25,1.04,1.04,0,0.0,0,0.0,0.0,0.0,2025-09-05,0.0,0.0
"Sep 30, 2025 - Sep 30, 2025",Auto Campaign 1 Signal Capture,468170906203317,Ad Group - Signal Capture,297953927298564,loose-match,TARGETING_EXPRESSION_PREDEFINED,prime day pure edge control sale,USD,1,1,1.0,0.45,0.45,0,0.0,0,0.0,0.0,0.0,2025-09-30,0.0,0.0
"Dec 06, 2025 - Jan 18, 2026",Batana Hair oil pharase Manual,292247191707127,Phrase Keywords,465120102858213,hair growth oil,PHRASE,scalp massager hair growth oil,USD,64,1,0.015625,0.7,0.7,0,0.0,0,0.0,0.0,0.0,2025-12-06,0.0,0.0
"Feb 14, 2026 - Feb 22, 2026",Batana Hair oil pharase Manual,292247191707127,Phrase Keywords,465120102858213,batana oil,PHRASE,natural batana oil,USD,3,2,0.6666666666666666,3.29,6.58,0,0.0,0,0.0,0.0,0.0,2026-02-14,0.0,0.0
"Aug 06, 2025 - Aug 06, 2025",Auto Campaign 1 Signal Capture,468170906203317,Ad Group - Signal Capture,297953927298564,substitutes,TARGETING_EXPRESSION_PREDEFINED,B0D7QXPR23,USD,1,1,1.0,0.66,0.66,0,0.0,0,0.0,0.0,0.0,2025-08-06,0.0,0.0
"Nov 17, 2025 - Dec 17, 2025",BROAD MATCH CAMPAIGN,306896079483800,Broad Keyword,284907010614606,hair growth,BROAD,infant hair growth products,USD,85,1,0.011764705882352941,0.79,0.79,0,0.0,0,0.0,0.0,0.0,2025-11-17,0.0,0.0
"Sep 23, 2025 - Jan 01, 2026",BROAD MATCH CAMPAIGN,306896079483800,Broad Keyword,284907010614606,hair growth oil,BROAD,hair growth oil for black babies,USD,32,1,0.03125,0.69,0.69,0,0.0,0,0.0,0.0,0.0,2025-09-23,0.0,0.0
"Jan 02, 2026 - Jan 02, 2026",Auto Campaign 1 Signal Capture,468170906203317,Ad Group - Signal Capture,297953927298564,loose-match,TARGETING_EXPRESSION_PREDEFINED,hair oil scalp moisturizer cream natural,USD,1,1,1.0,0.5,0.5,0,0.0,0,0.0,0.0,0.0,2026-01-02,0.0,0.0
"Sep 25, 2025 - Mar 16, 2026",BROAD MATCH CAMPAIGN,306896079483800,Broad Keyword,284907010614606,hair oil for hair growth,BROAD,dogrow hair growth oil,USD,9,1,0.1111111111111111,0.98,0.98,1,11.99,1,12.23469,0.98,0.0,2025-09-25,0.0817347789824854,1.0
"Feb 17, 2026 - Feb 27, 2026",Batana Hair oil pharase Manual,292247191707127,Phrase Keywords,465120102858213,batana oil,PHRASE,batana oil for hair loss,USD,11,1,0.09090909090909091,2.73,2.73,0,0.0,0,0.0,0.0,0.0,2026-02-17,0.0,0.0
"Jan 23, 2026 - Jan 27, 2026",Batana Oil Exact Ranking,116719674392449,High Intent,417102371297812,"keyword-group=""Keywords related to your product category""",TARGETING_EXPRESSION,wonder growth oil,USD,95,1,0.010526315789473684,2.04,2.04,0,0.0,0,0.0,0.0,0.0,2026-01-23,0.0,0.0
"Jul 04, 2025 - Mar 02, 2026",Auto Campaign 1 Signal Capture,468170906203317,Ad Group - Signal Capture,297953927298564,close-match,TARGETING_EXPRESSION_PREDEFINED,raw batana oil for hair growth,USD,221,3,0.013574660633484163,1.0,3.0,0,0.0,0,0.0,0.0,0.0,2025-07-04,0.0,0.0
"Sep 22, 2025 - Mar 17, 2026",PRODUCT TARGETING EXACT CAMPAIGN,295732523762026,ASIN Exact targeting,517907737835689,"asin=""B0DSCKBJLD""",TARGETING_EXPRESSION,baskin lather hair products,USD,52,1,0.019230769230769232,0.5,0.5,0,0.0,0,0.0,0.0,0.0,2025-09-22,0.0,0.0
"Sep 09, 2025 - Dec 30, 2025",PRODUCT TARGETING EXACT CAMPAIGN,295732523762026,ASIN Exact targeting,517907737835689,"asin-expanded=""B0DCX7628T""",TARGETING_EXPRESSION,B0CQ3VYN4S,USD,70,1,0.014285714285714285,0.65,0.65,0,0.0,0,0.0,0.0,0.0,2025-09-09,0.0,0.0
"Jan 21, 2026 - Feb 05, 2026",Auto Campaign 2 Cheap Discovery,163081140507766,Ad Group Cheap Discovery,391494289840856,substitutes,TARGETING_EXPRESSION_PREDEFINED,B0DR1VRVS5,USD,74,1,0.013513513513513514,0.66,0.66,0,0.0,0,0.0,0.0,0.0,2026-01-21,0.0,0.0
"Jul 04, 2025 - Mar 20, 2026",Auto Campaign 1 Signal Capture,468170906203317,Ad Group - Signal Capture,297953927298564,close-match,TARGETING_EXPRESSION_PREDEFINED,oil for hair growth,USD,252,2,0.007936507936507936,1.98,3.96,0,0.0,0,0.0,0.0,0.0,2025-07-04,0.0,0.0
"Sep 07, 2025 - Jan 01, 2026",PRODUCT TARGETING EXACT CAMPAIGN,295732523762026,ASIN Exact targeting,517907737835689,"asin-expanded=""B0DCX7628T""",TARGETING_EXPRESSION,B000GGPK0I,USD,370,3,0.008108108108108109,0.61333,1.84,0,0.0,0,0.0,0.0,0.0,2025-09-07,0.0,0.0
"Sep 23, 2025 - Mar 14, 2026",Auto Campaign 1 Signal Capture,468170906203317,Ad Group - Signal Capture,297953927298564,loose-match,TARGETING_EXPRESSION_PREDEFINED,hair growth grease,USD,16,2,0.125,0.55,1.1,0,0.0,0,0.0,0.0,0.0,2025-09-23,0.0,0.0
"Sep 23, 2025 - Jan 07, 2026",Auto Campaign 1 Signal Capture,468170906203317,Ad Group - Signal Capture,297953927298564,loose-match,TARGETING_EXPRESSION_PREDEFINED,edge growth hair treatment for black hair,USD,2,1,0.5,0.32,0.32,0,0.0,0,0.0,0.0,0.0,2025-09-23,0.0,0.0
"Sep 05, 2025 - Mar 18, 2026",BROAD MATCH CAMPAIGN,306896079483800,Broad Keyword,284907010614606,hair growth,BROAD,pp405 hair growth,USD,24,1,0.041666666666666664,0.9,0.9,0,0.0,0,0.0,0.0,0.0,2025-09-05,0.0,0.0
"Dec 06, 2025 - Dec 06, 2025",Auto Campaign 1 Signal Capture,468170906203317,Ad Group - Signal Capture,297953927298564,loose-match,TARGETING_EXPRESSION_PREDEFINED,ayur herbals face pack,USD,1,1,1.0,0.5,0.5,0,0.0,0,0.0,0.0,0.0,2025-12-06,0.0,0.0
"Jul 04, 2025 - Mar 09, 2026",Auto Campaign 1 Signal Capture,468170906203317,Ad Group - Signal Capture,297953927298564,substitutes,TARGETING_EXPRESSION_PREDEFINED,B0F1DFNNLF,USD,179,1,0.00558659217877095,0.7,0.7,0,0.0,0,0.0,0.0,0.0,2025-07-04,0.0,0.0
"Sep 27, 2025 - Sep 27, 2025",Auto Campaign 1 Signal Capture,468170906203317,Ad Group - Signal Capture,297953927298564,loose-match,TARGETING_EXPRESSION_PREDEFINED,organic edge growth cream – ‘i want my edges back’,USD,1,1,1.0,0.55,0.55,0,0.0,0,0.0,0.0,0.0,2025-09-27,0.0,0.0
"Sep 06, 2025 - Mar 15, 2026",BROAD MATCH CAMPAIGN,306896079483800,Broad Keyword,284907010614606,hair growth,BROAD,hair growth moisturizer,USD,35,2,0.05714285714285714,0.995,1.99,0,0.0,0,0.0,0.0,0.0,2025-09-06,0.0,0.0
"Jul 20, 2025 - Mar 05, 2026",Auto Campaign 1 Signal Capture,468170906203317,Ad Group - Signal Capture,297953927298564,substitutes,TARGETING_EXPRESSION_PREDEFINED,B0DYNMZDPQ,USD,12,1,0.08333333333333333,0.5,0.5,0,0.0,0,0.0,0.0,0.0,2025-07-20,0.0,0.0
"Aug 30, 2025 - Jan 22, 2026",Batana Hair oil pharase Manual,292247191707127,Phrase Keywords,465120102858213,hair moisturizer,PHRASE,pink lotion hair moisturizer,USD,2495,8,0.0032064128256513026,0.58375,4.67,0,0.0,0,0.0,0.0,0.0,2025-08-30,0.0,0.0
"Sep 06, 2025 - Mar 20, 2026",BROAD MATCH CAMPAIGN,306896079483800,Broad Keyword,284907010614606,hair growth oil,BROAD,lebanta hair growth oil,USD,2460,13,0.005284552845528455,0.95077,12.36,0,0.0,0,0.0,0.0,0.0,2025-09-06,0.0,0.0
"Sep 12, 2025 - Jan 01, 2026",BROAD MATCH CAMPAIGN,306896079483800,Broad Keyword,284907010614606,hair growth oil,BROAD,ganix hair growth oil,USD,5,1,0.2,1.35,1.35,0,0.0,0,0.0,0.0,0.0,2025-09-12,0.0,0.0
"Dec 18, 2025 - Dec 18, 2025",BROAD MATCH CAMPAIGN,306896079483800,Broad Keyword,284907010614606,hair growth oil,BROAD,rosemary and castor oil hair growth,USD,1,1,1.0,0.91,0.91,0,0.0,0,0.0,0.0,0.0,2025-12-18,0.0,0.0
"Sep 08, 2025 - Jan 22, 2026",BROAD MATCH CAMPAIGN,306896079483800,Broad Keyword,284907010614606,hair growth oil,BROAD,dr miracle hair growth oil,USD,179,1,0.00558659217877095,0.9,0.9,0,0.0,0,0.0,0.0,0.0,2025-09-08,0.0,0.0
"Sep 08, 2025 - Sep 12, 2025",BROAD MATCH CAMPAIGN,306896079483800,Broad Keyword,284907010614606,hair growth oil,BROAD,umex batana oil for hair growth,USD,11,1,0.09090909090909091,0.75,0.75,0,0.0,0,0.0,0.0,0.0,2025-09-08,0.0,0.0
"Nov 02, 2025 - Nov 02, 2025",Auto Campaign 1 Signal Capture,468170906203317,Ad Group - Signal Capture,297953927298564,loose-match,TARGETING_EXPRESSION_PREDEFINED,bio oil for edge hair,USD,1,1,1.0,0.35,0.35,1,13.99,1,39.97143,0.35,0.0,2025-11-02,0.02501786990707648,1.0
"Sep 02, 2025 - Jan 20, 2026",BROAD MATCH CAMPAIGN,306896079483800,Broad Keyword,284907010614606,organic batana oil,BROAD,organic batana oil,USD,1325,1,0.0007547169811320754,1.05,1.05,0,0.0,0,0.0,0.0,0.0,2025-09-02,0.0,0.0
"Sep 11, 2025 - Jan 19, 2026",PRODUCT TARGETING EXACT CAMPAIGN,295732523762026,ASIN Exact targeting,517907737835689,"asin-expanded=""B01I2ZQJSG""",TARGETING_EXPRESSION,B074LTNQBP,USD,137,1,0.0072992700729927005,0.65,0.65,0,0.0,0,0.0,0.0,0.0,2025-09-11,0.0,0.0
"Sep 07, 2025 - Sep 18, 2025",PRODUCT TARGETING EXACT CAMPAIGN,295732523762026,ASIN Exact targeting,517907737835689,"asin-expanded=""B0DCX7628T""",TARGETING_EXPRESSION,B0DMP73Z61,USD,87,1,0.011494252873563218,0.85,0.85,0,0.0,0,0.0,0.0,0.0,2025-09-07,0.0,0.0
"Sep 03, 2025 - Jan 19, 2026",BROAD MATCH CAMPAIGN,306896079483800,Broad Keyword,284907010614606,batana oil shampoo,BROAD,batana oil shampoo and conditioner,USD,182,2,0.01098901098901099,1.265,2.53,0,0.0,0,0.0,0.0,0.0,2025-09-03,0.0,0.0
"Oct 01, 2025 - Oct 01, 2025",Auto Campaign 1 Signal Capture,468170906203317,Ad Group - Signal Capture,297953927298564,loose-match,TARGETING_EXPRESSION_PREDEFINED,hairbrush oil,USD,1,1,1.0,0.45,0.45,0,0.0,0,0.0,0.0,0.0,2025-10-01,0.0,0.0
"Jul 23, 2025 - Nov 08, 2025",Auto Campaign 1 Signal Capture,468170906203317,Ad Group - Signal Capture,297953927298564,loose-match,TARGETING_EXPRESSION_PREDEFINED,skala hair growth products,USD,8,2,0.25,0.55,1.1,0,0.0,0,0.0,0.0,0.0,2025-07-23,0.0,0.0
"Sep 08, 2025 - Mar 14, 2026",BROAD MATCH CAMPAIGN,306896079483800,Broad Keyword,284907010614606,hair growth oil,BROAD,amala hair growth oil,USD,314,1,0.0031847133757961785,1.35,1.35,0,0.0,0,0.0,0.0,0.0,2025-09-08,0.0,0.0
"Dec 22, 2025 - Dec 22, 2025",BROAD MATCH CAMPAIGN,306896079483800,Broad Keyword,284907010614606,batana oil,BROAD,hot batana oil,USD,1,1,1.0,0.67,0.67,0,0.0,0,0.0,0.0,0.0,2025-12-22,0.0,0.0
"Aug 30, 2025 - Jan 18, 2026",Batana Hair oil pharase Manual,292247191707127,Phrase Keywords,465120102858213,hair growth,PHRASE,hair food for hair growth,USD,40,2,0.05,0.555,1.11,0,0.0,0,0.0,0.0,0.0,2025-08-30,0.0,0.0
"Mar 03, 2026 - Mar 19, 2026",Auto Campaign 1 Signal Capture,468170906203317,Ad Group - Signal Capture,297953927298564,close-match,TARGETING_EXPRESSION_PREDEFINED,scalp mask,USD,2,1,0.5,1.0,1.0,0,0.0,0,0.0,0.0,0.0,2026-03-03,0.0,0.0
"Jul 20, 2025 - Mar 17, 2026",Auto Campaign 1 Signal Capture,468170906203317,Ad Group - Signal Capture,297953927298564,close-match,TARGETING_EXPRESSION_PREDEFINED,hair treatment,USD,94,1,0.010638297872340425,3.16,3.16,0,0.0,0,0.0,0.0,0.0,2025-07-20,0.0,0.0
"Sep 06, 2025 - Jan 20, 2026",Batana Hair oil pharase Manual,292247191707127,Phrase Keywords,465120102858213,hair growth oil,PHRASE,kids hair growth oil,USD,29,1,0.034482758620689655,0.65,0.65,0,0.0,0,0.0,0.0,0.0,2025-09-06,0.0,0.0
"Sep 03, 2025 - Dec 13, 2025",BROAD MATCH CAMPAIGN,306896079483800,Broad Keyword,284907010614606,batana oil hair,BROAD,vitamino batana hair oil,USD,11,1,0.09090909090909091,1.5,1.5,0,0.0,0,0.0,0.0,0.0,2025-09-03,0.0,0.0
"Sep 05, 2025 - Oct 01, 2025",BROAD MATCH CAMPAIGN,306896079483800,Broad Keyword,284907010614606,hair growth,BROAD,bataba oil for hair growth,USD,40,1,0.025,0.97,0.97,0,0.0,0,0.0,0.0,0.0,2025-09-05,0.0,0.0
"Sep 04, 2025 - Dec 15, 2025",BROAD MATCH CAMPAIGN,306896079483800,Broad Keyword,284907010614606,batana oil hair,BROAD,fadelo batana oil for hair growth,USD,129,2,0.015503875968992248,0.71,1.42,0,0.0,0,0.0,0.0,0.0,2025-09-04,0.0,0.0
"Sep 27, 2025 - Sep 27, 2025",Auto Campaign 1 Signal Capture,468170906203317,Ad Group - Signal Capture,297953927298564,loose-match,TARGETING_EXPRESSION_PREDEFINED,sapuyulo hair treatment,USD,1,1,1.0,0.55,0.55,0,0.0,0,0.0,0.0,0.0,2025-09-27,0.0,0.0
"Sep 16, 2025 - Sep 16, 2025",BROAD MATCH CAMPAIGN,306896079483800,Broad Keyword,284907010614606,hair growth oil,BROAD,hair growth oil 5 stars,USD,2,1,0.5,1.04,1.04,0,0.0,0,0.0,0.0,0.0,2025-09-16,0.0,0.0
"Jan 27, 2026 - Feb 03, 2026",Batana Oil Phrase Match,212832079341322,Batana Oil Phrase Match,450560731451216,hair oil,PHRASE,hair oil for oily scalp,USD,140,1,0.007142857142857143,0.62,0.62,0,0.0,0,0.0,0.0,0.0,2026-01-27,0.0,0.0
"Sep 06, 2025 - Sep 06, 2025",BROAD MATCH CAMPAIGN,306896079483800,Broad Keyword,284907010614606,hair growth,BROAD,musely hair growth,USD,2,1,0.5,0.39,0.39,0,0.0,0,0.0,0.0,0.0,2025-09-06,0.0,0.0
"Sep 08, 2025 - Jan 13, 2026",BROAD MATCH CAMPAIGN,306896079483800,Broad Keyword,284907010614606,hair growth oil,BROAD,batona oil for hair growth,USD,89,3,0.033707865168539325,1.31333,3.94,1,11.99,1,3.04315,3.94,0.0,2025-09-08,0.3286071726438699,0.3333333333333333
"Sep 10, 2025 - Jan 10, 2026",BROAD MATCH CAMPAIGN,306896079483800,Broad Keyword,284907010614606,hair growth oil,BROAD,mielle organics hair growth oil,USD,310,1,0.0032258064516129032,1.07,1.07,0,0.0,0,0.0,0.0,0.0,2025-09-10,0.0,0.0
"Sep 02, 2025 - Dec 16, 2025",BROAD MATCH CAMPAIGN,306896079483800,Broad Keyword,284907010614606,batana oil hair,BROAD,divine vitals batana oil for hair growth,USD,263,2,0.0076045627376425855,1.445,2.89,0,0.0,0,0.0,0.0,0.0,2025-09-02,0.0,0.0
"Sep 04, 2025 - Mar 15, 2026",Batana Hair oil pharase Manual,292247191707127,Phrase Keywords,465120102858213,hair moisturizer,PHRASE,liv hair moisturizer,USD,41,2,0.04878048780487805,0.75,1.5,0,0.0,0,0.0,0.0,0.0,2025-09-04,0.0,0.0
"Sep 04, 2025 - Mar 15, 2026",Batana Hair oil pharase Manual,292247191707127,Phrase Keywords,465120102858213,hair oils for hair growth,PHRASE,dabur amla hair oil for hair growth,USD,161,2,0.012422360248447204,0.625,1.25,0,0.0,0,0.0,0.0,0.0,2025-09-04,0.0,0.0
"Sep 08, 2025 - Sep 08, 2025",BROAD MATCH CAMPAIGN,306896079483800,Broad Keyword,284907010614606,hair growth oil,BROAD,flasture batana oil for hair growth,USD,1,1,1.0,0.61,0.61,0,0.0,0,0.0,0.0,0.0,2025-09-08,0.0,0.0
"Jan 23, 2026 - Mar 20, 2026",Batana Oil Exact Ranking,116719674392449,High Intent,417102371297812,batana oil,EXACT,batana oil,USD,4927,23,0.004668155063933428,1.62087,37.28,2,39.98,2,1.07243,18.64,0.0,2026-01-23,0.9324662331165584,0.08695652173913043
"Oct 29, 2025 - Nov 12, 2025",Auto Campaign 1 Signal Capture,468170906203317,Ad Group - Signal Capture,297953927298564,substitutes,TARGETING_EXPRESSION_PREDEFINED,B07B2MV34R,USD,69,3,0.043478260869565216,0.45,1.35,0,0.0,0,0.0,0.0,0.0,2025-10-29,0.0,0.0
"Nov 19, 2025 - Nov 19, 2025",BROAD MATCH CAMPAIGN,306896079483800,Broad Keyword,284907010614606,hair growth,BROAD,mielle moisturizer for hair growth,USD,1,1,1.0,1.2,1.2,0,0.0,0,0.0,0.0,0.0,2025-11-19,0.0,0.0
"Aug 30, 2025 - Mar 11, 2026",Batana Hair oil pharase Manual,292247191707127,Phrase Keywords,465120102858213,hair growth,PHRASE,rosemary oil for hair growth,USD,136,1,0.007352941176470588,0.65,0.65,0,0.0,0,0.0,0.0,0.0,2025-08-30,0.0,0.0
"Sep 10, 2025 - Sep 10, 2025",BROAD MATCH CAMPAIGN,306896079483800,Broad Keyword,284907010614606,hair growth oil,BROAD,rosemary resdyn oil for hair growth,USD,1,1,1.0,1.21,1.21,0,0.0,0,0.0,0.0,0.0,2025-09-10,0.0,0.0
"Oct 16, 2025 - Oct 19, 2025",BROAD MATCH CAMPAIGN,306896079483800,Broad Keyword,284907010614606,hair growth for natural hair,BROAD,hair growth serum,USD,2,1,0.5,0.52,0.52,0,0.0,0,0.0,0.0,0.0,2025-10-16,0.0,0.0
"Sep 08, 2025 - Mar 13, 2026",BROAD MATCH CAMPAIGN,306896079483800,Broad Keyword,284907010614606,hair growth oil,BROAD,keratin oil for hair growth,USD,42,1,0.023809523809523808,0.75,0.75,0,0.0,0,0.0,0.0,0.0,2025-09-08,0.0,0.0
"Sep 24, 2025 - Mar 04, 2026",Auto Campaign 1 Signal Capture,468170906203317,Ad Group - Signal Capture,297953927298564,loose-match,TARGETING_EXPRESSION_PREDEFINED,batna oil,USD,3,1,0.3333333333333333,1.6,1.6,0,0.0,0,0.0,0.0,0.0,2025-09-24,0.0,0.0
"Sep 01, 2025 - Jan 22, 2026",Batana Hair oil pharase Manual,292247191707127,Phrase Keywords,465120102858213,hair growth oil,PHRASE,hair growth oil,USD,8183,37,0.00452156910668459,0.73622,27.24,2,24.98,2,0.91703,13.62,0.0,2025-09-01,1.0904723779023218,0.05405405405405406
"Oct 18, 2025 - Oct 18, 2025",BROAD MATCH CAMPAIGN,306896079483800,Broad Keyword,284907010614606,hair growth,BROAD,fari oil hair growth oil organic,USD,1,1,1.0,0.52,0.52,0,0.0,0,0.0,0.0,0.0,2025-10-18,0.0,0.0
"Dec 10, 2025 - Jan 04, 2026",Auto Campaign 1 Signal Capture,468170906203317,Ad Group - Signal Capture,297953927298564,substitutes,TARGETING_EXPRESSION_PREDEFINED,B0FKBJSFKB,USD,2,1,0.5,0.55,0.55,0,0.0,0,0.0,0.0,0.0,2025-12-10,0.0,0.0
"Sep 10, 2025 - Mar 17, 2026",PRODUCT TARGETING EXACT CAMPAIGN,295732523762026,ASIN Exact targeting,517907737835689,"asin-expanded=""B01I2ZQJSG""",TARGETING_EXPRESSION,B07W8WWZ1M,USD,55,1,0.01818181818181818,0.65,0.65,0,0.0,0,0.0,0.0,0.0,2025-09-10,0.0,0.0
"Sep 10, 2025 - Mar 11, 2026",BROAD MATCH CAMPAIGN,306896079483800,Broad Keyword,284907010614606,hair growth oil,BROAD,voodoo hair growth oil,USD,107,2,0.018691588785046728,1.61,3.22,0,0.0,0,0.0,0.0,0.0,2025-09-10,0.0,0.0
"Mar 08, 2026 - Mar 11, 2026",Auto Campaign 1 Signal Capture,468170906203317,Ad Group - Signal Capture,297953927298564,substitutes,TARGETING_EXPRESSION_PREDEFINED,B0DXZVVG96,USD,1,1,1.0,1.05,1.05,0,0.0,0,0.0,0.0,0.0,2026-03-08,0.0,0.0
"Feb 12, 2026 - Mar 19, 2026",Batana Hair oil pharase Manual,292247191707127,Phrase Keywords,465120102858213,batana,PHRASE,azure batana oil,USD,629,5,0.00794912559618442,1.614,8.07,0,0.0,0,0.0,0.0,0.0,2026-02-12,0.0,0.0
"Nov 11, 2025 - Nov 11, 2025",PRODUCT TARGETING EXACT CAMPAIGN,295732523762026,ASIN Exact targeting,517907737835689,"asin-expanded=""B0CR1SYNNS""",TARGETING_EXPRESSION,B0FMFQ1S78,USD,1,1,1.0,0.4,0.4,0,0.0,0,0.0,0.0,0.0,2025-11-11,0.0,0.0
"Sep 07, 2025 - Dec 15, 2025",PRODUCT TARGETING EXACT CAMPAIGN,295732523762026,ASIN Exact targeting,517907737835689,"asin-expanded=""B0DCX7628T""",TARGETING_EXPRESSION,B0F1DFNNLF,USD,276,6,0.021739130434782608,0.845,5.07,0,0.0,0,0.0,0.0,0.0,2025-09-07,0.0,0.0
"Sep 17, 2025 - Mar 19, 2026",PRODUCT TARGETING EXACT CAMPAIGN,295732523762026,ASIN Exact targeting,517907737835689,"asin-expanded=""B01I2ZQJSG""",TARGETING_EXPRESSION,B00IDA3V96,USD,77,1,0.012987012987012988,0.5,0.5,0,0.0,0,0.0,0.0,0.0,2025-09-17,0.0,0.0
"Jan 30, 2026 - Feb 06, 2026",Batana Oil Phrase Match,212832079341322,Batana Oil Phrase Match,450560731451216,"keyword-group=""Keywords related to your product category""",TARGETING_EXPRESSION,oil hair,USD,81,1,0.012345679012345678,0.81,0.81,0,0.0,0,0.0,0.0,0.0,2026-01-30,0.0,0.0
"Mar 11, 2026 - Mar 16, 2026",Batana Hair oil pharase Manual,292247191707127,Phrase Keywords,465120102858213,batana,PHRASE,pure authentic batana oil from honduras,USD,2,1,0.5,1.08,1.08,0,0.0,0,0.0,0.0,0.0,2026-03-11,0.0,0.0
"Feb 02, 2026 - Feb 02, 2026",Auto Campaign 2 Cheap Discovery,163081140507766,Ad Group Cheap Discovery,391494289840856,loose-match,TARGETING_EXPRESSION_PREDEFINED,batama oil luxmiel,USD,1,1,1.0,0.99,0.99,1,15.99,1,16.15152,0.99,0.0,2026-02-02,0.06191369606003752,1.0
"Sep 04, 2025 - Jan 13, 2026",Auto Campaign 1 Signal Capture,468170906203317,Ad Group - Signal Capture,297953927298564,substitutes,TARGETING_EXPRESSION_PREDEFINED,B0F6XY2J4Z,USD,22,1,0.045454545454545456,0.4,0.4,0,0.0,0,0.0,0.0,0.0,2025-09-04,0.0,0.0
"Feb 14, 2026 - Mar 02, 2026",Batana Hair oil pharase Manual,292247191707127,Phrase Keywords,465120102858213,batana,PHRASE,batana raw oil paste,USD,7,1,0.14285714285714285,1.5,1.5,0,0.0,0,0.0,0.0,0.0,2026-02-14,0.0,0.0
"Sep 15, 2025 - Jan 06, 2026",Auto Campaign 1 Signal Capture,468170906203317,Ad Group - Signal Capture,297953927298564,loose-match,TARGETING_EXPRESSION_PREDEFINED,hair growth moisturizer for black women,USD,6,1,0.16666666666666666,0.45,0.45,0,0.0,0,0.0,0.0,0.0,2025-09-15,0.0,0.0
"Sep 29, 2025 - Nov 03, 2025",BROAD MATCH CAMPAIGN,306896079483800,Broad Keyword,284907010614606,hair growth for natural hair,BROAD,hair oil,USD,19,1,0.05263157894736842,0.52,0.52,0,0.0,0,0.0,0.0,0.0,2025-09-29,0.0,0.0
"Feb 27, 2026 - Feb 27, 2026",Batana Hair oil pharase Manual,292247191707127,Phrase Keywords,465120102858213,batana,PHRASE,batana oil for hair growth and care,USD,1,1,1.0,2.25,2.25,0,0.0,0,0.0,0.0,0.0,2026-02-27,0.0,0.0
"Oct 13, 2025 - Dec 30, 2025",Auto Campaign 1 Signal Capture,468170906203317,Ad Group - Signal Capture,297953927298564,loose-match,TARGETING_EXPRESSION_PREDEFINED,raw batana oil luxmiel,USD,2,1,0.5,0.44,0.44,0,0.0,0,0.0,0.0,0.0,2025-10-13,0.0,0.0
"Oct 19, 2025 - Mar 20, 2026",PRODUCT TARGETING EXACT CAMPAIGN,295732523762026,ASIN Exact targeting,517907737835689,"asin=""B0DSCKBJLD""",TARGETING_EXPRESSION,baskin leather hair products,USD,81,2,0.024691358024691357,0.375,0.75,1,11.99,1,15.98667,0.75,0.0,2025-10-19,0.06255212677231026,0.5
"Feb 01, 2026 - Feb 01, 2026",Auto Campaign 2 Cheap Discovery,163081140507766,Ad Group Cheap Discovery,391494289840856,loose-match,TARGETING_EXPRESSION_PREDEFINED,espíritu de canela para cabello,USD,1,1,1.0,0.66,0.66,0,0.0,0,0.0,0.0,0.0,2026-02-01,0.0,0.0
"Oct 28, 2025 - Oct 28, 2025",Batana Hair oil pharase Manual,292247191707127,Phrase Keywords,465120102858213,scalp moisturizer,PHRASE,batana scalp moisturizer,USD,1,1,1.0,0.45,0.45,0,0.0,0,0.0,0.0,0.0,2025-10-28,0.0,0.0
"Jan 26, 2026 - Feb 05, 2026",Batana Oil Phrase Match,212832079341322,Batana Oil Phrase Match,450560731451216,hair oil,PHRASE,cantu hair oil,USD,30,1,0.03333333333333333,0.82,0.82,0,0.0,0,0.0,0.0,0.0,2026-01-26,0.0,0.0
"Sep 03, 2025 - Mar 05, 2026",Batana Hair oil Exact Manual,502286450850716,Exact Keywords,296070289941158,raw batana oil,EXACT,raw batana oil,USD,1803,9,0.004991680532445923,0.82333,7.41,0,0.0,0,0.0,0.0,0.0,2025-09-03,0.0,0.0
"Jul 05, 2025 - Feb 10, 2026",Auto Campaign 1 Signal Capture,468170906203317,Ad Group - Signal Capture,297953927298564,close-match,TARGETING_EXPRESSION_PREDEFINED,hair treatment oils,USD,170,2,0.011764705882352941,0.8,1.6,0,0.0,0,0.0,0.0,0.0,2025-07-05,0.0,0.0
"Jun 29, 2025 - Mar 14, 2026",Auto Campaign 1 Signal Capture,468170906203317,Ad Group - Signal Capture,297953927298564,substitutes,TARGETING_EXPRESSION_PREDEFINED,B0DSHXCT4N,USD,2421,14,0.0057827344072697235,0.59429,8.32,1,9.99,1,1.20072,8.32,0.0,2025-06-29,0.8328328328328328,0.07142857142857142
"Jul 22, 2025 - Jul 22, 2025",Auto Campaign 1 Signal Capture,468170906203317,Ad Group - Signal Capture,297953927298564,loose-match,TARGETING_EXPRESSION_PREDEFINED,camila rose hair milk,USD,1,1,1.0,0.63,0.63,0,0.0,0,0.0,0.0,0.0,2025-07-22,0.0,0.0
"Sep 09, 2025 - Dec 13, 2025",PRODUCT TARGETING EXACT CAMPAIGN,295732523762026,ASIN Exact targeting,517907737835689,"asin-expanded=""B0DCX7628T""",TARGETING_EXPRESSION,B0CSGCG8V9,USD,182,3,0.016483516483516484,0.74667,2.24,1,9.99,1,4.45982,2.24,0.0,2025-09-09,0.22422422422422425,0.3333333333333333
"Sep 06, 2025 - Jan 02, 2026",BROAD MATCH CAMPAIGN,306896079483800,Broad Keyword,284907010614606,hair growth,BROAD,viviscal hair growth,USD,8,1,0.125,1.05,1.05,0,0.0,0,0.0,0.0,0.0,2025-09-06,0.0,0.0
"Nov 18, 2025 - Nov 18, 2025",BROAD MATCH CAMPAIGN,306896079483800,Broad Keyword,284907010614606,hair growth oil,BROAD,bantu oil for hair growth by azure,USD,1,1,1.0,0.75,0.75,1,16.99,1,22.65333,0.75,0.0,2025-11-18,0.04414361389052384,1.0
"Sep 05, 2025 - Oct 23, 2025",BROAD MATCH CAMPAIGN,306896079483800,Broad Keyword,284907010614606,hair growth,BROAD,bitana oil hair growth,USD,5,1,0.2,1.62,1.62,0,0.0,0,0.0,0.0,0.0,2025-09-05,0.0,0.0
"Sep 10, 2025 - Mar 04, 2026",PRODUCT TARGETING EXACT CAMPAIGN,295732523762026,ASIN Exact targeting,517907737835689,"asin-expanded=""B0DCX7628T""",TARGETING_EXPRESSION,B0DW3YH4WH,USD,1887,10,0.005299417064122946,0.78,7.8,1,9.99,1,1.28077,7.8,0.0,2025-09-10,0.7807807807807807,0.1
"Dec 07, 2025 - Dec 07, 2025",Auto Campaign 1 Signal Capture,468170906203317,Ad Group - Signal Capture,297953927298564,loose-match,TARGETING_EXPRESSION_PREDEFINED,huile nourrissante cheveux,USD,1,1,1.0,0.5,0.5,0,0.0,0,0.0,0.0,0.0,2025-12-07,0.0,0.0
"Sep 13, 2025 - Jan 16, 2026",BROAD MATCH CAMPAIGN,306896079483800,Broad Keyword,284907010614606,mens hair growth products,BROAD,hair growth products for men,USD,173,1,0.005780346820809248,1.12,1.12,0,0.0,0,0.0,0.0,0.0,2025-09-13,0.0,0.0
"Nov 28, 2025 - Mar 20, 2026",PRODUCT TARGETING EXACT CAMPAIGN,295732523762026,ASIN Exact targeting,517907737835689,"asin-expanded=""B000V8MTIC""",TARGETING_EXPRESSION,B07YFD3T2T,USD,134,1,0.007462686567164179,0.39,0.39,0,0.0,0,0.0,0.0,0.0,2025-11-28,0.0,0.0
"Jul 04, 2025 - Mar 06, 2026",Auto Campaign 1 Signal Capture,468170906203317,Ad Group - Signal Capture,297953927298564,substitutes,TARGETING_EXPRESSION_PREDEFINED,B0D1K1RRGG,USD,27,1,0.037037037037037035,0.52,0.52,0,0.0,0,0.0,0.0,0.0,2025-07-04,0.0,0.0
"Dec 10, 2025 - Jan 16, 2026",PRODUCT TARGETING EXACT CAMPAIGN,295732523762026,ASIN Exact targeting,517907737835689,"asin-expanded=""B0DCX7628T""",TARGETING_EXPRESSION,B07Q4TD8RS,USD,25,1,0.04,0.75,0.75,0,0.0,0,0.0,0.0,0.0,2025-12-10,0.0,0.0
"Jan 23, 2026 - Jan 27, 2026",Batana Oil Exact Ranking,116719674392449,High Intent,417102371297812,"keyword-group=""Keywords related to your product category""",TARGETING_EXPRESSION,biotin oil,USD,91,1,0.01098901098901099,2.04,2.04,0,0.0,0,0.0,0.0,0.0,2026-01-23,0.0,0.0
"Dec 12, 2025 - Dec 12, 2025",BROAD MATCH CAMPAIGN,306896079483800,Broad Keyword,284907010614606,hair growth oil,BROAD,camille rose hair products ultimate growth oil,USD,1,1,1.0,1.61,1.61,0,0.0,0,0.0,0.0,0.0,2025-12-12,0.0,0.0
"Sep 27, 2025 - Sep 27, 2025",PRODUCT TARGETING EXACT CAMPAIGN,295732523762026,ASIN Exact targeting,517907737835689,"asin=""B0DGQCDWJY""",TARGETING_EXPRESSION,4 girls and a mom oil,USD,1,1,1.0,0.75,0.75,0,0.0,0,0.0,0.0,0.0,2025-09-27,0.0,0.0
"Feb 16, 2026 - Feb 17, 2026",Batana Hair oil pharase Manual,292247191707127,Phrase Keywords,465120102858213,batana,PHRASE,batana oil cold pressed unrefined,USD,3,1,0.3333333333333333,3.6,3.6,1,14.99,1,4.16389,3.6,0.0,2026-02-16,0.24016010673782523,1.0
"Dec 13, 2025 - Jan 17, 2026",BROAD MATCH CAMPAIGN,306896079483800,Broad Keyword,284907010614606,hair growth oil,BROAD,millie rosemary oil for hair growth,USD,18,1,0.05555555555555555,1.2,1.2,0,0.0,0,0.0,0.0,0.0,2025-12-13,0.0,0.0
"Jan 04, 2026 - Jan 04, 2026",Batana Hair oil pharase Manual,292247191707127,Phrase Keywords,465120102858213,hair moisturizer,PHRASE,best hair moisturizer for dry frizzy hair,USD,1,1,1.0,0.8,0.8,0,0.0,0,0.0,0.0,0.0,2026-01-04,0.0,0.0
"Sep 24, 2025 - Dec 26, 2025",Auto Campaign 1 Signal Capture,468170906203317,Ad Group - Signal Capture,297953927298564,loose-match,TARGETING_EXPRESSION_PREDEFINED,blessed hands edge control,USD,49,1,0.02040816326530612,0.45,0.45,0,0.0,0,0.0,0.0,0.0,2025-09-24,0.0,0.0
"Sep 26, 2025 - Sep 26, 2025",Auto Campaign 1 Signal Capture,468170906203317,Ad Group - Signal Capture,297953927298564,loose-match,TARGETING_EXPRESSION_PREDEFINED,hair growth products for mature black women,USD,1,1,1.0,0.55,0.55,0,0.0,0,0.0,0.0,0.0,2025-09-26,0.0,0.0
"Dec 11, 2025 - Dec 11, 2025",BROAD MATCH CAMPAIGN,306896079483800,Broad Keyword,284907010614606,batana oil hair,BROAD,yetaim batana oil for hair growth,USD,1,1,1.0,1.5,1.5,0,0.0,0,0.0,0.0,0.0,2025-12-11,0.0,0.0
"Nov 13, 2025 - Dec 10, 2025",PRODUCT TARGETING EXACT CAMPAIGN,295732523762026,ASIN Exact targeting,517907737835689,"asin=""B0DSHXCT4N""",TARGETING_EXPRESSION,B0DSHXCT4N,USD,325,1,0.003076923076923077,0.5,0.5,0,0.0,0,0.0,0.0,0.0,2025-11-13,0.0,0.0
"Jan 06, 2026 - Jan 21, 2026",Auto Campaign 1 Signal Capture,468170906203317,Ad Group - Signal Capture,297953927298564,substitutes,TARGETING_EXPRESSION_PREDEFINED,B000ZZQMCK,USD,30,1,0.03333333333333333,0.35,0.35,0,0.0,0,0.0,0.0,0.0,2026-01-06,0.0,0.0
"Nov 26, 2025 - Dec 02, 2025",BROAD MATCH CAMPAIGN,306896079483800,Broad Keyword,284907010614606,batana oil,BROAD,batana oil for hair growth luxmiel,USD,3,2,0.6666666666666666,0.585,1.17,0,0.0,0,0.0,0.0,0.0,2025-11-26,0.0,0.0
"Dec 11, 2025 - Dec 11, 2025",BROAD MATCH CAMPAIGN,306896079483800,Broad Keyword,284907010614606,batana oil,BROAD,batama oil hair relaxer,USD,1,1,1.0,0.55,0.55,0,0.0,0,0.0,0.0,0.0,2025-12-11,0.0,0.0
"Sep 06, 2025 - Sep 06, 2025",BROAD MATCH CAMPAIGN,306896079483800,Broad Keyword,284907010614606,hair growth,BROAD,hair oil wild growth,USD,1,1,1.0,1.53,1.53,0,0.0,0,0.0,0.0,0.0,2025-09-06,0.0,0.0
"Sep 27, 2025 - Oct 23, 2025",BROAD MATCH CAMPAIGN,306896079483800,Broad Keyword,284907010614606,hair moisturizer for dry hair,BROAD,hair moisturizer for black women,USD,41,1,0.024390243902439025,0.52,0.52,0,0.0,0,0.0,0.0,0.0,2025-09-27,0.0,0.0
"Jan 05, 2026 - Jan 05, 2026",Batana Hair oil pharase Manual,292247191707127,Phrase Keywords,465120102858213,hair growth,PHRASE,renora hair growth serum,USD,1,1,1.0,0.65,0.65,0,0.0,0,0.0,0.0,0.0,2026-01-05,0.0,0.0
"Jul 23, 2025 - Mar 17, 2026",Auto Campaign 1 Signal Capture,468170906203317,Ad Group - Signal Capture,297953927298564,substitutes,TARGETING_EXPRESSION_PREDEFINED,B0DB1K52HV,USD,203,3,0.014778325123152709,0.63333,1.9,0,0.0,0,0.0,0.0,0.0,2025-07-23,0.0,0.0
"Sep 17, 2025 - Mar 14, 2026",BROAD MATCH CAMPAIGN,306896079483800,Broad Keyword,284907010614606,hair growth oil,BROAD,bread oil men hair growth,USD,9,1,0.1111111111111111,1.0,1.0,0,0.0,0,0.0,0.0,0.0,2025-09-17,0.0,0.0
"Sep 01, 2025 - Mar 08, 2026",Auto Campaign 1 Signal Capture,468170906203317,Ad Group - Signal Capture,297953927298564,substitutes,TARGETING_EXPRESSION_PREDEFINED,B0CFYS7M4L,USD,1162,5,0.004302925989672977,0.536,2.68,0,0.0,0,0.0,0.0,0.0,2025-09-01,0.0,0.0
"Mar 16, 2026 - Mar 17, 2026",PRODUCT TARGETING EXACT CAMPAIGN,295732523762026,ASIN Exact targeting,517907737835689,"asin-expanded=""B000V8MTIC""",TARGETING_EXPRESSION,B0D1SHZVQX,USD,3,1,0.3333333333333333,0.27,0.27,0,0.0,0,0.0,0.0,0.0,2026-03-16,0.0,0.0
"Jul 31, 2025 - Jan 04, 2026",Auto Campaign 1 Signal Capture,468170906203317,Ad Group - Signal Capture,297953927298564,substitutes,TARGETING_EXPRESSION_PREDEFINED,bask and lather edge control,USD,156,1,0.00641025641025641,0.5,0.5,0,0.0,0,0.0,0.0,0.0,2025-07-31,0.0,0.0
"Jan 23, 2026 - Feb 03, 2026",Batana Oil Exact Ranking,116719674392449,High Intent,417102371297812,"keyword-group=""Keywords related to your product category""",TARGETING_EXPRESSION,argan oil,USD,413,1,0.002421307506053269,1.76,1.76,0,0.0,0,0.0,0.0,0.0,2026-01-23,0.0,0.0
"Sep 19, 2025 - Sep 21, 2025",Auto Campaign 1 Signal Capture,468170906203317,Ad Group - Signal Capture,297953927298564,substitutes,TARGETING_EXPRESSION_PREDEFINED,hair fertilizer for hair growth for black hair,USD,6,1,0.16666666666666666,0.6,0.6,0,0.0,0,0.0,0.0,0.0,2025-09-19,0.0,0.0
"Sep 01, 2025 - Dec 06, 2025",Auto Campaign 1 Signal Capture,468170906203317,Ad Group - Signal Capture,297953927298564,substitutes,TARGETING_EXPRESSION_PREDEFINED,B00FEMDPWY,USD,48,2,0.041666666666666664,0.475,0.95,0,0.0,0,0.0,0.0,0.0,2025-09-01,0.0,0.0
"Sep 07, 2025 - Jan 22, 2026",BROAD MATCH CAMPAIGN,306896079483800,Broad Keyword,284907010614606,hair growth oil,BROAD,botana oil hair growth,USD,14932,103,0.00689793731583177,1.08845,112.11,14,167.85,15,1.49719,8.00786,0.0,2025-09-07,0.6679177837354782,0.13592233009708737
"Sep 03, 2025 - Jan 17, 2026",BROAD MATCH CAMPAIGN,306896079483800,Broad Keyword,284907010614606,hair growth,BROAD,mega growth hair products,USD,101,1,0.009900990099009901,0.82,0.82,0,0.0,0,0.0,0.0,0.0,2025-09-03,0.0,0.0
"Jun 29, 2025 - Mar 07, 2026",Auto Campaign 1 Signal Capture,468170906203317,Ad Group - Signal Capture,297953927298564,substitutes,TARGETING_EXPRESSION_PREDEFINED,B0DYXRZLKB,USD,34,1,0.029411764705882353,1.0,1.0,0,0.0,0,0.0,0.0,0.0,2025-06-29,0.0,0.0
"Sep 08, 2025 - Dec 20, 2025",BROAD MATCH CAMPAIGN,306896079483800,Broad Keyword,284907010614606,hair growth oil,BROAD,vital affair hair growth oil,USD,210,1,0.004761904761904762,0.82,0.82,1,11.99,1,14.62195,0.82,0.0,2025-09-08,0.0683903252710592,1.0
"Jan 23, 2026 - Feb 05, 2026",Batana Oil Exact Ranking,116719674392449,High Intent,417102371297812,"keyword-group=""Keywords related to your product category""",TARGETING_EXPRESSION,hair treatment oils,USD,259,2,0.007722007722007722,1.915,3.83,0,0.0,0,0.0,0.0,0.0,2026-01-23,0.0,0.0
"Sep 26, 2025 - Mar 20, 2026",BROAD MATCH CAMPAIGN,306896079483800,Broad Keyword,284907010614606,hair moisturizer for black women,BROAD,hair moisturizer,USD,133,1,0.007518796992481203,0.75,0.75,0,0.0,0,0.0,0.0,0.0,2025-09-26,0.0,0.0
"Sep 11, 2025 - Sep 23, 2025",BROAD MATCH CAMPAIGN,306896079483800,Broad Keyword,284907010614606,hair growth oil,BROAD,vxdag batana oil for hair growth,USD,15,1,0.06666666666666667,1.04,1.04,0,0.0,0,0.0,0.0,0.0,2025-09-11,0.0,0.0
"Jul 04, 2025 - Mar 20, 2026",Auto Campaign 1 Signal Capture,468170906203317,Ad Group - Signal Capture,297953927298564,close-match,TARGETING_EXPRESSION_PREDEFINED,hair growth,USD,881,5,0.0056753688989784334,2.01,10.05,0,0.0,0,0.0,0.0,0.0,2025-07-04,0.0,0.0
"Oct 18, 2025 - Nov 29, 2025",Batana Hair oil pharase Manual,292247191707127,Phrase Keywords,465120102858213,coconut oil for hair growth,PHRASE,onion and coconut oil for hair growth,USD,2,1,0.5,0.45,0.45,0,0.0,0,0.0,0.0,0.0,2025-10-18,0.0,0.0
"Sep 09, 2025 - Jan 22, 2026",PRODUCT TARGETING EXACT CAMPAIGN,295732523762026,ASIN Exact targeting,517907737835689,"asin-expanded=""B0DCX7628T""",TARGETING_EXPRESSION,B0DSHXCT4N,USD,1423,6,0.004216444132115249,0.61167,3.67,0,0.0,0,0.0,0.0,0.0,2025-09-09,0.0,0.0
"Nov 17, 2025 - Nov 17, 2025",Auto Campaign 1 Signal Capture,468170906203317,Ad Group - Signal Capture,297953927298564,loose-match,TARGETING_EXPRESSION_PREDEFINED,hair oil for damaged hair leave in,USD,1,1,1.0,0.45,0.45,0,0.0,0,0.0,0.0,0.0,2025-11-17,0.0,0.0
"Mar 13, 2026 - Mar 13, 2026",PRODUCT TARGETING EXACT CAMPAIGN,295732523762026,ASIN Exact targeting,517907737835689,"asin-expanded=""B0DCX7628T""",TARGETING_EXPRESSION,labs hair mask,USD,1,1,1.0,0.55,0.55,0,0.0,0,0.0,0.0,0.0,2026-03-13,0.0,0.0
"Jul 04, 2025 - Mar 19, 2026",Auto Campaign 1 Signal Capture,468170906203317,Ad Group - Signal Capture,297953927298564,loose-match,TARGETING_EXPRESSION_PREDEFINED,mariguanol,USD,366,1,0.00273224043715847,0.37,0.37,0,0.0,0,0.0,0.0,0.0,2025-07-04,0.0,0.0
"Jul 09, 2025 - Mar 04, 2026",Batana Hair oil Exact Manual,502286450850716,Exact Keywords,296070289941158,batana oil hair growth,EXACT,batana oil hair growth,USD,12,1,0.08333333333333333,0.6,0.6,0,0.0,0,0.0,0.0,0.0,2025-07-09,0.0,0.0
"Dec 01, 2025 - Dec 01, 2025",Auto Campaign 1 Signal Capture,468170906203317,Ad Group - Signal Capture,297953927298564,loose-match,TARGETING_EXPRESSION_PREDEFINED,loar beauty intensive growth hair oil,USD,1,1,1.0,0.45,0.45,0,0.0,0,0.0,0.0,0.0,2025-12-01,0.0,0.0
"Sep 03, 2025 - Mar 15, 2026",BROAD MATCH CAMPAIGN,306896079483800,Broad Keyword,284907010614606,hair growth,BROAD,palmer hair growth,USD,66,1,0.015151515151515152,0.52,0.52,0,0.0,0,0.0,0.0,0.0,2025-09-03,0.0,0.0
"Sep 05, 2025 - Dec 06, 2025",BROAD MATCH CAMPAIGN,306896079483800,Broad Keyword,284907010614606,hair growth,BROAD,bask & lather scalp stimulator hair growth oil,USD,315,2,0.006349206349206349,0.505,1.01,0,0.0,0,0.0,0.0,0.0,2025-09-05,0.0,0.0
"Sep 23, 2025 - Jan 22, 2026",BROAD MATCH CAMPAIGN,306896079483800,Broad Keyword,284907010614606,mens hair growth products,BROAD,hair growth oil for men,USD,1052,5,0.004752851711026616,0.948,4.74,0,0.0,0,0.0,0.0,0.0,2025-09-23,0.0,0.0
"Mar 08, 2026 - Mar 08, 2026",Auto Campaign 1 Signal Capture,468170906203317,Ad Group - Signal Capture,297953927298564,substitutes,TARGETING_EXPRESSION_PREDEFINED,batana castor oil,USD,1,1,1.0,1.05,1.05,0,0.0,0,0.0,0.0,0.0,2026-03-08,0.0,0.0
"Jul 24, 2025 - Feb 10, 2026",Auto Campaign 1 Signal Capture,468170906203317,Ad Group - Signal Capture,297953927298564,close-match,TARGETING_EXPRESSION_PREDEFINED,batana oil scalp treatment,USD,9,1,0.1111111111111111,0.8,0.8,0,0.0,0,0.0,0.0,0.0,2025-07-24,0.0,0.0
"Feb 02, 2026 - Feb 02, 2026",Auto Campaign 2 Cheap Discovery,163081140507766,Ad Group Cheap Discovery,391494289840856,loose-match,TARGETING_EXPRESSION_PREDEFINED,hair treatment for natural redheads,USD,1,1,1.0,0.66,0.66,0,0.0,0,0.0,0.0,0.0,2026-02-02,0.0,0.0
"Sep 07, 2025 - Dec 07, 2025",PRODUCT TARGETING EXACT CAMPAIGN,295732523762026,ASIN Exact targeting,517907737835689,"asin-expanded=""B0DCX7628T""",TARGETING_EXPRESSION,B0DKG9CMH8,USD,56,2,0.03571428571428571,0.835,1.67,0,0.0,0,0.0,0.0,0.0,2025-09-07,0.0,0.0
"Dec 28, 2025 - Jan 14, 2026",PRODUCT TARGETING EXACT CAMPAIGN,295732523762026,ASIN Exact targeting,517907737835689,"asin=""B01I2ZQJSG""",TARGETING_EXPRESSION,hair relaxer with deep conditioning treatment,USD,1,1,1.0,0.37,0.37,0,0.0,0,0.0,0.0,0.0,2025-12-28,0.0,0.0
"Dec 06, 2025 - Jan 02, 2026",BROAD MATCH CAMPAIGN,306896079483800,Broad Keyword,284907010614606,hair growth batana oil,BROAD,batana oil for hair growth richgrand,USD,174,1,0.005747126436781609,1.2,1.2,0,0.0,0,0.0,0.0,0.0,2025-12-06,0.0,0.0
"Jan 28, 2026 - Feb 05, 2026",Batana Oil Phrase Match,212832079341322,Batana Oil Phrase Match,450560731451216,"keyword-group=""Keywords related to your product category""",TARGETING_EXPRESSION,the hair oil,USD,132,1,0.007575757575757576,1.06,1.06,0,0.0,0,0.0,0.0,0.0,2026-01-28,0.0,0.0
"Feb 15, 2026 - Mar 09, 2026",Batana Hair oil pharase Manual,292247191707127,Phrase Keywords,465120102858213,batana oil,PHRASE,olcg batana oil,USD,33,1,0.030303030303030304,2.25,2.25,0,0.0,0,0.0,0.0,0.0,2026-02-15,0.0,0.0
"Jan 31, 2026 - Feb 05, 2026",Auto Campaign 2 Cheap Discovery,163081140507766,Ad Group Cheap Discovery,391494289840856,substitutes,TARGETING_EXPRESSION_PREDEFINED,B007CLP7MQ,USD,35,1,0.02857142857142857,0.18,0.18,0,0.0,0,0.0,0.0,0.0,2026-01-31,0.0,0.0
"Sep 23, 2025 - Nov 09, 2025",BROAD MATCH CAMPAIGN,306896079483800,Broad Keyword,284907010614606,hair growth for natural hair,BROAD,hair growth oil,USD,214,2,0.009345794392523364,0.705,1.41,0,0.0,0,0.0,0.0,0.0,2025-09-23,0.0,0.0
"Sep 22, 2025 - Sep 28, 2025",BROAD MATCH CAMPAIGN,306896079483800,Broad Keyword,284907010614606,hair moisturizer for dry hair,BROAD,moisturizer for dry hair,USD,7,1,0.14285714285714285,1.12,1.12,0,0.0,0,0.0,0.0,0.0,2025-09-22,0.0,0.0
"Jul 20, 2025 - Mar 03, 2026",Auto Campaign 1 Signal Capture,468170906203317,Ad Group - Signal Capture,297953927298564,loose-match,TARGETING_EXPRESSION_PREDEFINED,grape seed oil,USD,14,1,0.07142857142857142,0.45,0.45,0,0.0,0,0.0,0.0,0.0,2025-07-20,0.0,0.0
"Feb 24, 2026 - Mar 11, 2026",Batana Hair oil pharase Manual,292247191707127,Phrase Keywords,465120102858213,batana oil,PHRASE,100% raw batana oil,USD,8,1,0.125,1.8,1.8,0,0.0,0,0.0,0.0,0.0,2026-02-24,0.0,0.0
"Sep 21, 2025 - Jan 02, 2026",Auto Campaign 1 Signal Capture,468170906203317,Ad Group - Signal Capture,297953927298564,substitutes,TARGETING_EXPRESSION_PREDEFINED,B0DKT8D5B3,USD,3,1,0.3333333333333333,0.6,0.6,0,0.0,0,0.0,0.0,0.0,2025-09-21,0.0,0.0
"Jan 06, 2026 - Jan 12, 2026",Batana Hair oil pharase Manual,292247191707127,Phrase Keywords,465120102858213,hair moisturizer,PHRASE,best hair moisturizer for dry hair,USD,2,1,0.5,0.68,0.68,0,0.0,0,0.0,0.0,0.0,2026-01-06,0.0,0.0
"Jul 23, 2025 - Jul 23, 2025",Auto Campaign 1 Signal Capture,468170906203317,Ad Group - Signal Capture,297953927298564,close-match,TARGETING_EXPRESSION_PREDEFINED,B0B64BKP2Q,USD,83,1,0.012048192771084338,0.8,0.8,0,0.0,0,0.0,0.0,0.0,2025-07-23,0.0,0.0
"Sep 04, 2025 - Jan 01, 2026",BROAD MATCH CAMPAIGN,306896079483800,Broad Keyword,284907010614606,hair growth,BROAD,scalp serum for hair growth,USD,42,2,0.047619047619047616,0.7,1.4,0,0.0,0,0.0,0.0,0.0,2025-09-04,0.0,0.0
"Sep 17, 2025 - Jan 21, 2026",BROAD MATCH CAMPAIGN,306896079483800,Broad Keyword,284907010614606,mens hair growth products,BROAD,mens hair growth products,USD,809,6,0.007416563658838072,1.02,6.12,1,11.99,1,1.95915,6.12,0.0,2025-09-17,0.5104253544620517,0.16666666666666666
"Sep 05, 2025 - Dec 04, 2025",PRODUCT TARGETING EXACT CAMPAIGN,295732523762026,ASIN Exact targeting,517907737835689,"asin-expanded=""B0DSHXCT4N""",TARGETING_EXPRESSION,B0DKF8XKKZ,USD,20,1,0.05,0.48,0.48,0,0.0,0,0.0,0.0,0.0,2025-09-05,0.0,0.0
"Dec 12, 2025 - Dec 12, 2025",BROAD MATCH CAMPAIGN,306896079483800,Broad Keyword,284907010614606,hair growth oil,BROAD,greeonil hair growth oil,USD,1,1,1.0,1.21,1.21,0,0.0,0,0.0,0.0,0.0,2025-12-12,0.0,0.0
"Nov 08, 2025 - Nov 23, 2025",Auto Campaign 1 Signal Capture,468170906203317,Ad Group - Signal Capture,297953927298564,loose-match,TARGETING_EXPRESSION_PREDEFINED,pure bontana oil dcxc,USD,2,1,0.5,0.4,0.4,0,0.0,0,0.0,0.0,0.0,2025-11-08,0.0,0.0
"Feb 24, 2026 - Mar 02, 2026",Batana Hair oil Exact Manual,502286450850716,Exact Keywords,296070289941158,batana natural hair growth oil,EXACT,batana natural hair growth oil,USD,37,1,0.02702702702702703,1.15,1.15,0,0.0,0,0.0,0.0,0.0,2026-02-24,0.0,0.0
"Feb 01, 2026 - Feb 01, 2026",Batana Oil Phrase Match,212832079341322,Batana Oil Phrase Match,450560731451216,growth,PHRASE,azure batana natural hair growth oil,USD,1,1,1.0,0.92,0.92,0,0.0,0,0.0,0.0,0.0,2026-02-01,0.0,0.0
"Oct 24, 2025 - Jan 22, 2026",Batana Hair oil pharase Manual,292247191707127,Phrase Keywords,465120102858213,hair growth oil,PHRASE,edge hair growth oil for black women,USD,44,2,0.045454545454545456,0.75,1.5,1,16.99,1,11.32667,1.5,0.0,2025-10-24,0.08828722778104768,0.5
"Sep 10, 2025 - Jan 12, 2026",PRODUCT TARGETING EXACT CAMPAIGN,295732523762026,ASIN Exact targeting,517907737835689,"asin-expanded=""B0DCX7628T""",TARGETING_EXPRESSION,B0D8CJX3TS,USD,16,1,0.0625,0.6,0.6,0,0.0,0,0.0,0.0,0.0,2025-09-10,0.0,0.0
"Sep 03, 2025 - Nov 24, 2025",Batana Hair oil pharase Manual,292247191707127,Phrase Keywords,465120102858213,scalp treatment,PHRASE,indian hemp hair and scalp treatment,USD,98,3,0.030612244897959183,0.45,1.35,0,0.0,0,0.0,0.0,0.0,2025-09-03,0.0,0.0
"Oct 01, 2025 - Mar 19, 2026",PRODUCT TARGETING EXACT CAMPAIGN,295732523762026,ASIN Exact targeting,517907737835689,"asin-expanded=""B000V8MTIC""",TARGETING_EXPRESSION,B005DI4ZJQ,USD,327,1,0.0030581039755351682,0.3,0.3,0,0.0,0,0.0,0.0,0.0,2025-10-01,0.0,0.0
"Dec 27, 2025 - Dec 27, 2025",Auto Campaign 1 Signal Capture,468170906203317,Ad Group - Signal Capture,297953927298564,loose-match,TARGETING_EXPRESSION_PREDEFINED,زيوت شعر للترطيب,USD,1,1,1.0,0.5,0.5,0,0.0,0,0.0,0.0,0.0,2025-12-27,0.0,0.0
"Sep 01, 2025 - Jan 05, 2026",Auto Campaign 1 Signal Capture,468170906203317,Ad Group - Signal Capture,297953927298564,substitutes,TARGETING_EXPRESSION_PREDEFINED,B08KSJJK76,USD,73,1,0.0136986301369863,0.45,0.45,0,0.0,0,0.0,0.0,0.0,2025-09-01,0.0,0.0
"Feb 25, 2026 - Feb 25, 2026",Auto Campaign 1 Signal Capture,468170906203317,Ad Group - Signal Capture,297953927298564,loose-match,TARGETING_EXPRESSION_PREDEFINED,growth oil 4c hair,USD,1,1,1.0,2.33,2.33,0,0.0,0,0.0,0.0,0.0,2026-02-25,0.0,0.0
"Jul 05, 2025 - Feb 14, 2026",Auto Campaign 1 Signal Capture,468170906203317,Ad Group - Signal Capture,297953927298564,close-match,TARGETING_EXPRESSION_PREDEFINED,100% batana oil for hair growth,USD,4,1,0.25,1.4,1.4,0,0.0,0,0.0,0.0,0.0,2025-07-05,0.0,0.0
"Nov 07, 2025 - Dec 07, 2025",PRODUCT TARGETING EXACT CAMPAIGN,295732523762026,ASIN Exact targeting,517907737835689,"asin=""B0DSCKBJLD""",TARGETING_EXPRESSION,baskand lather hair stimulator,USD,10,1,0.1,0.5,0.5,0,0.0,0,0.0,0.0,0.0,2025-11-07,0.0,0.0
"Dec 17, 2025 - Mar 17, 2026",Auto Campaign 1 Signal Capture,468170906203317,Ad Group - Signal Capture,297953927298564,loose-match,TARGETING_EXPRESSION_PREDEFINED,heat cap for deep conditioning,USD,63,1,0.015873015873015872,1.2,1.2,0,0.0,0,0.0,0.0,0.0,2025-12-17,0.0,0.0
"Oct 18, 2025 - Mar 10, 2026",Auto Campaign 1 Signal Capture,468170906203317,Ad Group - Signal Capture,297953927298564,substitutes,TARGETING_EXPRESSION_PREDEFINED,B0142A9TZU,USD,35,1,0.02857142857142857,0.38,0.38,0,0.0,0,0.0,0.0,0.0,2025-10-18,0.0,0.0
"Jan 28, 2026 - Feb 06, 2026",Batana Oil Phrase Match,212832079341322,Batana Oil Phrase Match,450560731451216,"keyword-group=""Keywords related to your product category""",TARGETING_EXPRESSION,hair oil,USD,1962,5,0.0025484199796126403,0.97,4.85,0,0.0,0,0.0,0.0,0.0,2026-01-28,0.0,0.0
"Oct 29, 2025 - Nov 13, 2025",BROAD MATCH CAMPAIGN,306896079483800,Broad Keyword,284907010614606,hair growth serum for men,BROAD,hair growth products,USD,115,1,0.008695652173913044,0.49,0.49,0,0.0,0,0.0,0.0,0.0,2025-10-29,0.0,0.0
"Sep 01, 2025 - Mar 08, 2026",Auto Campaign 1 Signal Capture,468170906203317,Ad Group - Signal Capture,297953927298564,loose-match,TARGETING_EXPRESSION_PREDEFINED,stimulating scalp and hair balm,USD,58,1,0.017241379310344827,0.9,0.9,0,0.0,0,0.0,0.0,0.0,2025-09-01,0.0,0.0
"Jul 09, 2025 - Oct 25, 2025",Auto Campaign 1 Signal Capture,468170906203317,Ad Group - Signal Capture,297953927298564,close-match,TARGETING_EXPRESSION_PREDEFINED,B000R93I76,USD,72,1,0.013888888888888888,0.8,0.8,0,0.0,0,0.0,0.0,0.0,2025-07-09,0.0,0.0
"Aug 29, 2025 - Mar 19, 2026",Batana Hair oil pharase Manual,292247191707127,Phrase Keywords,465120102858213,hair moisturizer,PHRASE,4c hair moisturizer,USD,303,10,0.033003300330033,0.583,5.83,1,11.99,1,2.0566,5.83,0.0,2025-08-29,0.4862385321100917,0.1
"Jan 15, 2026 - Jan 15, 2026",Auto Campaign 1 Signal Capture,468170906203317,Ad Group - Signal Capture,297953927298564,substitutes,TARGETING_EXPRESSION_PREDEFINED,B0B2KTL2QF,USD,1,1,1.0,0.5,0.5,0,0.0,0,0.0,0.0,0.0,2026-01-15,0.0,0.0
"Sep 08, 2025 - Jan 21, 2026",BROAD MATCH CAMPAIGN,306896079483800,Broad Keyword,284907010614606,hair growth oil,BROAD,african pride hair oils for hair growth,USD,159,1,0.006289308176100629,0.9,0.9,0,0.0,0,0.0,0.0,0.0,2025-09-08,0.0,0.0
"Jan 23, 2026 - Feb 02, 2026",Batana Oil Exact Ranking,116719674392449,High Intent,417102371297812,"keyword-group=""Keywords related to your product category""",TARGETING_EXPRESSION,argan oil for hair,USD,349,1,0.0028653295128939827,2.04,2.04,0,0.0,0,0.0,0.0,0.0,2026-01-23,0.0,0.0
"Dec 13, 2025 - Dec 13, 2025",BROAD MATCH CAMPAIGN,306896079483800,Broad Keyword,284907010614606,hair growth oil,BROAD,sage oil for hair growth,USD,1,1,1.0,1.51,1.51,1,16.99,1,11.25166,1.51,0.0,2025-12-13,0.08887580929958801,1.0
"Feb 25, 2026 - Feb 25, 2026",Auto Campaign 1 Signal Capture,468170906203317,Ad Group - Signal Capture,297953927298564,loose-match,TARGETING_EXPRESSION_PREDEFINED,tratamiento para que nazca cabello,USD,1,1,1.0,3.8,3.8,0,0.0,0,0.0,0.0,0.0,2026-02-25,0.0,0.0
"Sep 12, 2025 - Nov 29, 2025",BROAD MATCH CAMPAIGN,306896079483800,Broad Keyword,284907010614606,hair growth oil,BROAD,unrefined banana oil for hair growth,USD,90,1,0.011111111111111112,1.35,1.35,0,0.0,0,0.0,0.0,0.0,2025-09-12,0.0,0.0
"Sep 08, 2025 - Jan 22, 2026",Batana Hair oil pharase Manual,292247191707127,Phrase Keywords,465120102858213,hair moisturizer,PHRASE,banana hair moisturizer,USD,30,1,0.03333333333333333,1.12,1.12,0,0.0,0,0.0,0.0,0.0,2025-09-08,0.0,0.0
"Mar 10, 2026 - Mar 18, 2026",Auto Campaign 1 Signal Capture,468170906203317,Ad Group - Signal Capture,297953927298564,substitutes,TARGETING_EXPRESSION_PREDEFINED,B08ZDSPPM6,USD,1,1,1.0,0.45,0.45,0,0.0,0,0.0,0.0,0.0,2026-03-10,0.0,0.0
"Dec 28, 2025 - Mar 15, 2026",PRODUCT TARGETING EXACT CAMPAIGN,295732523762026,ASIN Exact targeting,517907737835689,"asin=""B01I2ZQJSG""",TARGETING_EXPRESSION,cer 100 collagen hair treatment,USD,7,1,0.14285714285714285,1.2,1.2,0,0.0,0,0.0,0.0,0.0,2025-12-28,0.0,0.0
"Sep 08, 2025 - Jan 02, 2026",PRODUCT TARGETING EXACT CAMPAIGN,295732523762026,ASIN Exact targeting,517907737835689,"asin-expanded=""B0DCX7628T""",TARGETING_EXPRESSION,B0DTGVMZMK,USD,121,2,0.01652892561983471,0.825,1.65,0,0.0,0,0.0,0.0,0.0,2025-09-08,0.0,0.0
"Sep 17, 2025 - Sep 17, 2025",BROAD MATCH CAMPAIGN,306896079483800,Broad Keyword,284907010614606,hair growth oil,BROAD,hair growth oil with rice water and biotin,USD,1,1,1.0,1.3,1.3,0,0.0,0,0.0,0.0,0.0,2025-09-17,0.0,0.0
"Jul 04, 2025 - Jul 04, 2025",Auto Campaign 1 Signal Capture,468170906203317,Ad Group - Signal Capture,297953927298564,loose-match,TARGETING_EXPRESSION_PREDEFINED,batana oil 1 liter,USD,1,1,1.0,1.0,1.0,0,0.0,0,0.0,0.0,0.0,2025-07-04,0.0,0.0
"Sep 23, 2025 - Oct 23, 2025",BROAD MATCH CAMPAIGN,306896079483800,Broad Keyword,284907010614606,hair growth conditioner,BROAD,hair conditioner,USD,41,1,0.024390243902439025,0.52,0.52,0,0.0,0,0.0,0.0,0.0,2025-09-23,0.0,0.0
"Feb 12, 2026 - Mar 02, 2026",Batana Hair oil pharase Manual,292247191707127,Phrase Keywords,465120102858213,batana,PHRASE,raw batana oil,USD,239,1,0.0041841004184100415,1.66,1.66,0,0.0,0,0.0,0.0,0.0,2026-02-12,0.0,0.0
"Sep 03, 2025 - Mar 09, 2026",Batana Hair oil Exact Manual,502286450850716,Exact Keywords,296070289941158,hair moisturizer for black women,EXACT,hair moisturizer for black women,USD,2474,24,0.009700889248181084,0.67667,16.24,1,9.99,1,0.61515,16.24,0.0,2025-09-03,1.6256256256256254,0.041666666666666664
"Sep 26, 2025 - Mar 17, 2026",BROAD MATCH CAMPAIGN,306896079483800,Broad Keyword,284907010614606,hair moisturizer for black women,BROAD,hair butter for black women,USD,21,1,0.047619047619047616,0.9,0.9,0,0.0,0,0.0,0.0,0.0,2025-09-26,0.0,0.0
"Mar 09, 2026 - Mar 12, 2026",PRODUCT TARGETING EXACT CAMPAIGN,295732523762026,ASIN Exact targeting,517907737835689,"asin=""B01I2ZQJSG""",TARGETING_EXPRESSION,elizavecca cer-100 collagen coating hair protein treatment 100ml mask,USD,2,1,0.5,0.66,0.66,0,0.0,0,0.0,0.0,0.0,2026-03-09,0.0,0.0
"Sep 08, 2025 - Jan 20, 2026",PRODUCT TARGETING EXACT CAMPAIGN,295732523762026,ASIN Exact targeting,517907737835689,"asin-expanded=""B0DCX7628T""",TARGETING_EXPRESSION,B0DSHY2T4Q,USD,596,3,0.0050335570469798654,0.84333,2.53,0,0.0,0,0.0,0.0,0.0,2025-09-08,0.0,0.0
"Sep 07, 2025 - Dec 04, 2025",Auto Campaign 1 Signal Capture,468170906203317,Ad Group - Signal Capture,297953927298564,substitutes,TARGETING_EXPRESSION_PREDEFINED,B000NEE8ZQ,USD,24,1,0.041666666666666664,0.49,0.49,1,11.99,1,24.46939,0.49,0.0,2025-09-07,0.0408673894912427,1.0
"Mar 01, 2026 - Mar 01, 2026",Auto Campaign 1 Signal Capture,468170906203317,Ad Group - Signal Capture,297953927298564,loose-match,TARGETING_EXPRESSION_PREDEFINED,hair growth tea for black women,USD,1,1,1.0,1.52,1.52,0,0.0,0,0.0,0.0,0.0,2026-03-01,0.0,0.0
"Feb 07, 2026 - Mar 01, 2026",Batana Hair oil pharase Manual,292247191707127,Phrase Keywords,465120102858213,batana oil for hair growth,PHRASE,batana oil for hair growth,USD,173,4,0.023121387283236993,2.085,8.34,0,0.0,0,0.0,0.0,0.0,2026-02-07,0.0,0.0
"Jan 04, 2026 - Jan 04, 2026",Batana Hair oil pharase Manual,292247191707127,Phrase Keywords,465120102858213,hair growth,PHRASE,rosemary mint water spray for hair growth,USD,1,1,1.0,0.65,0.65,0,0.0,0,0.0,0.0,0.0,2026-01-04,0.0,0.0
"Sep 06, 2025 - Dec 07, 2025",PRODUCT TARGETING EXACT CAMPAIGN,295732523762026,ASIN Exact targeting,517907737835689,"asin-expanded=""B0DCX7628T""",TARGETING_EXPRESSION,B0DJWSCZKT,USD,10,1,0.1,0.85,0.85,1,9.99,1,11.75294,0.85,0.0,2025-09-06,0.08508508508508508,1.0
"Sep 04, 2025 - Jan 05, 2026",BROAD MATCH CAMPAIGN,306896079483800,Broad Keyword,284907010614606,hair growth,BROAD,rosemary hair growth,USD,69,1,0.014492753623188406,1.2,1.2,0,0.0,0,0.0,0.0,0.0,2025-09-04,0.0,0.0
"Jul 19, 2025 - Mar 12, 2026",Auto Campaign 1 Signal Capture,468170906203317,Ad Group - Signal Capture,297953927298564,substitutes,TARGETING_EXPRESSION_PREDEFINED,B0D1NH5K95,USD,21,1,0.047619047619047616,0.7,0.7,0,0.0,0,0.0,0.0,0.0,2025-07-19,0.0,0.0
"Dec 18, 2025 - Dec 18, 2025",BROAD MATCH CAMPAIGN,306896079483800,Broad Keyword,284907010614606,batana oil,BROAD,lumiel batana oil,USD,1,1,1.0,1.43,1.43,0,0.0,0,0.0,0.0,0.0,2025-12-18,0.0,0.0
"Sep 19, 2025 - Jan 15, 2026",PRODUCT TARGETING EXACT CAMPAIGN,295732523762026,ASIN Exact targeting,517907737835689,"asin-expanded=""B01I2ZQJSG""",TARGETING_EXPRESSION,B07MK6C1JM,USD,20,1,0.05,0.35,0.35,0,0.0,0,0.0,0.0,0.0,2025-09-19,0.0,0.0
"Mar 02, 2026 - Mar 02, 2026",Batana Hair oil pharase Manual,292247191707127,Phrase Keywords,465120102858213,batana oil,PHRASE,ariv batana oil for hair,USD,2,1,0.5,1.4,1.4,0,0.0,0,0.0,0.0,0.0,2026-03-02,0.0,0.0
"Mar 14, 2026 - Mar 14, 2026",PRODUCT TARGETING EXACT CAMPAIGN,295732523762026,ASIN Exact targeting,517907737835689,"asin=""B0DGQCDWJY""",TARGETING_EXPRESSION,me me crack hair oil,USD,2,1,0.5,0.91,0.91,0,0.0,0,0.0,0.0,0.0,2026-03-14,0.0,0.0
"Aug 30, 2025 - Mar 20, 2026",Batana Hair oil pharase Manual,292247191707127,Phrase Keywords,465120102858213,hair moisturizer,PHRASE,hair moisturizer,USD,9040,88,0.009734513274336283,0.62023,54.58,10,155.89,11,2.85617,5.458,0.0,2025-08-30,0.3501186734235679,0.11363636363636363
"Mar 09, 2026 - Mar 09, 2026",BROAD MATCH CAMPAIGN,306896079483800,Broad Keyword,284907010614606,hair growth batana oil,BROAD,non refined botana,USD,1,1,1.0,0.65,0.65,1,19.99,1,30.75385,0.65,0.0,2026-03-09,0.032516258129064536,1.0
"Sep 05, 2025 - Dec 03, 2025",BROAD MATCH CAMPAIGN,306896079483800,Broad Keyword,284907010614606,hair growth,BROAD,stimulate hair growth,USD,274,1,0.0036496350364963502,0.75,0.75,0,0.0,0,0.0,0.0,0.0,2025-09-05,0.0,0.0
"Sep 07, 2025 - Oct 15, 2025",Batana Hair oil pharase Manual,292247191707127,Phrase Keywords,465120102858213,hair growth products,PHRASE,best hair growth products for women,USD,3,1,0.3333333333333333,0.4,0.4,0,0.0,0,0.0,0.0,0.0,2025-09-07,0.0,0.0
"Sep 02, 2025 - Sep 18, 2025",PRODUCT TARGETING EXACT CAMPAIGN,295732523762026,ASIN Exact targeting,517907737835689,"asin-expanded=""B0DL5LB7JH""",TARGETING_EXPRESSION,B08KXC1465,USD,11,1,0.09090909090909091,0.5,0.5,0,0.0,0,0.0,0.0,0.0,2025-09-02,0.0,0.0
"Sep 08, 2025 - Mar 15, 2026",BROAD MATCH CAMPAIGN,306896079483800,Broad Keyword,284907010614606,hair growth oil,BROAD,carrot oil for hair growth,USD,114,2,0.017543859649122806,1.235,2.47,1,9.99,1,4.04453,2.47,0.0,2025-09-08,0.24724724724724725,0.5
"Sep 23, 2025 - Sep 28, 2025",BROAD MATCH CAMPAIGN,306896079483800,Broad Keyword,284907010614606,mens hair growth products,BROAD,natural hair growth,USD,123,1,0.008130081300813009,0.75,0.75,1,11.99,1,15.98667,0.75,0.0,2025-09-23,0.06255212677231026,1.0
"Jan 23, 2026 - Jan 29, 2026",Batana Oil Exact Ranking,116719674392449,High Intent,417102371297812,"keyword-group=""Keywords related to your product category""",TARGETING_EXPRESSION,batana oil lebanta,USD,13,1,0.07692307692307693,2.04,2.04,0,0.0,0,0.0,0.0,0.0,2026-01-23,0.0,0.0
"Sep 05, 2025 - Sep 24, 2025",Batana Hair oil pharase Manual,292247191707127,Phrase Keywords,465120102858213,hair moisturizer,PHRASE,boy hair moisturizer,USD,2,1,0.5,0.9,0.9,0,0.0,0,0.0,0.0,0.0,2025-09-05,0.0,0.0
"Feb 12, 2026 - Mar 14, 2026",Batana Hair oil pharase Manual,292247191707127,Phrase Keywords,465120102858213,batana,PHRASE,batana leave in conditioner for hair growth,USD,8,1,0.125,2.25,2.25,0,0.0,0,0.0,0.0,0.0,2026-02-12,0.0,0.0
"Sep 25, 2025 - Dec 30, 2025",BROAD MATCH CAMPAIGN,306896079483800,Broad Keyword,284907010614606,hair oil for hair growth,BROAD,difeel castor oil for hair growth,USD,14,1,0.07142857142857142,1.05,1.05,0,0.0,0,0.0,0.0,0.0,2025-09-25,0.0,0.0
"Sep 06, 2025 - Nov 03, 2025",PRODUCT TARGETING EXACT CAMPAIGN,295732523762026,ASIN Exact targeting,517907737835689,"asin-expanded=""B0DZDV2FLB""",TARGETING_EXPRESSION,B07NSZHMWD,USD,13,1,0.07692307692307693,0.55,0.55,0,0.0,0,0.0,0.0,0.0,2025-09-06,0.0,0.0
"Mar 01, 2026 - Mar 05, 2026",Auto Campaign 1 Signal Capture,468170906203317,Ad Group - Signal Capture,297953927298564,loose-match,TARGETING_EXPRESSION_PREDEFINED,sulfur 8 medicated for scalp,USD,14,1,0.07142857142857142,1.2,1.2,0,0.0,0,0.0,0.0,0.0,2026-03-01,0.0,0.0
"Sep 01, 2025 - Feb 10, 2026",Batana Hair oil pharase Manual,292247191707127,Phrase Keywords,465120102858213,hair moisturizer,PHRASE,alikay naturals shea yogurt hair moisturizer,USD,84,2,0.023809523809523808,0.695,1.39,0,0.0,0,0.0,0.0,0.0,2025-09-01,0.0,0.0
"Sep 03, 2025 - Mar 17, 2026",BROAD MATCH CAMPAIGN,306896079483800,Broad Keyword,284907010614606,batana oil,BROAD,lebatana batana oil,USD,71,1,0.014084507042253521,0.52,0.52,0,0.0,0,0.0,0.0,0.0,2025-09-03,0.0,0.0
"Sep 09, 2025 - Jan 16, 2026",BROAD MATCH CAMPAIGN,306896079483800,Broad Keyword,284907010614606,hair growth oil,BROAD,red pimento hair growth oil,USD,31,1,0.03225806451612903,0.82,0.82,0,0.0,0,0.0,0.0,0.0,2025-09-09,0.0,0.0
"Feb 12, 2026 - Mar 17, 2026",Batana Hair oil pharase Manual,292247191707127,Phrase Keywords,465120102858213,batana,PHRASE,lebanta batana oil,USD,639,3,0.004694835680751174,1.63,4.89,0,0.0,0,0.0,0.0,0.0,2026-02-12,0.0,0.0
"Sep 05, 2025 - Mar 15, 2026",BROAD MATCH CAMPAIGN,306896079483800,Broad Keyword,284907010614606,hair growth,BROAD,derma roller for hair growth,USD,112,1,0.008928571428571428,0.52,0.52,0,0.0,0,0.0,0.0,0.0,2025-09-05,0.0,0.0
"Mar 03, 2026 - Mar 03, 2026",Auto Campaign 1 Signal Capture,468170906203317,Ad Group - Signal Capture,297953927298564,loose-match,TARGETING_EXPRESSION_PREDEFINED,دهن اصلي للشعر,USD,1,1,1.0,0.95,0.95,0,0.0,0,0.0,0.0,0.0,2026-03-03,0.0,0.0
"Nov 15, 2025 - Nov 15, 2025",BROAD MATCH CAMPAIGN,306896079483800,Broad Keyword,284907010614606,hair growth,BROAD,vegan hair mask for growth,USD,1,1,1.0,0.75,0.75,0,0.0,0,0.0,0.0,0.0,2025-11-15,0.0,0.0
"Nov 08, 2025 - Nov 08, 2025",Batana Hair oil pharase Manual,292247191707127,Phrase Keywords,465120102858213,hair moisturizer,PHRASE,excellent hair moisturizer,USD,1,1,1.0,0.55,0.55,0,0.0,0,0.0,0.0,0.0,2025-11-08,0.0,0.0
"Jul 05, 2025 - Mar 19, 2026",Batana Hair oil Exact Manual,502286450850716,Exact Keywords,296070289941158,batana oil hair growth,EXACT,batana oil for hair growth,USD,10965,80,0.00729594163246694,0.87588,70.07,3,29.97,3,0.42772,23.35667,0.0,2025-07-05,2.3380046713380045,0.0375
"Sep 07, 2025 - Dec 10, 2025",BROAD MATCH CAMPAIGN,306896079483800,Broad Keyword,284907010614606,hair growth,BROAD,batana natural hair growth,USD,6,1,0.16666666666666666,0.75,0.75,0,0.0,0,0.0,0.0,0.0,2025-09-07,0.0,0.0
"Feb 23, 2026 - Feb 24, 2026",Auto Campaign 1 Signal Capture,468170906203317,Ad Group - Signal Capture,297953927298564,close-match,TARGETING_EXPRESSION_PREDEFINED,women hair growth oil,USD,59,1,0.01694915254237288,1.84,1.84,0,0.0,0,0.0,0.0,0.0,2026-02-23,0.0,0.0
"Dec 02, 2025 - Jan 20, 2026",Batana Hair oil pharase Manual,292247191707127,Phrase Keywords,465120102858213,hair moisturizer,PHRASE,￼hair moisturizer,USD,4,1,0.25,0.65,0.65,0,0.0,0,0.0,0.0,0.0,2025-12-02,0.0,0.0
"Sep 18, 2025 - Sep 18, 2025",Auto Campaign 1 Signal Capture,468170906203317,Ad Group - Signal Capture,297953927298564,substitutes,TARGETING_EXPRESSION_PREDEFINED,B0DPLBGS18,USD,1,1,1.0,0.6,0.6,0,0.0,0,0.0,0.0,0.0,2025-09-18,0.0,0.0
"Oct 24, 2025 - Mar 13, 2026",Batana Hair oil pharase Manual,292247191707127,Phrase Keywords,465120102858213,hair growth oil,PHRASE,doo gro stimulating hair growth oil,USD,9,1,0.1111111111111111,0.65,0.65,0,0.0,0,0.0,0.0,0.0,2025-10-24,0.0,0.0
"Sep 08, 2025 - Sep 16, 2025",BROAD MATCH CAMPAIGN,306896079483800,Broad Keyword,284907010614606,hair growth oil,BROAD,bantana rosemary natural hair growth oil,USD,12,1,0.08333333333333333,0.72,0.72,0,0.0,0,0.0,0.0,0.0,2025-09-08,0.0,0.0
"Sep 07, 2025 - Oct 31, 2025",PRODUCT TARGETING EXACT CAMPAIGN,295732523762026,ASIN Exact targeting,517907737835689,"asin-expanded=""B0DZDV2FLB""",TARGETING_EXPRESSION,B0DNG71JTP,USD,43,1,0.023255813953488372,0.3,0.3,0,0.0,0,0.0,0.0,0.0,2025-09-07,0.0,0.0
"Dec 06, 2025 - Dec 11, 2025",PRODUCT TARGETING EXACT CAMPAIGN,295732523762026,ASIN Exact targeting,517907737835689,"asin-expanded=""B0D6BMGP8Z""",TARGETING_EXPRESSION,B0FL2L2QZQ,USD,136,1,0.007352941176470588,0.6,0.6,0,0.0,0,0.0,0.0,0.0,2025-12-06,0.0,0.0
"Feb 18, 2026 - Feb 23, 2026",Batana Hair oil pharase Manual,292247191707127,Phrase Keywords,465120102858213,batana,PHRASE,batana oil for hair growth olcg,USD,2,1,0.5,1.54,1.54,0,0.0,0,0.0,0.0,0.0,2026-02-18,0.0,0.0
"Sep 06, 2025 - Nov 19, 2025",BROAD MATCH CAMPAIGN,306896079483800,Broad Keyword,284907010614606,hair growth,BROAD,bantans oil for hair growth,USD,13,1,0.07692307692307693,1.8,1.8,0,0.0,0,0.0,0.0,0.0,2025-09-06,0.0,0.0
"Oct 22, 2025 - Dec 10, 2025",Batana Hair oil pharase Manual,292247191707127,Phrase Keywords,465120102858213,hair growth oil,PHRASE,newborn hair growth oil,USD,9,1,0.1111111111111111,0.45,0.45,0,0.0,0,0.0,0.0,0.0,2025-10-22,0.0,0.0
"Sep 02, 2025 - Dec 15, 2025",BROAD MATCH CAMPAIGN,306896079483800,Broad Keyword,284907010614606,batana oil hair,BROAD,richgrand batana oil for hair growth,USD,849,6,0.007067137809187279,1.10667,6.64,0,0.0,0,0.0,0.0,0.0,2025-09-02,0.0,0.0
"Jan 17, 2026 - Jan 18, 2026",Auto Campaign 1 Signal Capture,468170906203317,Ad Group - Signal Capture,297953927298564,loose-match,TARGETING_EXPRESSION_PREDEFINED,"stimulating scalp and hair balm, shea butter and mango butter blend for moisturizing haircar",USD,3,1,0.3333333333333333,0.37,0.37,0,0.0,0,0.0,0.0,0.0,2026-01-17,0.0,0.0
"Sep 07, 2025 - Sep 07, 2025",BROAD MATCH CAMPAIGN,306896079483800,Broad Keyword,284907010614606,hair growth,BROAD,100 percent unrefined botana oil hair growth,USD,1,1,1.0,1.35,1.35,0,0.0,0,0.0,0.0,0.0,2025-09-07,0.0,0.0
"Oct 17, 2025 - Oct 17, 2025",Auto Campaign 1 Signal Capture,468170906203317,Ad Group - Signal Capture,297953927298564,loose-match,TARGETING_EXPRESSION_PREDEFINED,edge control with lemongrass,USD,1,1,1.0,0.45,0.45,0,0.0,0,0.0,0.0,0.0,2025-10-17,0.0,0.0
"Mar 17, 2026 - Mar 17, 2026",Auto Campaign 1 Signal Capture,468170906203317,Ad Group - Signal Capture,297953927298564,close-match,TARGETING_EXPRESSION_PREDEFINED,kesa hair oil,USD,1,1,1.0,0.99,0.99,0,0.0,0,0.0,0.0,0.0,2026-03-17,0.0,0.0
"Oct 20, 2025 - Oct 20, 2025",BROAD MATCH CAMPAIGN,306896079483800,Broad Keyword,284907010614606,hair growth,BROAD,scalp stimulator hair growth tool,USD,1,1,1.0,0.52,0.52,0,0.0,0,0.0,0.0,0.0,2025-10-20,0.0,0.0
"Nov 22, 2025 - Jan 14, 2026",Auto Campaign 1 Signal Capture,468170906203317,Ad Group - Signal Capture,297953927298564,substitutes,TARGETING_EXPRESSION_PREDEFINED,B0DJHP4GFV,USD,15,1,0.06666666666666667,0.55,0.55,0,0.0,0,0.0,0.0,0.0,2025-11-22,0.0,0.0
"Feb 27, 2026 - Mar 19, 2026",Batana Hair oil pharase Manual,292247191707127,Phrase Keywords,465120102858213,batana,PHRASE,ixq batana oil,USD,12,1,0.08333333333333333,2.7,2.7,0,0.0,0,0.0,0.0,0.0,2026-02-27,0.0,0.0
"Jan 28, 2026 - Feb 06, 2026",Batana Oil Phrase Match,212832079341322,Batana Oil Phrase Match,450560731451216,"keyword-group=""Keywords related to your product category""",TARGETING_EXPRESSION,hair oil for damaged hair,USD,225,2,0.008888888888888889,1.06,2.12,0,0.0,0,0.0,0.0,0.0,2026-01-28,0.0,0.0
"Jul 04, 2025 - Mar 18, 2026",Auto Campaign 1 Signal Capture,468170906203317,Ad Group - Signal Capture,297953927298564,substitutes,TARGETING_EXPRESSION_PREDEFINED,B0DVBCQB1H,USD,120,1,0.008333333333333333,0.41,0.41,0,0.0,0,0.0,0.0,0.0,2025-07-04,0.0,0.0
"Feb 20, 2026 - Mar 03, 2026",Auto Campaign 1 Signal Capture,468170906203317,Ad Group - Signal Capture,297953927298564,close-match,TARGETING_EXPRESSION_PREDEFINED,best oil for hair growth,USD,14,1,0.07142857142857142,2.89,2.89,0,0.0,0,0.0,0.0,0.0,2026-02-20,0.0,0.0
"Jan 31, 2026 - Feb 05, 2026",Auto Campaign 2 Cheap Discovery,163081140507766,Ad Group Cheap Discovery,391494289840856,substitutes,TARGETING_EXPRESSION_PREDEFINED,B0D7VD38BT,USD,21,1,0.047619047619047616,0.65,0.65,0,0.0,0,0.0,0.0,0.0,2026-01-31,0.0,0.0
"Dec 17, 2025 - Dec 17, 2025",BROAD MATCH CAMPAIGN,306896079483800,Broad Keyword,284907010614606,hair growth,BROAD,banyan hair growth,USD,1,1,1.0,1.7,1.7,0,0.0,0,0.0,0.0,0.0,2025-12-17,0.0,0.0
"Sep 26, 2025 - Mar 20, 2026",BROAD MATCH CAMPAIGN,306896079483800,Broad Keyword,284907010614606,hair oil for hair growth,BROAD,rosemary oil for hair growth,USD,329,4,0.0121580547112462,0.975,3.9,0,0.0,0,0.0,0.0,0.0,2025-09-26,0.0,0.0
"Dec 12, 2025 - Dec 12, 2025",BROAD MATCH CAMPAIGN,306896079483800,Broad Keyword,284907010614606,batana oil,BROAD,botana oil gel,USD,1,1,1.0,2.02,2.02,0,0.0,0,0.0,0.0,0.0,2025-12-12,0.0,0.0
"Feb 15, 2026 - Mar 07, 2026",Batana Hair oil pharase Manual,292247191707127,Phrase Keywords,465120102858213,batana oil,PHRASE,100% batana oil,USD,8,1,0.125,2.67,2.67,0,0.0,0,0.0,0.0,0.0,2026-02-15,0.0,0.0
"Nov 01, 2025 - Nov 01, 2025",Auto Campaign 1 Signal Capture,468170906203317,Ad Group - Signal Capture,297953927298564,loose-match,TARGETING_EXPRESSION_PREDEFINED,castor oil with herbs for hair growth,USD,1,1,1.0,0.35,0.35,0,0.0,0,0.0,0.0,0.0,2025-11-01,0.0,0.0
"Nov 03, 2025 - Mar 12, 2026",PRODUCT TARGETING EXACT CAMPAIGN,295732523762026,ASIN Exact targeting,517907737835689,"asin-expanded=""B01I2ZQJSG""",TARGETING_EXPRESSION,B004NMR6TY,USD,65,1,0.015384615384615385,0.5,0.5,0,0.0,0,0.0,0.0,0.0,2025-11-03,0.0,0.0
"Dec 17, 2025 - Jan 06, 2026",Auto Campaign 1 Signal Capture,468170906203317,Ad Group - Signal Capture,297953927298564,substitutes,TARGETING_EXPRESSION_PREDEFINED,B081QZXDR5,USD,5,1,0.2,0.5,0.5,0,0.0,0,0.0,0.0,0.0,2025-12-17,0.0,0.0
"Jul 04, 2025 - Mar 20, 2026",Auto Campaign 1 Signal Capture,468170906203317,Ad Group - Signal Capture,297953927298564,close-match,TARGETING_EXPRESSION_PREDEFINED,batana hair growth oil,USD,191,1,0.005235602094240838,1.67,1.67,0,0.0,0,0.0,0.0,0.0,2025-07-04,0.0,0.0
"Jan 19, 2026 - Jan 19, 2026",Batana Hair oil pharase Manual,292247191707127,Phrase Keywords,465120102858213,hair moisturizer,PHRASE,hair moisturizer moisture max,USD,1,1,1.0,1.12,1.12,0,0.0,0,0.0,0.0,0.0,2026-01-19,0.0,0.0
"Sep 06, 2025 - Dec 11, 2025",PRODUCT TARGETING EXACT CAMPAIGN,295732523762026,ASIN Exact targeting,517907737835689,"asin-expanded=""B0DSHXCT4N""",TARGETING_EXPRESSION,B07FCY7676,USD,17,1,0.058823529411764705,0.75,0.75,0,0.0,0,0.0,0.0,0.0,2025-09-06,0.0,0.0
"Sep 09, 2025 - Nov 18, 2025",BROAD MATCH CAMPAIGN,306896079483800,Broad Keyword,284907010614606,hair growth oil,BROAD,hair growth oil for boys,USD,2,1,0.5,0.66,0.66,0,0.0,0,0.0,0.0,0.0,2025-09-09,0.0,0.0
"Jan 23, 2026 - Feb 06, 2026",Batana Oil Exact Ranking,116719674392449,High Intent,417102371297812,"keyword-group=""Keywords related to your product category""",TARGETING_EXPRESSION,batans oil,USD,151,1,0.006622516556291391,2.04,2.04,0,0.0,0,0.0,0.0,0.0,2026-01-23,0.0,0.0
"Feb 24, 2026 - Feb 24, 2026",Batana Hair oil pharase Manual,292247191707127,Phrase Keywords,465120102858213,batana,PHRASE,batana cold press root stimulator,USD,1,1,1.0,1.65,1.65,0,0.0,0,0.0,0.0,0.0,2026-02-24,0.0,0.0
"Sep 26, 2025 - Sep 27, 2025",BROAD MATCH CAMPAIGN,306896079483800,Broad Keyword,284907010614606,mens hair growth shampoo,BROAD,shampoo and conditioner set,USD,5,1,0.2,1.0,1.0,0,0.0,0,0.0,0.0,0.0,2025-09-26,0.0,0.0
"Feb 12, 2026 - Mar 15, 2026",Batana Hair oil pharase Manual,292247191707127,Phrase Keywords,465120102858213,batana,PHRASE,original batana oil,USD,9,1,0.1111111111111111,1.46,1.46,0,0.0,0,0.0,0.0,0.0,2026-02-12,0.0,0.0
"Sep 03, 2025 - Mar 20, 2026",Batana Hair oil Exact Manual,502286450850716,Exact Keywords,296070289941158,batama oil for hair growth,EXACT,batama oil for hair growth,USD,1855,13,0.007008086253369272,0.63154,8.21,1,9.99,1,1.21681,8.21,0.0,2025-09-03,0.8218218218218218,0.07692307692307693
"Sep 14, 2025 - Jan 21, 2026",BROAD MATCH CAMPAIGN,306896079483800,Broad Keyword,284907010614606,hair growth oil,BROAD,fari oil for hair growth,USD,129,2,0.015503875968992248,1.205,2.41,0,0.0,0,0.0,0.0,0.0,2025-09-14,0.0,0.0
"Sep 08, 2025 - Mar 15, 2026",BROAD MATCH CAMPAIGN,306896079483800,Broad Keyword,284907010614606,hair growth oil,BROAD,alma oil for hair growth,USD,968,2,0.002066115702479339,0.975,1.95,0,0.0,0,0.0,0.0,0.0,2025-09-08,0.0,0.0
"Jan 23, 2026 - Jan 27, 2026",Batana Oil Exact Ranking,116719674392449,High Intent,417102371297812,"keyword-group=""Keywords related to your product category""",TARGETING_EXPRESSION,alma oil,USD,72,1,0.013888888888888888,1.89,1.89,0,0.0,0,0.0,0.0,0.0,2026-01-23,0.0,0.0
"Sep 08, 2025 - Mar 19, 2026",BROAD MATCH CAMPAIGN,306896079483800,Broad Keyword,284907010614606,hair growth oil,BROAD,the main attraction hair growth oil,USD,131,1,0.007633587786259542,1.35,1.35,0,0.0,0,0.0,0.0,0.0,2025-09-08,0.0,0.0
"Sep 21, 2025 - Jan 22, 2026",Batana Hair oil pharase Manual,292247191707127,Phrase Keywords,465120102858213,hair moisturizer,PHRASE,shea yogurt hair moisturizer,USD,18,1,0.05555555555555555,0.7,0.7,0,0.0,0,0.0,0.0,0.0,2025-09-21,0.0,0.0
"Sep 10, 2025 - Jan 19, 2026",PRODUCT TARGETING EXACT CAMPAIGN,295732523762026,ASIN Exact targeting,517907737835689,"asin-expanded=""B01I2ZQJSG""",TARGETING_EXPRESSION,B07PW5D2P1,USD,22,1,0.045454545454545456,0.4,0.4,0,0.0,0,0.0,0.0,0.0,2025-09-10,0.0,0.0
"Mar 05, 2026 - Mar 18, 2026",Auto Campaign 1 Signal Capture,468170906203317,Ad Group - Signal Capture,297953927298564,substitutes,TARGETING_EXPRESSION_PREDEFINED,B00HDOZE5C,USD,47,1,0.02127659574468085,0.45,0.45,0,0.0,0,0.0,0.0,0.0,2026-03-05,0.0,0.0
"Feb 01, 2026 - Feb 01, 2026",Batana Oil Phrase Match,212832079341322,Batana Oil Phrase Match,450560731451216,hair oil,PHRASE,hair oil loss hair mielle,USD,1,1,1.0,0.15,0.15,0,0.0,0,0.0,0.0,0.0,2026-02-01,0.0,0.0
"Jul 04, 2025 - Mar 11, 2026",Auto Campaign 1 Signal Capture,468170906203317,Ad Group - Signal Capture,297953927298564,substitutes,TARGETING_EXPRESSION_PREDEFINED,B0CMXF1NK3,USD,361,3,0.008310249307479225,0.47,1.41,0,0.0,0,0.0,0.0,0.0,2025-07-04,0.0,0.0
"Sep 20, 2025 - Nov 08, 2025",Auto Campaign 1 Signal Capture,468170906203317,Ad Group - Signal Capture,297953927298564,substitutes,TARGETING_EXPRESSION_PREDEFINED,B0F7KB2NSX,USD,16,2,0.125,0.3,0.6,0,0.0,0,0.0,0.0,0.0,2025-09-20,0.0,0.0
"Aug 04, 2025 - Dec 04, 2025",Auto Campaign 1 Signal Capture,468170906203317,Ad Group - Signal Capture,297953927298564,substitutes,TARGETING_EXPRESSION_PREDEFINED,african pride hair products,USD,13,1,0.07692307692307693,0.51,0.51,0,0.0,0,0.0,0.0,0.0,2025-08-04,0.0,0.0
"Feb 11, 2026 - Mar 17, 2026",Auto Campaign 1 Signal Capture,468170906203317,Ad Group - Signal Capture,297953927298564,close-match,TARGETING_EXPRESSION_PREDEFINED,natural oils for hair,USD,6,1,0.16666666666666666,0.9,0.9,0,0.0,0,0.0,0.0,0.0,2026-02-11,0.0,0.0
"Nov 13, 2025 - Dec 04, 2025",PRODUCT TARGETING EXPANDED CAMPAIGN,488143762344483,ASIN Expanded targeting,501339022401488,"asin-expanded=""B01I2ZQJSG""",TARGETING_EXPRESSION,B01I2ZQJSG,USD,91,1,0.01098901098901099,0.5,0.5,0,0.0,0,0.0,0.0,0.0,2025-11-13,0.0,0.0
"Sep 27, 2025 - Sep 27, 2025",Auto Campaign 1 Signal Capture,468170906203317,Ad Group - Signal Capture,297953927298564,loose-match,TARGETING_EXPRESSION_PREDEFINED,stop hair growth,USD,1,1,1.0,0.55,0.55,0,0.0,0,0.0,0.0,0.0,2025-09-27,0.0,0.0
"Jan 23, 2026 - Feb 02, 2026",Batana Oil Exact Ranking,116719674392449,High Intent,417102371297812,"keyword-group=""Keywords related to your product category""",TARGETING_EXPRESSION,castor oil,USD,1756,2,0.0011389521640091116,1.605,3.21,0,0.0,0,0.0,0.0,0.0,2026-01-23,0.0,0.0
"Nov 09, 2025 - Nov 09, 2025",Batana Hair oil pharase Manual,292247191707127,Phrase Keywords,465120102858213,hair moisturizer,PHRASE,curly hair moisturizers,USD,1,1,1.0,0.55,0.55,0,0.0,0,0.0,0.0,0.0,2025-11-09,0.0,0.0
"Jan 31, 2026 - Feb 04, 2026",Batana Oil Phrase Match,212832079341322,Batana Oil Phrase Match,450560731451216,hair oil,PHRASE,difeel batana premium hair oil,USD,1,1,1.0,0.82,0.82,1,15.99,1,19.5,0.82,0.0,2026-01-31,0.05128205128205128,1.0
"Dec 03, 2025 - Mar 20, 2026",BROAD MATCH CAMPAIGN,306896079483800,Broad Keyword,284907010614606,hair growth batana oil,BROAD,batana natural hair growth oil,USD,741,4,0.005398110661268556,0.9875,3.95,0,0.0,0,0.0,0.0,0.0,2025-12-03,0.0,0.0
"Sep 07, 2025 - Jan 02, 2026",PRODUCT TARGETING EXACT CAMPAIGN,295732523762026,ASIN Exact targeting,517907737835689,"asin-expanded=""B0DCX7628T""",TARGETING_EXPRESSION,B0DZBQ28GR,USD,142,1,0.007042253521126761,0.85,0.85,0,0.0,0,0.0,0.0,0.0,2025-09-07,0.0,0.0
"Sep 07, 2025 - Mar 09, 2026",PRODUCT TARGETING EXACT CAMPAIGN,295732523762026,ASIN Exact targeting,517907737835689,"asin-expanded=""B0D6BMGP8Z""",TARGETING_EXPRESSION,B00J5RQ968,USD,273,1,0.003663003663003663,0.65,0.65,0,0.0,0,0.0,0.0,0.0,2025-09-07,0.0,0.0
"Sep 09, 2025 - Dec 14, 2025",BROAD MATCH CAMPAIGN,306896079483800,Broad Keyword,284907010614606,hair growth oil,BROAD,libby hair care hair growth oil kids,USD,5,1,0.2,0.56,0.56,0,0.0,0,0.0,0.0,0.0,2025-09-09,0.0,0.0
"Sep 04, 2025 - Sep 04, 2025",BROAD MATCH CAMPAIGN,306896079483800,Broad Keyword,284907010614606,batana oil hair,BROAD,batana oil for hair loss original,USD,1,1,1.0,1.9,1.9,0,0.0,0,0.0,0.0,0.0,2025-09-04,0.0,0.0
"Mar 04, 2026 - Mar 05, 2026",PRODUCT TARGETING EXACT CAMPAIGN,295732523762026,ASIN Exact targeting,517907737835689,"asin=""B01I2ZQJSG""",TARGETING_EXPRESSION,hair treatment for split ends,USD,2,1,0.5,1.2,1.2,0,0.0,0,0.0,0.0,0.0,2026-03-04,0.0,0.0
"Sep 05, 2025 - Jan 02, 2026",Batana Hair oil pharase Manual,292247191707127,Phrase Keywords,465120102858213,hair moisturizer,PHRASE,rosemary hair moisturizer,USD,10,1,0.1,0.6,0.6,0,0.0,0,0.0,0.0,0.0,2025-09-05,0.0,0.0
"Sep 04, 2025 - Mar 09, 2026",BROAD MATCH CAMPAIGN,306896079483800,Broad Keyword,284907010614606,hair growth,BROAD,hair growth oil,USD,4615,38,0.008234019501625136,0.64237,24.41,3,35.97,3,1.47358,8.13667,0.0,2025-09-04,0.678621073116486,0.07894736842105263
"Mar 04, 2026 - Mar 14, 2026",Auto Campaign 1 Signal Capture,468170906203317,Ad Group - Signal Capture,297953927298564,loose-match,TARGETING_EXPRESSION_PREDEFINED,ebin mousse,USD,13,1,0.07692307692307693,1.2,1.2,0,0.0,0,0.0,0.0,0.0,2026-03-04,0.0,0.0
"Sep 24, 2025 - Jan 04, 2026",Auto Campaign 1 Signal Capture,468170906203317,Ad Group - Signal Capture,297953927298564,loose-match,TARGETING_EXPRESSION_PREDEFINED,edge control for black women,USD,36,2,0.05555555555555555,0.55,1.1,0,0.0,0,0.0,0.0,0.0,2025-09-24,0.0,0.0
"Jul 04, 2025 - Mar 08, 2026",Auto Campaign 1 Signal Capture,468170906203317,Ad Group - Signal Capture,297953927298564,substitutes,TARGETING_EXPRESSION_PREDEFINED,B0DFMDFL8J,USD,46,1,0.021739130434782608,0.7,0.7,0,0.0,0,0.0,0.0,0.0,2025-07-04,0.0,0.0
"Feb 12, 2026 - Mar 10, 2026",Batana Hair oil pharase Manual,292247191707127,Phrase Keywords,465120102858213,batana,PHRASE,batana,USD,278,3,0.01079136690647482,1.91333,5.74,1,14.99,1,2.6115,5.74,0.0,2026-02-12,0.3829219479653102,0.3333333333333333
"Sep 06, 2025 - Mar 20, 2026",BROAD MATCH CAMPAIGN,306896079483800,Broad Keyword,284907010614606,hair growth,BROAD,hair growth lotion,USD,116,1,0.008620689655172414,1.05,1.05,0,0.0,0,0.0,0.0,0.0,2025-09-06,0.0,0.0
"Dec 11, 2025 - Dec 20, 2025",BROAD MATCH CAMPAIGN,306896079483800,Broad Keyword,284907010614606,hair growth oil,BROAD,castor oil shampoo for hair growth,USD,8,2,0.25,1.105,2.21,0,0.0,0,0.0,0.0,0.0,2025-12-11,0.0,0.0
"Sep 10, 2025 - Sep 10, 2025",BROAD MATCH CAMPAIGN,306896079483800,Broad Keyword,284907010614606,hair growth oil,BROAD,top ranking hair growth oil,USD,1,1,1.0,1.35,1.35,1,9.99,1,7.4,1.35,0.0,2025-09-10,0.13513513513513514,1.0
"Sep 15, 2025 - Jan 13, 2026",BROAD MATCH CAMPAIGN,306896079483800,Broad Keyword,284907010614606,hair growth,BROAD,minoxidil hair growth,USD,4,1,0.25,0.81,0.81,0,0.0,0,0.0,0.0,0.0,2025-09-15,0.0,0.0
"Sep 04, 2025 - Jan 20, 2026",Auto Campaign 1 Signal Capture,468170906203317,Ad Group - Signal Capture,297953927298564,substitutes,TARGETING_EXPRESSION_PREDEFINED,B00692Q9IU,USD,151,2,0.013245033112582781,0.5,1.0,0,0.0,0,0.0,0.0,0.0,2025-09-04,0.0,0.0
"Sep 23, 2025 - Jan 21, 2026",BROAD MATCH CAMPAIGN,306896079483800,Broad Keyword,284907010614606,hair moisturizer for men,BROAD,hair moisturizer,USD,52,1,0.019230769230769232,1.0,1.0,0,0.0,0,0.0,0.0,0.0,2025-09-23,0.0,0.0
"Dec 16, 2025 - Dec 31, 2025",BROAD MATCH CAMPAIGN,306896079483800,Broad Keyword,284907010614606,hair growth,BROAD,lllt hair growth,USD,2,1,0.5,0.65,0.65,0,0.0,0,0.0,0.0,0.0,2025-12-16,0.0,0.0
"Sep 27, 2025 - Sep 27, 2025",BROAD MATCH CAMPAIGN,306896079483800,Broad Keyword,284907010614606,men hair growth,BROAD,men's natural boar bristle bush for hair growth,USD,6,1,0.16666666666666666,1.12,1.12,0,0.0,0,0.0,0.0,0.0,2025-09-27,0.0,0.0
"Jan 23, 2026 - Mar 17, 2026",Batana Oil Exact Ranking,116719674392449,High Intent,417102371297812,batana oil for hair growth,EXACT,batana oil for hair growth,USD,3090,26,0.008414239482200648,1.70077,44.22,5,99.95,5,2.26029,8.844,0.0,2026-01-23,0.44242121060530265,0.19230769230769232
"Sep 02, 2025 - Nov 30, 2025",Auto Campaign 1 Signal Capture,468170906203317,Ad Group - Signal Capture,297953927298564,substitutes,TARGETING_EXPRESSION_PREDEFINED,B0FCZNPZ78,USD,19,1,0.05263157894736842,0.6,0.6,0,0.0,0,0.0,0.0,0.0,2025-09-02,0.0,0.0
"Nov 15, 2025 - Nov 15, 2025",BROAD MATCH CAMPAIGN,306896079483800,Broad Keyword,284907010614606,hair growth,BROAD,indian natural hair growth wash,USD,1,1,1.0,0.75,0.75,0,0.0,0,0.0,0.0,0.0,2025-11-15,0.0,0.0
"Sep 06, 2025 - Oct 12, 2025",BROAD MATCH CAMPAIGN,306896079483800,Broad Keyword,284907010614606,hair growth,BROAD,camille rose oil for hair growth,USD,11,1,0.09090909090909091,0.69,0.69,0,0.0,0,0.0,0.0,0.0,2025-09-06,0.0,0.0
"Nov 20, 2025 - Dec 11, 2025",BROAD MATCH CAMPAIGN,306896079483800,Broad Keyword,284907010614606,hair growth,BROAD,hair food growth,USD,2,1,0.5,1.06,1.06,0,0.0,0,0.0,0.0,0.0,2025-11-20,0.0,0.0
"Feb 01, 2026 - Feb 01, 2026",Auto Campaign 2 Cheap Discovery,163081140507766,Ad Group Cheap Discovery,391494289840856,loose-match,TARGETING_EXPRESSION_PREDEFINED,kiss edges unscented,USD,1,1,1.0,0.66,0.66,0,0.0,0,0.0,0.0,0.0,2026-02-01,0.0,0.0
"Sep 09, 2025 - Dec 31, 2025",PRODUCT TARGETING EXACT CAMPAIGN,295732523762026,ASIN Exact targeting,517907737835689,"asin-expanded=""B0D6BMGP8Z""",TARGETING_EXPRESSION,B004O9FBCK,USD,12,2,0.16666666666666666,0.575,1.15,0,0.0,0,0.0,0.0,0.0,2025-09-09,0.0,0.0
"Sep 09, 2025 - Mar 16, 2026",BROAD MATCH CAMPAIGN,306896079483800,Broad Keyword,284907010614606,hair growth oil,BROAD,barana oil for hair growth,USD,52,1,0.019230769230769232,2.08,2.08,1,16.99,1,8.16827,2.08,0.0,2025-09-09,0.12242495585638613,1.0
"Sep 08, 2025 - Jan 04, 2026",PRODUCT TARGETING EXACT CAMPAIGN,295732523762026,ASIN Exact targeting,517907737835689,"asin-expanded=""B0DCX7628T""",TARGETING_EXPRESSION,B0DGQCDWJY,USD,148,3,0.02027027027027027,0.76667,2.3,1,9.99,1,4.34348,2.3,0.0,2025-09-08,0.2302302302302302,0.3333333333333333
"Feb 13, 2026 - Mar 02, 2026",Batana Hair oil pharase Manual,292247191707127,Phrase Keywords,465120102858213,batana,PHRASE,no rinse batana oil,USD,5,1,0.2,2.25,2.25,0,0.0,0,0.0,0.0,0.0,2026-02-13,0.0,0.0
"Feb 22, 2026 - Feb 22, 2026",Batana Hair oil pharase Manual,292247191707127,Phrase Keywords,465120102858213,batana,PHRASE,tktalker raw batana oil for hair growth,USD,4,1,0.25,1.8,1.8,0,0.0,0,0.0,0.0,0.0,2026-02-22,0.0,0.0
"Aug 05, 2025 - Jan 19, 2026",Auto Campaign 1 Signal Capture,468170906203317,Ad Group - Signal Capture,297953927298564,substitutes,TARGETING_EXPRESSION_PREDEFINED,B000V8MTIC,USD,1572,13,0.00826972010178117,0.55615,7.23,1,11.99,1,1.65837,7.23,0.0,2025-08-05,0.6030025020850709,0.07692307692307693
"Dec 05, 2025 - Dec 15, 2025",BROAD MATCH CAMPAIGN,306896079483800,Broad Keyword,284907010614606,batana oil,BROAD,luxmiel batana oil,USD,3,2,0.6666666666666666,0.83,1.66,0,0.0,0,0.0,0.0,0.0,2025-12-05,0.0,0.0
"Jan 22, 2026 - Mar 05, 2026",Auto Campaign 2 Cheap Discovery,163081140507766,Ad Group Cheap Discovery,391494289840856,substitutes,TARGETING_EXPRESSION_PREDEFINED,bantan oil,USD,8,1,0.125,1.32,1.32,0,0.0,0,0.0,0.0,0.0,2026-01-22,0.0,0.0
"Sep 09, 2025 - Sep 17, 2025",PRODUCT TARGETING EXACT CAMPAIGN,295732523762026,ASIN Exact targeting,517907737835689,"asin-expanded=""B0DCX7628T""",TARGETING_EXPRESSION,B00J5RQ968,USD,233,4,0.017167381974248927,0.71,2.84,0,0.0,0,0.0,0.0,0.0,2025-09-09,0.0,0.0
"Sep 25, 2025 - Dec 22, 2025",BROAD MATCH CAMPAIGN,306896079483800,Broad Keyword,284907010614606,hair oil for hair growth,BROAD,batata oil for hair growth,USD,5,1,0.2,0.75,0.75,0,0.0,0,0.0,0.0,0.0,2025-09-25,0.0,0.0
"Sep 20, 2025 - Oct 29, 2025",Batana Hair oil pharase Manual,292247191707127,Phrase Keywords,465120102858213,hair growth products,PHRASE,horse hair growth products,USD,2,1,0.5,0.45,0.45,0,0.0,0,0.0,0.0,0.0,2025-09-20,0.0,0.0
"Mar 16, 2026 - Mar 16, 2026",BROAD MATCH CAMPAIGN,306896079483800,Broad Keyword,284907010614606,hair growth batana oil,BROAD,100 percent raw batana with no other ingredients,USD,1,1,1.0,0.85,0.85,1,19.99,1,23.51765,0.85,0.0,2026-03-16,0.04252126063031516,1.0
"Sep 30, 2025 - Oct 12, 2025",BROAD MATCH CAMPAIGN,306896079483800,Broad Keyword,284907010614606,hair growth,BROAD,wilde growth hair oil,USD,1,1,1.0,0.28,0.28,0,0.0,0,0.0,0.0,0.0,2025-09-30,0.0,0.0
"Dec 06, 2025 - Dec 07, 2025",BROAD MATCH CAMPAIGN,306896079483800,Broad Keyword,284907010614606,batana hair oil,BROAD,batana oil for gray hair,USD,18,1,0.05555555555555555,0.82,0.82,0,0.0,0,0.0,0.0,0.0,2025-12-06,0.0,0.0
"Sep 27, 2025 - Sep 27, 2025",BROAD MATCH CAMPAIGN,306896079483800,Broad Keyword,284907010614606,hair oil for hair growth,BROAD,long hair growth oil,USD,1,1,1.0,0.58,0.58,0,0.0,0,0.0,0.0,0.0,2025-09-27,0.0,0.0
"Sep 11, 2025 - Mar 17, 2026",BROAD MATCH CAMPAIGN,306896079483800,Broad Keyword,284907010614606,hair growth oil,BROAD,organic growth hair oil,USD,14,1,0.07142857142857142,0.82,0.82,0,0.0,0,0.0,0.0,0.0,2025-09-11,0.0,0.0
"Sep 10, 2025 - Jan 21, 2026",PRODUCT TARGETING EXACT CAMPAIGN,295732523762026,ASIN Exact targeting,517907737835689,"asin-expanded=""B01I2ZQJSG""",TARGETING_EXPRESSION,B09QLSBD9L,USD,158,2,0.012658227848101266,0.32,0.64,0,0.0,0,0.0,0.0,0.0,2025-09-10,0.0,0.0
"Sep 09, 2025 - Jan 02, 2026",BROAD MATCH CAMPAIGN,306896079483800,Broad Keyword,284907010614606,hair growth oil,BROAD,scalp massager hair growth oil,USD,167,3,0.017964071856287425,0.68667,2.06,0,0.0,0,0.0,0.0,0.0,2025-09-09,0.0,0.0
"Sep 24, 2025 - Jan 12, 2026",BROAD MATCH CAMPAIGN,306896079483800,Broad Keyword,284907010614606,mens hair growth products,BROAD,batana oil spoild,USD,6,1,0.16666666666666666,0.9,0.9,0,0.0,0,0.0,0.0,0.0,2025-09-24,0.0,0.0
"Sep 04, 2025 - Mar 17, 2026",Batana Hair oil Exact Manual,502286450850716,Exact Keywords,296070289941158,batana hair oil,EXACT,batana hair oil,USD,1549,10,0.006455777921239509,0.76,7.6,0,0.0,0,0.0,0.0,0.0,2025-09-04,0.0,0.0
"Dec 14, 2025 - Dec 14, 2025",BROAD MATCH CAMPAIGN,306896079483800,Broad Keyword,284907010614606,hair growth oil,BROAD,oil for 4c hair growth vegan,USD,1,1,1.0,1.5,1.5,0,0.0,0,0.0,0.0,0.0,2025-12-14,0.0,0.0
"Oct 12, 2025 - Jan 03, 2026",BROAD MATCH CAMPAIGN,306896079483800,Broad Keyword,284907010614606,hair growth,BROAD,serum for hair growth,USD,22,1,0.045454545454545456,0.3,0.3,0,0.0,0,0.0,0.0,0.0,2025-10-12,0.0,0.0
"Dec 12, 2025 - Dec 13, 2025",BROAD MATCH CAMPAIGN,306896079483800,Broad Keyword,284907010614606,hair growth oil,BROAD,thasila hair growth oil,USD,4,1,0.25,2.69,2.69,1,16.99,1,6.31599,2.69,0.0,2025-12-12,0.15832842848734552,1.0
"Sep 08, 2025 - Mar 16, 2026",BROAD MATCH CAMPAIGN,306896079483800,Broad Keyword,284907010614606,hair growth oil,BROAD,herbal hair growth oil,USD,152,1,0.006578947368421052,0.9,0.9,0,0.0,0,0.0,0.0,0.0,2025-09-08,0.0,0.0
"Sep 10, 2025 - Jan 10, 2026",PRODUCT TARGETING EXACT CAMPAIGN,295732523762026,ASIN Exact targeting,517907737835689,"asin-expanded=""B01I2ZQJSG""",TARGETING_EXPRESSION,B0083H8ASG,USD,437,1,0.002288329519450801,0.4,0.4,0,0.0,0,0.0,0.0,0.0,2025-09-10,0.0,0.0
"Sep 09, 2025 - Dec 11, 2025",BROAD MATCH CAMPAIGN,306896079483800,Broad Keyword,284907010614606,batana oil hair,BROAD,batana hair oil unscented,USD,3,1,0.3333333333333333,1.27,1.27,0,0.0,0,0.0,0.0,0.0,2025-09-09,0.0,0.0
"Sep 23, 2025 - Sep 23, 2025",Auto Campaign 1 Signal Capture,468170906203317,Ad Group - Signal Capture,297953927298564,loose-match,TARGETING_EXPRESSION_PREDEFINED,dynamic duo (edge control & growth oil) w/ free edge brush,USD,1,1,1.0,0.5,0.5,0,0.0,0,0.0,0.0,0.0,2025-09-23,0.0,0.0
"Mar 14, 2026 - Mar 14, 2026",Auto Campaign 2 Cheap Discovery,163081140507766,Ad Group Cheap Discovery,391494289840856,loose-match,TARGETING_EXPRESSION_PREDEFINED,balea feuchtigkeit haarmilch for hair,USD,1,1,1.0,0.25,0.25,0,0.0,0,0.0,0.0,0.0,2026-03-14,0.0,0.0
"Dec 27, 2025 - Dec 27, 2025",Auto Campaign 1 Signal Capture,468170906203317,Ad Group - Signal Capture,297953927298564,loose-match,TARGETING_EXPRESSION_PREDEFINED,hair oiling brush scalp direct,USD,1,1,1.0,0.5,0.5,0,0.0,0,0.0,0.0,0.0,2025-12-27,0.0,0.0
"Nov 18, 2025 - Nov 18, 2025",BROAD MATCH CAMPAIGN,306896079483800,Broad Keyword,284907010614606,hair growth oil,BROAD,hair food growth oil,USD,5,1,0.2,0.47,0.47,0,0.0,0,0.0,0.0,0.0,2025-11-18,0.0,0.0
"Nov 27, 2025 - Mar 08, 2026",PRODUCT TARGETING EXACT CAMPAIGN,295732523762026,ASIN Exact targeting,517907737835689,"asin-expanded=""B0DSHXCT4N""",TARGETING_EXPRESSION,B00J5RQ968,USD,312,1,0.003205128205128205,0.6,0.6,0,0.0,0,0.0,0.0,0.0,2025-11-27,0.0,0.0
"Jan 31, 2026 - Feb 04, 2026",Batana Oil Phrase Match,212832079341322,Batana Oil Phrase Match,450560731451216,growth,PHRASE,hair growth edge control,USD,4,1,0.25,0.92,0.92,0,0.0,0,0.0,0.0,0.0,2026-01-31,0.0,0.0
"Sep 09, 2025 - Sep 24, 2025",BROAD MATCH CAMPAIGN,306896079483800,Broad Keyword,284907010614606,hair growth oil,BROAD,batana oil with rosemary for hair growth,USD,45,2,0.044444444444444446,0.775,1.55,0,0.0,0,0.0,0.0,0.0,2025-09-09,0.0,0.0
"Feb 07, 2026 - Feb 12, 2026",Batana Hair oil pharase Manual,292247191707127,Phrase Keywords,465120102858213,batana oil for hair growth,PHRASE,lebanta batana oil for hair growth,USD,30,1,0.03333333333333333,0.57,0.57,0,0.0,0,0.0,0.0,0.0,2026-02-07,0.0,0.0
"Sep 03, 2025 - Mar 20, 2026",BROAD MATCH CAMPAIGN,306896079483800,Broad Keyword,284907010614606,hair growth,BROAD,hair serum for hair growth,USD,240,1,0.004166666666666667,1.2,1.2,0,0.0,0,0.0,0.0,0.0,2025-09-03,0.0,0.0
"Feb 15, 2026 - Mar 01, 2026",Batana Hair oil pharase Manual,292247191707127,Phrase Keywords,465120102858213,batana oil,PHRASE,leave in batana oil for hair growth,USD,20,1,0.05,2.25,2.25,0,0.0,0,0.0,0.0,0.0,2026-02-15,0.0,0.0
"Mar 08, 2026 - Mar 08, 2026",Auto Campaign 1 Signal Capture,468170906203317,Ad Group - Signal Capture,297953927298564,loose-match,TARGETING_EXPRESSION_PREDEFINED,batina cold pressed oil,USD,1,1,1.0,0.69,0.69,0,0.0,0,0.0,0.0,0.0,2026-03-08,0.0,0.0
"Jan 17, 2026 - Jan 17, 2026",BROAD MATCH CAMPAIGN,306896079483800,Broad Keyword,284907010614606,botana oil,BROAD,bantaba oil organic,USD,1,1,1.0,0.53,0.53,1,16.99,1,32.0566,0.53,0.0,2026-01-17,0.03119482048263685,1.0
"Feb 12, 2026 - Mar 17, 2026",Batana Hair oil pharase Manual,292247191707127,Phrase Keywords,465120102858213,batana,PHRASE,pure batana oil,USD,46,2,0.043478260869565216,2.74,5.48,0,0.0,0,0.0,0.0,0.0,2026-02-12,0.0,0.0
"Aug 30, 2025 - Jan 22, 2026",Batana Hair oil pharase Manual,292247191707127,Phrase Keywords,465120102858213,hair moisturizer,PHRASE,cantu hair moisturizer,USD,155,1,0.0064516129032258064,0.7,0.7,0,0.0,0,0.0,0.0,0.0,2025-08-30,0.0,0.0
"Jan 04, 2026 - Jan 04, 2026",PRODUCT TARGETING EXACT CAMPAIGN,295732523762026,ASIN Exact targeting,517907737835689,"asin-expanded=""B006FJPKT6""",TARGETING_EXPRESSION,B0G3X8M2VV,USD,1,1,1.0,0.4,0.4,0,0.0,0,0.0,0.0,0.0,2026-01-04,0.0,0.0
"Sep 08, 2025 - Nov 22, 2025",BROAD MATCH CAMPAIGN,306896079483800,Broad Keyword,284907010614606,hair growth oil,BROAD,edge hair growth oil,USD,419,1,0.002386634844868735,0.75,0.75,0,0.0,0,0.0,0.0,0.0,2025-09-08,0.0,0.0
"Jan 23, 2026 - Jan 23, 2026",Batana Oil Exact Ranking,116719674392449,High Intent,417102371297812,"keyword-group=""Keywords related to your product category""",TARGETING_EXPRESSION,coconut oil for hair.,USD,1,1,1.0,1.88,1.88,0,0.0,0,0.0,0.0,0.0,2026-01-23,0.0,0.0
"Nov 17, 2025 - Nov 18, 2025",PRODUCT TARGETING EXACT CAMPAIGN,295732523762026,ASIN Exact targeting,517907737835689,"asin-expanded=""B01I2ZQJSG""",TARGETING_EXPRESSION,B0FHKTFB5Y,USD,4,1,0.25,0.38,0.38,0,0.0,0,0.0,0.0,0.0,2025-11-17,0.0,0.0
"Nov 15, 2025 - Nov 15, 2025",BROAD MATCH CAMPAIGN,306896079483800,Broad Keyword,284907010614606,hair growth,BROAD,treatment for girl's hair growth,USD,2,1,0.5,1.17,1.17,0,0.0,0,0.0,0.0,0.0,2025-11-15,0.0,0.0
"Sep 25, 2025 - Mar 19, 2026",BROAD MATCH CAMPAIGN,306896079483800,Broad Keyword,284907010614606,hair oil for hair growth,BROAD,fro butter emu oil hair growth,USD,21,1,0.047619047619047616,0.7,0.7,0,0.0,0,0.0,0.0,0.0,2025-09-25,0.0,0.0
"Nov 30, 2025 - Dec 05, 2025",Auto Campaign 1 Signal Capture,468170906203317,Ad Group - Signal Capture,297953927298564,loose-match,TARGETING_EXPRESSION_PREDEFINED,andaluca oil,USD,3,1,0.3333333333333333,0.5,0.5,0,0.0,0,0.0,0.0,0.0,2025-11-30,0.0,0.0
"Sep 09, 2025 - Jan 03, 2026",BROAD MATCH CAMPAIGN,306896079483800,Broad Keyword,284907010614606,hair growth oil,BROAD,rosemary hair growth oil,USD,176,1,0.005681818181818182,1.04,1.04,0,0.0,0,0.0,0.0,0.0,2025-09-09,0.0,0.0
"Sep 08, 2025 - Sep 16, 2025",BROAD MATCH CAMPAIGN,306896079483800,Broad Keyword,284907010614606,hair growth oil,BROAD,amazon batana oil for hair growth,USD,3,1,0.3333333333333333,1.17,1.17,0,0.0,0,0.0,0.0,0.0,2025-09-08,0.0,0.0
"Dec 13, 2025 - Dec 14, 2025",BROAD MATCH CAMPAIGN,306896079483800,Broad Keyword,284907010614606,hair growth oil,BROAD,go ho hair growth oil,USD,2,1,0.5,1.0,1.0,0,0.0,0,0.0,0.0,0.0,2025-12-13,0.0,0.0
"Dec 13, 2025 - Mar 04, 2026",Auto Campaign 1 Signal Capture,468170906203317,Ad Group - Signal Capture,297953927298564,loose-match,TARGETING_EXPRESSION_PREDEFINED,chebe leave in conditioner,USD,13,1,0.07692307692307693,0.5,0.5,0,0.0,0,0.0,0.0,0.0,2025-12-13,0.0,0.0
"Sep 05, 2025 - Nov 29, 2025",BROAD MATCH CAMPAIGN,306896079483800,Broad Keyword,284907010614606,hair growth,BROAD,halogrow hair growth spray,USD,15,2,0.13333333333333333,0.595,1.19,0,0.0,0,0.0,0.0,0.0,2025-09-05,0.0,0.0
"Oct 01, 2025 - Mar 12, 2026",PRODUCT TARGETING EXACT CAMPAIGN,295732523762026,ASIN Exact targeting,517907737835689,"asin-expanded=""B000V8MTIC""",TARGETING_EXPRESSION,B07FDKLYPT,USD,100,7,0.07,0.56714,3.97,1,16.99,1,4.2796,3.97,0.0,2025-10-01,0.23366686286050622,0.14285714285714285
"Jan 24, 2026 - Jan 25, 2026",Batana Oil Exact Ranking,116719674392449,High Intent,417102371297812,"keyword-group=""Keywords related to your product category""",TARGETING_EXPRESSION,amla oil hair growth,USD,9,1,0.1111111111111111,2.04,2.04,0,0.0,0,0.0,0.0,0.0,2026-01-24,0.0,0.0
"Sep 02, 2025 - Mar 18, 2026",Batana Hair oil pharase Manual,292247191707127,Phrase Keywords,465120102858213,hair moisturizer,PHRASE,daily hair moisturizer for black women,USD,232,3,0.01293103448275862,0.68,2.04,0,0.0,0,0.0,0.0,0.0,2025-09-02,0.0,0.0
"Mar 05, 2026 - Mar 07, 2026",Auto Campaign 1 Signal Capture,468170906203317,Ad Group - Signal Capture,297953927298564,substitutes,TARGETING_EXPRESSION_PREDEFINED,indigenous hair,USD,3,1,0.3333333333333333,0.23,0.23,0,0.0,0,0.0,0.0,0.0,2026-03-05,0.0,0.0
"Sep 09, 2025 - Sep 12, 2025",BROAD MATCH CAMPAIGN,306896079483800,Broad Keyword,284907010614606,hair growth oil,BROAD,ugeizfld batana oil for hair growth,USD,4,1,0.25,0.7,0.7,0,0.0,0,0.0,0.0,0.0,2025-09-09,0.0,0.0
"Mar 12, 2026 - Mar 12, 2026",PRODUCT TARGETING EXACT CAMPAIGN,295732523762026,ASIN Exact targeting,517907737835689,"asin=""B0DSCKBJLD""",TARGETING_EXPRESSION,bask and lather hair for women,USD,1,1,1.0,0.8,0.8,0,0.0,0,0.0,0.0,0.0,2026-03-12,0.0,0.0
"Sep 02, 2025 - Mar 06, 2026",Auto Campaign 1 Signal Capture,468170906203317,Ad Group - Signal Capture,297953927298564,substitutes,TARGETING_EXPRESSION_PREDEFINED,B0DGQY77RC,USD,459,1,0.002178649237472767,0.6,0.6,0,0.0,0,0.0,0.0,0.0,2025-09-02,0.0,0.0
"Jan 27, 2026 - Feb 12, 2026",Batana Oil Phrase Match,212832079341322,Batana Oil Phrase Match,450560731451216,"keyword-group=""Keywords related to your product category""",TARGETING_EXPRESSION,batana oil,USD,2955,2,0.0006768189509306261,1.06,2.12,2,31.98,2,15.08491,1.06,0.0,2026-01-27,0.06629143214509069,1.0
"Dec 03, 2025 - Mar 16, 2026",PRODUCT TARGETING EXACT CAMPAIGN,295732523762026,ASIN Exact targeting,517907737835689,"asin-expanded=""B000V8MTIC""",TARGETING_EXPRESSION,B0753Q75KZ,USD,6,1,0.16666666666666666,0.28,0.28,0,0.0,0,0.0,0.0,0.0,2025-12-03,0.0,0.0
"Dec 10, 2025 - Dec 10, 2025",BROAD MATCH CAMPAIGN,306896079483800,Broad Keyword,284907010614606,hair growth oil,BROAD,grow strong mafura - natural hair growth oil,USD,2,1,0.5,0.74,0.74,0,0.0,0,0.0,0.0,0.0,2025-12-10,0.0,0.0
"Sep 15, 2025 - Jan 16, 2026",PRODUCT TARGETING EXACT CAMPAIGN,295732523762026,ASIN Exact targeting,517907737835689,"asin-expanded=""B01I2ZQJSG""",TARGETING_EXPRESSION,B0CGKRDWGB,USD,65,1,0.015384615384615385,0.4,0.4,0,0.0,0,0.0,0.0,0.0,2025-09-15,0.0,0.0
"Sep 21, 2025 - Dec 13, 2025",BROAD MATCH CAMPAIGN,306896079483800,Broad Keyword,284907010614606,batana oil,BROAD,barbari batana oil,USD,23,1,0.043478260869565216,1.12,1.12,0,0.0,0,0.0,0.0,0.0,2025-09-21,0.0,0.0
"Feb 12, 2026 - Mar 17, 2026",Batana Hair oil pharase Manual,292247191707127,Phrase Keywords,465120102858213,batana,PHRASE,ufna batana oil,USD,65,1,0.015384615384615385,2.1,2.1,0,0.0,0,0.0,0.0,0.0,2026-02-12,0.0,0.0
"Sep 11, 2025 - Dec 15, 2025",BROAD MATCH CAMPAIGN,306896079483800,Broad Keyword,284907010614606,hair growth oil,BROAD,batana oil for hair growth richgrand,USD,649,4,0.0061633281972265025,1.005,4.02,0,0.0,0,0.0,0.0,0.0,2025-09-11,0.0,0.0
"Sep 05, 2025 - Sep 05, 2025",Batana Hair oil pharase Manual,292247191707127,Phrase Keywords,465120102858213,hair growth,PHRASE,fertilizer hair growth,USD,1,1,1.0,0.6,0.6,0,0.0,0,0.0,0.0,0.0,2025-09-05,0.0,0.0
"Oct 21, 2025 - Nov 10, 2025",Auto Campaign 1 Signal Capture,468170906203317,Ad Group - Signal Capture,297953927298564,substitutes,TARGETING_EXPRESSION_PREDEFINED,B0FJYLRPG3,USD,2,1,0.5,0.23,0.23,0,0.0,0,0.0,0.0,0.0,2025-10-21,0.0,0.0
"Sep 18, 2025 - Sep 18, 2025",Auto Campaign 1 Signal Capture,468170906203317,Ad Group - Signal Capture,297953927298564,loose-match,TARGETING_EXPRESSION_PREDEFINED,shea moisture strengthen grow and restore edge treatment,USD,1,1,1.0,0.42,0.42,0,0.0,0,0.0,0.0,0.0,2025-09-18,0.0,0.0
"Oct 17, 2025 - Dec 10, 2025",BROAD MATCH CAMPAIGN,306896079483800,Broad Keyword,284907010614606,batana oil,BROAD,batana oil dersie,USD,15,1,0.06666666666666667,0.52,0.52,0,0.0,0,0.0,0.0,0.0,2025-10-17,0.0,0.0
"Sep 08, 2025 - Dec 14, 2025",BROAD MATCH CAMPAIGN,306896079483800,Broad Keyword,284907010614606,hair growth oil,BROAD,fadelo batana oil for hair growth,USD,85,2,0.023529411764705882,0.97,1.94,0,0.0,0,0.0,0.0,0.0,2025-09-08,0.0,0.0
"Sep 03, 2025 - Mar 19, 2026",BROAD MATCH CAMPAIGN,306896079483800,Broad Keyword,284907010614606,hair growth oil,BROAD,ayurvedic hair growth oil,USD,303,1,0.0033003300330033004,0.57,0.57,0,0.0,0,0.0,0.0,0.0,2025-09-03,0.0,0.0
"Sep 23, 2025 - Mar 04, 2026",Auto Campaign 1 Signal Capture,468170906203317,Ad Group - Signal Capture,297953927298564,loose-match,TARGETING_EXPRESSION_PREDEFINED,botana oil from honduras,USD,18,1,0.05555555555555555,1.2,1.2,0,0.0,0,0.0,0.0,0.0,2025-09-23,0.0,0.0
"Mar 01, 2026 - Mar 01, 2026",Auto Campaign 1 Signal Capture,468170906203317,Ad Group - Signal Capture,297953927298564,loose-match,TARGETING_EXPRESSION_PREDEFINED,head massager scalp hair growth,USD,1,1,1.0,2.28,2.28,0,0.0,0,0.0,0.0,0.0,2026-03-01,0.0,0.0
"Dec 04, 2025 - Dec 06, 2025",PRODUCT TARGETING EXPANDED CAMPAIGN,488143762344483,ASIN Expanded targeting,501339022401488,"asin-expanded=""B0DZDV2FLB""",TARGETING_EXPRESSION,B0DSBHKGM6,USD,27,1,0.037037037037037035,0.45,0.45,0,0.0,0,0.0,0.0,0.0,2025-12-04,0.0,0.0
"Sep 02, 2025 - Jan 12, 2026",Auto Campaign 1 Signal Capture,468170906203317,Ad Group - Signal Capture,297953927298564,loose-match,TARGETING_EXPRESSION_PREDEFINED,grow edges fast for black women,USD,199,7,0.035175879396984924,0.45714,3.2,0,0.0,0,0.0,0.0,0.0,2025-09-02,0.0,0.0
"Aug 31, 2025 - Sep 08, 2025",PRODUCT TARGETING EXACT CAMPAIGN,295732523762026,ASIN Exact targeting,517907737835689,"asin-expanded=""B0DZDV2FLB""",TARGETING_EXPRESSION,B000V8MTIC,USD,53,2,0.03773584905660377,0.72,1.44,0,0.0,0,0.0,0.0,0.0,2025-08-31,0.0,0.0
"Sep 11, 2025 - Sep 19, 2025",BROAD MATCH CAMPAIGN,306896079483800,Broad Keyword,284907010614606,hair growth oil,BROAD,botanica botana oil hair growth,USD,4,1,0.25,1.35,1.35,0,0.0,0,0.0,0.0,0.0,2025-09-11,0.0,0.0
"Nov 16, 2025 - Jan 21, 2026",Auto Campaign 1 Signal Capture,468170906203317,Ad Group - Signal Capture,297953927298564,substitutes,TARGETING_EXPRESSION_PREDEFINED,dadi oil,USD,51,1,0.0196078431372549,0.5,0.5,0,0.0,0,0.0,0.0,0.0,2025-11-16,0.0,0.0
"Feb 01, 2026 - Feb 01, 2026",Auto Campaign 2 Cheap Discovery,163081140507766,Ad Group Cheap Discovery,391494289840856,loose-match,TARGETING_EXPRESSION_PREDEFINED,batana hair oil for me 8oz not for growth,USD,1,1,1.0,0.66,0.66,0,0.0,0,0.0,0.0,0.0,2026-02-01,0.0,0.0
"Oct 19, 2025 - Oct 19, 2025",Auto Campaign 1 Signal Capture,468170906203317,Ad Group - Signal Capture,297953927298564,loose-match,TARGETING_EXPRESSION_PREDEFINED,herbal for curls,USD,1,1,1.0,0.45,0.45,0,0.0,0,0.0,0.0,0.0,2025-10-19,0.0,0.0
"Jul 09, 2025 - Feb 09, 2026",Auto Campaign 1 Signal Capture,468170906203317,Ad Group - Signal Capture,297953927298564,close-match,TARGETING_EXPRESSION_PREDEFINED,natural hair growth,USD,74,1,0.013513513513513514,1.23,1.23,0,0.0,0,0.0,0.0,0.0,2025-07-09,0.0,0.0
"Sep 01, 2025 - Sep 15, 2025",Auto Campaign 1 Signal Capture,468170906203317,Ad Group - Signal Capture,297953927298564,substitutes,TARGETING_EXPRESSION_PREDEFINED,B0D8PWY5N8,USD,3,1,0.3333333333333333,0.65,0.65,0,0.0,0,0.0,0.0,0.0,2025-09-01,0.0,0.0
"Sep 27, 2025 - Sep 27, 2025",Auto Campaign 1 Signal Capture,468170906203317,Ad Group - Signal Capture,297953927298564,loose-match,TARGETING_EXPRESSION_PREDEFINED,hair growth products african american,USD,1,1,1.0,0.55,0.55,0,0.0,0,0.0,0.0,0.0,2025-09-27,0.0,0.0
"Feb 04, 2026 - Feb 04, 2026",Auto Campaign 2 Cheap Discovery,163081140507766,Ad Group Cheap Discovery,391494289840856,loose-match,TARGETING_EXPRESSION_PREDEFINED,shadavi hair elixir,USD,1,1,1.0,0.63,0.63,0,0.0,0,0.0,0.0,0.0,2026-02-04,0.0,0.0
"Feb 12, 2026 - Mar 02, 2026",Batana Hair oil pharase Manual,292247191707127,Phrase Keywords,465120102858213,batana,PHRASE,batana oil shampoo,USD,60,1,0.016666666666666666,2.79,2.79,0,0.0,0,0.0,0.0,0.0,2026-02-12,0.0,0.0
"Jan 08, 2026 - Jan 08, 2026",Batana Hair oil pharase Manual,292247191707127,Phrase Keywords,465120102858213,hair growth,PHRASE,black girl magic hair growth,USD,1,1,1.0,0.65,0.65,0,0.0,0,0.0,0.0,0.0,2026-01-08,0.0,0.0
"Sep 10, 2025 - Sep 17, 2025",PRODUCT TARGETING EXACT CAMPAIGN,295732523762026,ASIN Exact targeting,517907737835689,"asin-expanded=""B0DCX7628T""",TARGETING_EXPRESSION,B0F9XFGYVB,USD,10,1,0.1,0.73,0.73,0,0.0,0,0.0,0.0,0.0,2025-09-10,0.0,0.0
"Sep 04, 2025 - Dec 13, 2025",BROAD MATCH CAMPAIGN,306896079483800,Broad Keyword,284907010614606,hair growth,BROAD,hair oils for hair growth,USD,1566,2,0.001277139208173691,0.825,1.65,1,9.99,1,6.05455,1.65,0.0,2025-09-04,0.16516516516516516,0.5
"Sep 03, 2025 - Oct 26, 2025",PRODUCT TARGETING EXACT CAMPAIGN,295732523762026,ASIN Exact targeting,517907737835689,"asin-expanded=""B0DL5LB7JH""",TARGETING_EXPRESSION,B002US06CW,USD,26,1,0.038461538461538464,0.35,0.35,0,0.0,0,0.0,0.0,0.0,2025-09-03,0.0,0.0
"Sep 22, 2025 - Sep 27, 2025",PRODUCT TARGETING EXACT CAMPAIGN,295732523762026,ASIN Exact targeting,517907737835689,"asin=""B0D6BMGP8Z""",TARGETING_EXPRESSION,natural hair products,USD,4,1,0.25,0.55,0.55,0,0.0,0,0.0,0.0,0.0,2025-09-22,0.0,0.0
"Feb 12, 2026 - Mar 16, 2026",Batana Hair oil pharase Manual,292247191707127,Phrase Keywords,465120102858213,batana,PHRASE,batana oil from honduras,USD,37,3,0.08108108108108109,2.85333,8.56,0,0.0,0,0.0,0.0,0.0,2026-02-12,0.0,0.0
"Sep 07, 2025 - Mar 11, 2026",PRODUCT TARGETING EXACT CAMPAIGN,295732523762026,ASIN Exact targeting,517907737835689,"asin-expanded=""B0D6BMGP8Z""",TARGETING_EXPRESSION,B0C6VW7VJV,USD,26,1,0.038461538461538464,0.65,0.65,0,0.0,0,0.0,0.0,0.0,2025-09-07,0.0,0.0
"Sep 26, 2025 - Sep 27, 2025",PRODUCT TARGETING EXACT CAMPAIGN,295732523762026,ASIN Exact targeting,517907737835689,"asin-expanded=""B01I2ZQJSG""",TARGETING_EXPRESSION,B09MSM5X6C,USD,2,1,0.5,0.45,0.45,0,0.0,0,0.0,0.0,0.0,2025-09-26,0.0,0.0
"Aug 29, 2025 - Mar 10, 2026",Batana Hair oil pharase Manual,292247191707127,Phrase Keywords,465120102858213,hair growth,PHRASE,batama oil for hair growth,USD,27,1,0.037037037037037035,0.8,0.8,0,0.0,0,0.0,0.0,0.0,2025-08-29,0.0,0.0
"Dec 08, 2025 - Dec 08, 2025",Auto Campaign 1 Signal Capture,468170906203317,Ad Group - Signal Capture,297953927298564,loose-match,TARGETING_EXPRESSION_PREDEFINED,"black hair pomade for women oil olive , honey,",USD,1,1,1.0,0.45,0.45,0,0.0,0,0.0,0.0,0.0,2025-12-08,0.0,0.0
"Sep 08, 2025 - Sep 22, 2025",BROAD MATCH CAMPAIGN,306896079483800,Broad Keyword,284907010614606,hair growth oil,BROAD,wiqeerilly batana oil for hair growth,USD,32,1,0.03125,1.3,1.3,0,0.0,0,0.0,0.0,0.0,2025-09-08,0.0,0.0
"Sep 26, 2025 - Jan 14, 2026",Batana Hair oil pharase Manual,292247191707127,Phrase Keywords,465120102858213,hair moisturizer,PHRASE,hair moisturizers for black women,USD,14,1,0.07142857142857142,0.8,0.8,0,0.0,0,0.0,0.0,0.0,2025-09-26,0.0,0.0
"Sep 09, 2025 - Sep 21, 2025",BROAD MATCH CAMPAIGN,306896079483800,Broad Keyword,284907010614606,hair growth oil,BROAD,syren batana oil for hair growth,USD,4,1,0.25,1.12,1.12,0,0.0,0,0.0,0.0,0.0,2025-09-09,0.0,0.0
"Jan 29, 2026 - Feb 05, 2026",Batana Oil Phrase Match,212832079341322,Batana Oil Phrase Match,450560731451216,"keyword-group=""Keywords related to your product category""",TARGETING_EXPRESSION,hair oil for black women,USD,13,1,0.07692307692307693,1.06,1.06,0,0.0,0,0.0,0.0,0.0,2026-01-29,0.0,0.0
"Sep 05, 2025 - Sep 18, 2025",PRODUCT TARGETING EXACT CAMPAIGN,295732523762026,ASIN Exact targeting,517907737835689,"asin-expanded=""B0DZDV2FLB""",TARGETING_EXPRESSION,B074LZCVKC,USD,7,1,0.14285714285714285,0.54,0.54,0,0.0,0,0.0,0.0,0.0,2025-09-05,0.0,0.0
"Sep 05, 2025 - Dec 01, 2025",BROAD MATCH CAMPAIGN,306896079483800,Broad Keyword,284907010614606,batana oil,BROAD,artic beauty batana oil,USD,3,1,0.3333333333333333,0.82,0.82,0,0.0,0,0.0,0.0,0.0,2025-09-05,0.0,0.0
"Sep 05, 2025 - Sep 07, 2025",Batana Hair oil pharase Manual,292247191707127,Phrase Keywords,465120102858213,hair growth oil,PHRASE,palmers hair growth oil,USD,13,1,0.07692307692307693,0.78,0.78,0,0.0,0,0.0,0.0,0.0,2025-09-05,0.0,0.0
"Sep 06, 2025 - Mar 11, 2026",BROAD MATCH CAMPAIGN,306896079483800,Broad Keyword,284907010614606,hair growth,BROAD,scalp stimulator hair growth,USD,27,1,0.037037037037037035,0.52,0.52,0,0.0,0,0.0,0.0,0.0,2025-09-06,0.0,0.0
"Sep 26, 2025 - Sep 26, 2025",Auto Campaign 1 Signal Capture,468170906203317,Ad Group - Signal Capture,297953927298564,loose-match,TARGETING_EXPRESSION_PREDEFINED,natural growth hair oilwith amla,USD,1,1,1.0,0.55,0.55,0,0.0,0,0.0,0.0,0.0,2025-09-26,0.0,0.0
"Jan 31, 2026 - Mar 20, 2026",Auto Campaign 2 Cheap Discovery,163081140507766,Ad Group Cheap Discovery,391494289840856,close-match,TARGETING_EXPRESSION_PREDEFINED,thick oil,USD,6,1,0.16666666666666666,0.99,0.99,0,0.0,0,0.0,0.0,0.0,2026-01-31,0.0,0.0
"Nov 16, 2025 - Nov 16, 2025",BROAD MATCH CAMPAIGN,306896079483800,Broad Keyword,284907010614606,hair growth,BROAD,hair protein for hair growth,USD,1,1,1.0,1.2,1.2,0,0.0,0,0.0,0.0,0.0,2025-11-16,0.0,0.0
"Feb 05, 2026 - Feb 05, 2026",Auto Campaign 2 Cheap Discovery,163081140507766,Ad Group Cheap Discovery,391494289840856,loose-match,TARGETING_EXPRESSION_PREDEFINED,kiss color&care multivitamin oil for hair,USD,1,1,1.0,0.66,0.66,0,0.0,0,0.0,0.0,0.0,2026-02-05,0.0,0.0
"Dec 10, 2025 - Mar 17, 2026",BROAD MATCH CAMPAIGN,306896079483800,Broad Keyword,284907010614606,mens hair growth products,BROAD,hair growth,USD,616,7,0.011363636363636364,0.75,5.25,2,33.98,2,6.47238,2.625,0.0,2025-12-10,0.15450264861683344,0.2857142857142857
"Oct 12, 2025 - Oct 13, 2025",BROAD MATCH CAMPAIGN,306896079483800,Broad Keyword,284907010614606,hair growth,BROAD,dream girls hair growth products,USD,62,1,0.016129032258064516,0.45,0.45,0,0.0,0,0.0,0.0,0.0,2025-10-12,0.0,0.0
"Feb 12, 2026 - Mar 02, 2026",Batana Hair oil pharase Manual,292247191707127,Phrase Keywords,465120102858213,batana oil,PHRASE,raw batana oil for hair growth,USD,44,1,0.022727272727272728,1.5,1.5,0,0.0,0,0.0,0.0,0.0,2026-02-12,0.0,0.0
"Sep 02, 2025 - Jan 18, 2026",Batana Hair oil pharase Manual,292247191707127,Phrase Keywords,465120102858213,hair growth,PHRASE,hair growth cream,USD,42,1,0.023809523809523808,0.41,0.41,0,0.0,0,0.0,0.0,0.0,2025-09-02,0.0,0.0
"Sep 08, 2025 - Jan 15, 2026",BROAD MATCH CAMPAIGN,306896079483800,Broad Keyword,284907010614606,hair growth oil,BROAD,vital affair rosemary oil for hair growth,USD,427,3,0.00702576112412178,0.99,2.97,0,0.0,0,0.0,0.0,0.0,2025-09-08,0.0,0.0
"Mar 08, 2026 - Mar 08, 2026",Auto Campaign 1 Signal Capture,468170906203317,Ad Group - Signal Capture,297953927298564,loose-match,TARGETING_EXPRESSION_PREDEFINED,essential palace organic mango hemp oil miracle hairpomade,USD,1,1,1.0,0.69,0.69,0,0.0,0,0.0,0.0,0.0,2026-03-08,0.0,0.0
"Sep 06, 2025 - Oct 25, 2025",BROAD MATCH CAMPAIGN,306896079483800,Broad Keyword,284907010614606,hair growth,BROAD,kemiri oil for hair growth,USD,10,1,0.1,0.52,0.52,0,0.0,0,0.0,0.0,0.0,2025-09-06,0.0,0.0
"Dec 13, 2025 - Jan 21, 2026",BROAD MATCH CAMPAIGN,306896079483800,Broad Keyword,284907010614606,hair growth oil,BROAD,kerry berry hair growth oil and thicken paste,USD,8,1,0.125,1.5,1.5,1,16.99,1,11.32667,1.5,0.0,2025-12-13,0.08828722778104768,1.0
"Jul 01, 2025 - Feb 28, 2026",Auto Campaign 1 Signal Capture,468170906203317,Ad Group - Signal Capture,297953927298564,close-match,TARGETING_EXPRESSION_PREDEFINED,batana,USD,473,5,0.010570824524312896,1.354,6.77,1,14.99,1,2.21418,6.77,0.0,2025-07-01,0.4516344229486324,0.2
"Jul 04, 2025 - Mar 11, 2026",Auto Campaign 1 Signal Capture,468170906203317,Ad Group - Signal Capture,297953927298564,loose-match,TARGETING_EXPRESSION_PREDEFINED,indian hemp hair grease,USD,72,1,0.013888888888888888,0.5,0.5,0,0.0,0,0.0,0.0,0.0,2025-07-04,0.0,0.0
"Jul 04, 2025 - Feb 18, 2026",Auto Campaign 1 Signal Capture,468170906203317,Ad Group - Signal Capture,297953927298564,close-match,TARGETING_EXPRESSION_PREDEFINED,hair oil,USD,205,1,0.004878048780487805,0.0,0.0,0,0.0,0,0.0,0.0,0.0,2025-07-04,0.0,0.0
"Aug 31, 2025 - Sep 07, 2025",PRODUCT TARGETING EXACT CAMPAIGN,295732523762026,ASIN Exact targeting,517907737835689,"asin-expanded=""B0DW3YH4WH""",TARGETING_EXPRESSION,B0DW3YH4WH,USD,9,1,0.1111111111111111,0.75,0.75,0,0.0,0,0.0,0.0,0.0,2025-08-31,0.0,0.0
"Feb 12, 2026 - Mar 16, 2026",Batana Hair oil pharase Manual,292247191707127,Phrase Keywords,465120102858213,batana,PHRASE,ariyv batana oil,USD,191,1,0.005235602094240838,2.25,2.25,0,0.0,0,0.0,0.0,0.0,2026-02-12,0.0,0.0
"Dec 16, 2025 - Mar 19, 2026",Auto Campaign 1 Signal Capture,468170906203317,Ad Group - Signal Capture,297953927298564,loose-match,TARGETING_EXPRESSION_PREDEFINED,crochet twists pre looped,USD,128,1,0.0078125,0.5,0.5,0,0.0,0,0.0,0.0,0.0,2025-12-16,0.0,0.0
"Oct 19, 2025 - Jan 04, 2026",Auto Campaign 1 Signal Capture,468170906203317,Ad Group - Signal Capture,297953927298564,substitutes,TARGETING_EXPRESSION_PREDEFINED,B07L437P21,USD,21,1,0.047619047619047616,0.5,0.5,0,0.0,0,0.0,0.0,0.0,2025-10-19,0.0,0.0
"Sep 09, 2025 - Jan 17, 2026",BROAD MATCH CAMPAIGN,306896079483800,Broad Keyword,284907010614606,hair growth oil,BROAD,100% raw botana oil hair growth,USD,2,1,0.5,0.65,0.65,0,0.0,0,0.0,0.0,0.0,2025-09-09,0.0,0.0
"Sep 08, 2025 - Sep 17, 2025",BROAD MATCH CAMPAIGN,306896079483800,Broad Keyword,284907010614606,hair growth oil,BROAD,women hair growth oil,USD,59,2,0.03389830508474576,0.755,1.51,0,0.0,0,0.0,0.0,0.0,2025-09-08,0.0,0.0
"Sep 08, 2025 - Sep 18, 2025",BROAD MATCH CAMPAIGN,306896079483800,Broad Keyword,284907010614606,hair growth oil,BROAD,lifewit queenp hair growth oil,USD,3,1,0.3333333333333333,1.35,1.35,0,0.0,0,0.0,0.0,0.0,2025-09-08,0.0,0.0
"Feb 16, 2026 - Feb 16, 2026",Batana Hair oil pharase Manual,292247191707127,Phrase Keywords,465120102858213,batana oil,PHRASE,amazon batana oil for hair growth,USD,1,1,1.0,3.1,3.1,0,0.0,0,0.0,0.0,0.0,2026-02-16,0.0,0.0
"Dec 28, 2025 - Jan 07, 2026",Auto Campaign 1 Signal Capture,468170906203317,Ad Group - Signal Capture,297953927298564,substitutes,TARGETING_EXPRESSION_PREDEFINED,B00NFUEOIG,USD,3,1,0.3333333333333333,0.5,0.5,0,0.0,0,0.0,0.0,0.0,2025-12-28,0.0,0.0
"Oct 31, 2025 - Mar 16, 2026",PRODUCT TARGETING EXACT CAMPAIGN,295732523762026,ASIN Exact targeting,517907737835689,"asin-expanded=""B0DCX7628T""",TARGETING_EXPRESSION,B074LVYZDJ,USD,81,1,0.012345679012345678,0.75,0.75,0,0.0,0,0.0,0.0,0.0,2025-10-31,0.0,0.0
"Oct 18, 2025 - Jan 22, 2026",BROAD MATCH CAMPAIGN,306896079483800,Broad Keyword,284907010614606,batana oil shampoo,BROAD,batana shampoo and conditioner,USD,5,1,0.2,1.0,1.0,1,16.99,1,16.99,1.0,0.0,2025-10-18,0.05885815185403179,1.0
"Feb 15, 2026 - Mar 10, 2026",Batana Hair oil pharase Manual,292247191707127,Phrase Keywords,465120102858213,batana oil,PHRASE,spoiled batana oil,USD,17,1,0.058823529411764705,2.99,2.99,0,0.0,0,0.0,0.0,0.0,2026-02-15,0.0,0.0
"Dec 09, 2025 - Jan 21, 2026",Auto Campaign 1 Signal Capture,468170906203317,Ad Group - Signal Capture,297953927298564,substitutes,TARGETING_EXPRESSION_PREDEFINED,B0FV92543M,USD,303,2,0.006600660066006601,0.085,0.17,1,16.99,1,99.94118,0.17,0.0,2025-12-09,0.010005885815185404,0.5
"Sep 01, 2025 - Jan 19, 2026",Auto Campaign 1 Signal Capture,468170906203317,Ad Group - Signal Capture,297953927298564,substitutes,TARGETING_EXPRESSION_PREDEFINED,B0D8Y37L72,USD,32,1,0.03125,0.55,0.55,0,0.0,0,0.0,0.0,0.0,2025-09-01,0.0,0.0
"Feb 07, 2026 - Feb 09, 2026",Auto Campaign 1 Signal Capture,468170906203317,Ad Group - Signal Capture,297953927298564,close-match,TARGETING_EXPRESSION_PREDEFINED,thick hair oil,USD,4,1,0.25,1.33,1.33,0,0.0,0,0.0,0.0,0.0,2026-02-07,0.0,0.0
"Sep 05, 2025 - Oct 21, 2025",BROAD MATCH CAMPAIGN,306896079483800,Broad Keyword,284907010614606,hair growth,BROAD,olive oil for hair growth,USD,51,3,0.058823529411764705,0.57,1.71,0,0.0,0,0.0,0.0,0.0,2025-09-05,0.0,0.0
"Sep 07, 2025 - Mar 19, 2026",PRODUCT TARGETING EXACT CAMPAIGN,295732523762026,ASIN Exact targeting,517907737835689,"asin-expanded=""B0D6BMGP8Z""",TARGETING_EXPRESSION,B005IUGWD6,USD,476,3,0.0063025210084033615,0.39667,1.19,0,0.0,0,0.0,0.0,0.0,2025-09-07,0.0,0.0
"Oct 21, 2025 - Mar 14, 2026",Auto Campaign 1 Signal Capture,468170906203317,Ad Group - Signal Capture,297953927298564,substitutes,TARGETING_EXPRESSION_PREDEFINED,B00HZKIILQ,USD,36,1,0.027777777777777776,0.55,0.55,0,0.0,0,0.0,0.0,0.0,2025-10-21,0.0,0.0
"Sep 12, 2025 - Sep 16, 2025",BROAD MATCH CAMPAIGN,306896079483800,Broad Keyword,284907010614606,hair growth oil,BROAD,best hair growth oil for alopecia,USD,93,1,0.010752688172043012,0.89,0.89,0,0.0,0,0.0,0.0,0.0,2025-09-12,0.0,0.0
"Sep 10, 2025 - Dec 07, 2025",PRODUCT TARGETING EXACT CAMPAIGN,295732523762026,ASIN Exact targeting,517907737835689,"asin-expanded=""B0DCX7628T""",TARGETING_EXPRESSION,B0CN3V9WJY,USD,10,1,0.1,0.5,0.5,0,0.0,0,0.0,0.0,0.0,2025-09-10,0.0,0.0
"Jul 04, 2025 - Jan 20, 2026",Auto Campaign 1 Signal Capture,468170906203317,Ad Group - Signal Capture,297953927298564,substitutes,TARGETING_EXPRESSION_PREDEFINED,B0DWN9PL4J,USD,4,1,0.25,0.4,0.4,1,13.99,1,34.975,0.4,0.0,2025-07-04,0.028591851322373126,1.0
"Aug 06, 2025 - Jan 22, 2026",Auto Campaign 1 Signal Capture,468170906203317,Ad Group - Signal Capture,297953927298564,substitutes,TARGETING_EXPRESSION_PREDEFINED,B08ZCNH636,USD,98,4,0.04081632653061224,0.5025,2.01,0,0.0,0,0.0,0.0,0.0,2025-08-06,0.0,0.0
"Oct 30, 2025 - Dec 07, 2025",Batana Hair oil pharase Manual,292247191707127,Phrase Keywords,465120102858213,hair moisturizer,PHRASE,hair moisturizer kids,USD,19,1,0.05263157894736842,0.6,0.6,0,0.0,0,0.0,0.0,0.0,2025-10-30,0.0,0.0
"Nov 28, 2025 - Mar 15, 2026",PRODUCT TARGETING EXACT CAMPAIGN,295732523762026,ASIN Exact targeting,517907737835689,"asin-expanded=""B000V8MTIC""",TARGETING_EXPRESSION,B0DCX7628T,USD,620,3,0.004838709677419355,0.43667,1.31,0,0.0,0,0.0,0.0,0.0,2025-11-28,0.0,0.0
"Sep 02, 2025 - Dec 17, 2025",BROAD MATCH CAMPAIGN,306896079483800,Broad Keyword,284907010614606,batana oil hair,BROAD,batana oil for hair growth,USD,7783,37,0.004753950918668893,1.33027,49.22,1,16.99,1,0.34519,49.22,0.0,2025-09-02,2.896998234255445,0.02702702702702703
"Sep 08, 2025 - Mar 19, 2026",BROAD MATCH CAMPAIGN,306896079483800,Broad Keyword,284907010614606,hair growth oil,BROAD,fari oil hair growth oil,USD,709,2,0.0028208744710860366,1.08,2.16,0,0.0,0,0.0,0.0,0.0,2025-09-08,0.0,0.0
"Sep 29, 2025 - Oct 28, 2025",BROAD MATCH CAMPAIGN,306896079483800,Broad Keyword,284907010614606,hair growth,BROAD,rice oil for hair growth,USD,56,1,0.017857142857142856,0.52,0.52,0,0.0,0,0.0,0.0,0.0,2025-09-29,0.0,0.0
"Sep 07, 2025 - Dec 14, 2025",PRODUCT TARGETING EXACT CAMPAIGN,295732523762026,ASIN Exact targeting,517907737835689,"asin-expanded=""B0DCX7628T""",TARGETING_EXPRESSION,B0CMXF1NK3,USD,283,2,0.007067137809187279,0.76,1.52,0,0.0,0,0.0,0.0,0.0,2025-09-07,0.0,0.0
"Dec 10, 2025 - Jan 19, 2026",PRODUCT TARGETING EXACT CAMPAIGN,295732523762026,ASIN Exact targeting,517907737835689,"asin-expanded=""B0BCR43SCW""",TARGETING_EXPRESSION,B006J44BSI,USD,15,1,0.06666666666666667,0.4,0.4,0,0.0,0,0.0,0.0,0.0,2025-12-10,0.0,0.0
"Sep 03, 2025 - Sep 03, 2025",Auto Campaign 1 Signal Capture,468170906203317,Ad Group - Signal Capture,297953927298564,substitutes,TARGETING_EXPRESSION_PREDEFINED,B0F3DZ8QNH,USD,1,1,1.0,0.66,0.66,0,0.0,0,0.0,0.0,0.0,2025-09-03,0.0,0.0
"Feb 01, 2026 - Feb 05, 2026",Auto Campaign 2 Cheap Discovery,163081140507766,Ad Group Cheap Discovery,391494289840856,substitutes,TARGETING_EXPRESSION_PREDEFINED,B0CLFGSM5F,USD,3,1,0.3333333333333333,0.66,0.66,0,0.0,0,0.0,0.0,0.0,2026-02-01,0.0,0.0
"Sep 06, 2025 - Nov 22, 2025",BROAD MATCH CAMPAIGN,306896079483800,Broad Keyword,284907010614606,hair growth,BROAD,doo growth hair oil,USD,86,1,0.011627906976744186,0.52,0.52,0,0.0,0,0.0,0.0,0.0,2025-09-06,0.0,0.0
"Sep 08, 2025 - Dec 21, 2025",BROAD MATCH CAMPAIGN,306896079483800,Broad Keyword,284907010614606,hair growth oil,BROAD,beganic natural hair growth oil,USD,8,1,0.125,0.9,0.9,0,0.0,0,0.0,0.0,0.0,2025-09-08,0.0,0.0
"Nov 19, 2025 - Nov 19, 2025",BROAD MATCH CAMPAIGN,306896079483800,Broad Keyword,284907010614606,hair growth,BROAD,miracle mustard seed hair growth moisturizer,USD,1,1,1.0,0.45,0.45,0,0.0,0,0.0,0.0,0.0,2025-11-19,0.0,0.0
"Mar 03, 2026 - Mar 03, 2026",Auto Campaign 1 Signal Capture,468170906203317,Ad Group - Signal Capture,297953927298564,loose-match,TARGETING_EXPRESSION_PREDEFINED,botanica oil hair natural beauty,USD,2,2,1.0,1.535,3.07,0,0.0,0,0.0,0.0,0.0,2026-03-03,0.0,0.0
"Sep 03, 2025 - Dec 30, 2025",BROAD MATCH CAMPAIGN,306896079483800,Broad Keyword,284907010614606,hair oil for hair growth,BROAD,batama oil for hair growth,USD,129,1,0.007751937984496124,0.68,0.68,0,0.0,0,0.0,0.0,0.0,2025-09-03,0.0,0.0
"Sep 02, 2025 - Mar 17, 2026",BROAD MATCH CAMPAIGN,306896079483800,Broad Keyword,284907010614606,hair growth,BROAD,dominican hair products for hair growth,USD,35,1,0.02857142857142857,0.31,0.31,0,0.0,0,0.0,0.0,0.0,2025-09-02,0.0,0.0
"Nov 16, 2025 - Nov 16, 2025",Batana Hair oil pharase Manual,292247191707127,Phrase Keywords,465120102858213,hair moisturizer,PHRASE,natural oil african hair moisturizer,USD,1,1,1.0,0.55,0.55,0,0.0,0,0.0,0.0,0.0,2025-11-16,0.0,0.0
"Feb 15, 2026 - Mar 02, 2026",Batana Hair oil pharase Manual,292247191707127,Phrase Keywords,465120102858213,batana oil,PHRASE,labanta batana oil for hair growth,USD,76,2,0.02631578947368421,1.875,3.75,0,0.0,0,0.0,0.0,0.0,2026-02-15,0.0,0.0
"Feb 03, 2026 - Feb 05, 2026",Batana Oil Phrase Match,212832079341322,Batana Oil Phrase Match,450560731451216,hair growth,PHRASE,sniden hair growth spray,USD,13,1,0.07692307692307693,0.92,0.92,0,0.0,0,0.0,0.0,0.0,2026-02-03,0.0,0.0
"Sep 24, 2025 - Sep 24, 2025",Auto Campaign 1 Signal Capture,468170906203317,Ad Group - Signal Capture,297953927298564,loose-match,TARGETING_EXPRESSION_PREDEFINED,minoxidil hair growth cream,USD,1,1,1.0,0.55,0.55,0,0.0,0,0.0,0.0,0.0,2025-09-24,0.0,0.0
"Jan 23, 2026 - Jan 25, 2026",Batana Oil Exact Ranking,116719674392449,High Intent,417102371297812,"keyword-group=""Keywords related to your product category""",TARGETING_EXPRESSION,castor oil organic,USD,388,2,0.005154639175257732,2.04,4.08,0,0.0,0,0.0,0.0,0.0,2026-01-23,0.0,0.0
"Sep 07, 2025 - Mar 16, 2026",PRODUCT TARGETING EXACT CAMPAIGN,295732523762026,ASIN Exact targeting,517907737835689,"asin-expanded=""B0D6BMGP8Z""",TARGETING_EXPRESSION,B0DGQY77RC,USD,228,2,0.008771929824561403,0.405,0.81,0,0.0,0,0.0,0.0,0.0,2025-09-07,0.0,0.0
"Sep 24, 2025 - Sep 25, 2025",BROAD MATCH CAMPAIGN,306896079483800,Broad Keyword,284907010614606,extremely fast hair growth,BROAD,best hair growth oil,USD,10,1,0.1,1.12,1.12,0,0.0,0,0.0,0.0,0.0,2025-09-24,0.0,0.0
"Oct 18, 2025 - Oct 29, 2025",Auto Campaign 1 Signal Capture,468170906203317,Ad Group - Signal Capture,297953927298564,substitutes,TARGETING_EXPRESSION_PREDEFINED,B09S7G5X2Y,USD,2,1,0.5,0.39,0.39,0,0.0,0,0.0,0.0,0.0,2025-10-18,0.0,0.0
"Jul 01, 2025 - Mar 15, 2026",Auto Campaign 1 Signal Capture,468170906203317,Ad Group - Signal Capture,297953927298564,substitutes,TARGETING_EXPRESSION_PREDEFINED,B0F3BB1B6Z,USD,432,3,0.006944444444444444,0.51333,1.54,0,0.0,0,0.0,0.0,0.0,2025-07-01,0.0,0.0
"Sep 23, 2025 - Sep 26, 2025",BROAD MATCH CAMPAIGN,306896079483800,Broad Keyword,284907010614606,hair growth max,BROAD,hair growth oil,USD,100,1,0.01,1.12,1.12,0,0.0,0,0.0,0.0,0.0,2025-09-23,0.0,0.0
"Jul 04, 2025 - Jan 03, 2026",Auto Campaign 1 Signal Capture,468170906203317,Ad Group - Signal Capture,297953927298564,substitutes,TARGETING_EXPRESSION_PREDEFINED,B0DPWZJ97N,USD,66,3,0.045454545454545456,0.46667,1.4,0,0.0,0,0.0,0.0,0.0,2025-07-04,0.0,0.0
"Oct 16, 2025 - Oct 16, 2025",BROAD MATCH CAMPAIGN,306896079483800,Broad Keyword,284907010614606,hair growth,BROAD,rosemary and grapeseed oil for hair growth,USD,3,1,0.3333333333333333,0.52,0.52,0,0.0,0,0.0,0.0,0.0,2025-10-16,0.0,0.0
"Sep 16, 2025 - Dec 21, 2025",BROAD MATCH CAMPAIGN,306896079483800,Broad Keyword,284907010614606,hair growth oil,BROAD,san curly girl hair growth oil sc,USD,14,1,0.07142857142857142,0.56,0.56,0,0.0,0,0.0,0.0,0.0,2025-09-16,0.0,0.0
"Mar 04, 2026 - Mar 04, 2026",Auto Campaign 1 Signal Capture,468170906203317,Ad Group - Signal Capture,297953927298564,loose-match,TARGETING_EXPRESSION_PREDEFINED,rebond hair treatment,USD,3,1,0.3333333333333333,1.2,1.2,0,0.0,0,0.0,0.0,0.0,2026-03-04,0.0,0.0
"Sep 08, 2025 - Mar 11, 2026",BROAD MATCH CAMPAIGN,306896079483800,Broad Keyword,284907010614606,hair growth oil,BROAD,rosemary and castor oil for hair growth,USD,82,2,0.024390243902439025,0.735,1.47,0,0.0,0,0.0,0.0,0.0,2025-09-08,0.0,0.0
"Jul 21, 2025 - Oct 30, 2025",Auto Campaign 1 Signal Capture,468170906203317,Ad Group - Signal Capture,297953927298564,close-match,TARGETING_EXPRESSION_PREDEFINED,B07YNTMDWD,USD,58,1,0.017241379310344827,0.8,0.8,0,0.0,0,0.0,0.0,0.0,2025-07-21,0.0,0.0
"Sep 07, 2025 - Jan 11, 2026",PRODUCT TARGETING EXACT CAMPAIGN,295732523762026,ASIN Exact targeting,517907737835689,"asin-expanded=""B0DCX7628T""",TARGETING_EXPRESSION,B076Q6442Z,USD,43,2,0.046511627906976744,0.68,1.36,0,0.0,0,0.0,0.0,0.0,2025-09-07,0.0,0.0
"Sep 30, 2025 - Sep 30, 2025",BROAD MATCH CAMPAIGN,306896079483800,Broad Keyword,284907010614606,batana oil hair,BROAD,black garlic serum for hair growth,USD,1,1,1.0,0.52,0.52,0,0.0,0,0.0,0.0,0.0,2025-09-30,0.0,0.0
"Sep 24, 2025 - Sep 24, 2025",BROAD MATCH CAMPAIGN,306896079483800,Broad Keyword,284907010614606,hair growth oil,BROAD,hair growth oil overnight,USD,77,2,0.025974025974025976,0.68,1.36,0,0.0,0,0.0,0.0,0.0,2025-09-24,0.0,0.0
"Sep 08, 2025 - Mar 17, 2026",BROAD MATCH CAMPAIGN,306896079483800,Broad Keyword,284907010614606,hair growth oil,BROAD,batans oil for hair growth,USD,349,3,0.008595988538681949,1.57333,4.72,0,0.0,0,0.0,0.0,0.0,2025-09-08,0.0,0.0
"Sep 01, 2025 - Mar 08, 2026",Auto Campaign 1 Signal Capture,468170906203317,Ad Group - Signal Capture,297953927298564,loose-match,TARGETING_EXPRESSION_PREDEFINED,dax hair grease for hair growth for black hair,USD,14,1,0.07142857142857142,0.42,0.42,0,0.0,0,0.0,0.0,0.0,2025-09-01,0.0,0.0
"Dec 07, 2025 - Jan 09, 2026",Batana Hair oil pharase Manual,292247191707127,Phrase Keywords,465120102858213,hair growth oil,PHRASE,ayurveda hair growth oil,USD,7,1,0.14285714285714285,0.74,0.74,0,0.0,0,0.0,0.0,0.0,2025-12-07,0.0,0.0
"Sep 17, 2025 - Dec 14, 2025",BROAD MATCH CAMPAIGN,306896079483800,Broad Keyword,284907010614606,hair growth oil,BROAD,montana oil for hair growth,USD,74,1,0.013513513513513514,1.46,1.46,0,0.0,0,0.0,0.0,0.0,2025-09-17,0.0,0.0
"Dec 09, 2025 - Jan 20, 2026",BROAD MATCH CAMPAIGN,306896079483800,Broad Keyword,284907010614606,hair growth oil,BROAD,fenugreek and alma oil for hair growth,USD,11,1,0.09090909090909091,0.8,0.8,0,0.0,0,0.0,0.0,0.0,2025-12-09,0.0,0.0
"Sep 01, 2025 - Dec 15, 2025",Batana Hair oil pharase Manual,292247191707127,Phrase Keywords,465120102858213,hair growth,PHRASE,hair fertilizer for hair growth for black hair,USD,15,2,0.13333333333333333,0.76,1.52,0,0.0,0,0.0,0.0,0.0,2025-09-01,0.0,0.0
"Sep 12, 2025 - Sep 15, 2025",BROAD MATCH CAMPAIGN,306896079483800,Broad Keyword,284907010614606,hair growth oil,BROAD,original batana oil for hair growth,USD,96,1,0.010416666666666666,1.12,1.12,0,0.0,0,0.0,0.0,0.0,2025-09-12,0.0,0.0
"Nov 18, 2025 - Dec 17, 2025",BROAD MATCH CAMPAIGN,306896079483800,Broad Keyword,284907010614606,hair growth,BROAD,flax seed gel for hair growth,USD,5,1,0.2,0.75,0.75,0,0.0,0,0.0,0.0,0.0,2025-11-18,0.0,0.0
"Sep 08, 2025 - Jan 20, 2026",BROAD MATCH CAMPAIGN,306896079483800,Broad Keyword,284907010614606,hair growth oil,BROAD,moska oil for hair growth,USD,93,2,0.021505376344086023,0.845,1.69,0,0.0,0,0.0,0.0,0.0,2025-09-08,0.0,0.0
"Sep 11, 2025 - Mar 13, 2026",BROAD MATCH CAMPAIGN,306896079483800,Broad Keyword,284907010614606,hair growth oil,BROAD,batano oil for hair growth,USD,23,1,0.043478260869565216,1.35,1.35,0,0.0,0,0.0,0.0,0.0,2025-09-11,0.0,0.0
"Jan 31, 2026 - Feb 03, 2026",Auto Campaign 2 Cheap Discovery,163081140507766,Ad Group Cheap Discovery,391494289840856,substitutes,TARGETING_EXPRESSION_PREDEFINED,B0B73WNB86,USD,8,1,0.125,0.18,0.18,0,0.0,0,0.0,0.0,0.0,2026-01-31,0.0,0.0
"Jul 07, 2025 - Feb 24, 2026",Auto Campaign 1 Signal Capture,468170906203317,Ad Group - Signal Capture,297953927298564,close-match,TARGETING_EXPRESSION_PREDEFINED,scalp treatments,USD,30,1,0.03333333333333333,2.11,2.11,0,0.0,0,0.0,0.0,0.0,2025-07-07,0.0,0.0
"Sep 08, 2025 - Mar 20, 2026",BROAD MATCH CAMPAIGN,306896079483800,Broad Keyword,284907010614606,hair growth oil,BROAD,amla oil for hair growth,USD,2440,11,0.004508196721311476,0.85182,9.37,0,0.0,0,0.0,0.0,0.0,2025-09-08,0.0,0.0
"Sep 23, 2025 - Sep 28, 2025",BROAD MATCH CAMPAIGN,306896079483800,Broad Keyword,284907010614606,mens hair growth,BROAD,hair growth oil,USD,190,1,0.005263157894736842,1.12,1.12,0,0.0,0,0.0,0.0,0.0,2025-09-23,0.0,0.0
"Sep 25, 2025 - Sep 28, 2025",BROAD MATCH CAMPAIGN,306896079483800,Broad Keyword,284907010614606,men hair growth,BROAD,hair growth products,USD,135,1,0.007407407407407408,1.08,1.08,0,0.0,0,0.0,0.0,0.0,2025-09-25,0.0,0.0
"Sep 19, 2025 - Sep 20, 2025",Auto Campaign 1 Signal Capture,468170906203317,Ad Group - Signal Capture,297953927298564,substitutes,TARGETING_EXPRESSION_PREDEFINED,lumin hair growth gummies,USD,2,1,0.5,0.6,0.6,0,0.0,0,0.0,0.0,0.0,2025-09-19,0.0,0.0
"Sep 30, 2025 - Mar 14, 2026",PRODUCT TARGETING EXACT CAMPAIGN,295732523762026,ASIN Exact targeting,517907737835689,"asin-expanded=""B000V8MTIC""",TARGETING_EXPRESSION,B002BWYROA,USD,61,1,0.01639344262295082,0.15,0.15,0,0.0,0,0.0,0.0,0.0,2025-09-30,0.0,0.0
"Nov 21, 2025 - Nov 21, 2025",Auto Campaign 1 Signal Capture,468170906203317,Ad Group - Signal Capture,297953927298564,substitutes,TARGETING_EXPRESSION_PREDEFINED,B0BDXJ8RJT,USD,3,1,0.3333333333333333,0.5,0.5,0,0.0,0,0.0,0.0,0.0,2025-11-21,0.0,0.0
"Sep 01, 2025 - Dec 26, 2025",Auto Campaign 1 Signal Capture,468170906203317,Ad Group - Signal Capture,297953927298564,substitutes,TARGETING_EXPRESSION_PREDEFINED,B0F8FZN9QJ,USD,16,1,0.0625,0.3,0.3,0,0.0,0,0.0,0.0,0.0,2025-09-01,0.0,0.0
"Mar 06, 2026 - Mar 06, 2026",Auto Campaign 1 Signal Capture,468170906203317,Ad Group - Signal Capture,297953927298564,loose-match,TARGETING_EXPRESSION_PREDEFINED,easy diy hair growth oil for black,USD,1,1,1.0,0.23,0.23,0,0.0,0,0.0,0.0,0.0,2026-03-06,0.0,0.0
"Dec 02, 2025 - Dec 29, 2025",PRODUCT TARGETING EXACT CAMPAIGN,295732523762026,ASIN Exact targeting,517907737835689,"asin-expanded=""B01I2ZQJSG""",TARGETING_EXPRESSION,B0C7WQ9GG5,USD,4,1,0.25,0.49,0.49,0,0.0,0,0.0,0.0,0.0,2025-12-02,0.0,0.0
"Sep 04, 2025 - Sep 19, 2025",Auto Campaign 1 Signal Capture,468170906203317,Ad Group - Signal Capture,297953927298564,substitutes,TARGETING_EXPRESSION_PREDEFINED,B0D6WWDZ57,USD,13,1,0.07692307692307693,0.22,0.22,1,9.99,1,45.40909,0.22,0.0,2025-09-04,0.022022022022022022,1.0
"Mar 10, 2026 - Mar 10, 2026",Batana Hair oil pharase Manual,292247191707127,Phrase Keywords,465120102858213,batana,PHRASE,batana oil biotin hair cream,USD,2,1,0.5,0.75,0.75,0,0.0,0,0.0,0.0,0.0,2026-03-10,0.0,0.0
"Jul 24, 2025 - Mar 20, 2026",Auto Campaign 1 Signal Capture,468170906203317,Ad Group - Signal Capture,297953927298564,close-match,TARGETING_EXPRESSION_PREDEFINED,oil hair growth,USD,63,1,0.015873015873015872,2.99,2.99,1,16.99,1,5.68227,2.99,0.0,2025-07-24,0.17598587404355506,1.0
"Dec 10, 2025 - Dec 10, 2025",BROAD MATCH CAMPAIGN,306896079483800,Broad Keyword,284907010614606,hair growth oil,BROAD,the ordinary hair growth oil,USD,1,1,1.0,1.17,1.17,0,0.0,0,0.0,0.0,0.0,2025-12-10,0.0,0.0
"Sep 25, 2025 - Sep 28, 2025",BROAD MATCH CAMPAIGN,306896079483800,Broad Keyword,284907010614606,mens hair growth,BROAD,mens hair growth,USD,272,1,0.003676470588235294,1.03,1.03,0,0.0,0,0.0,0.0,0.0,2025-09-25,0.0,0.0
"Sep 05, 2025 - Sep 29, 2025",Batana Hair oil pharase Manual,292247191707127,Phrase Keywords,465120102858213,hair moisturizer,PHRASE,natural daily hair moisturizer for black women,USD,3,1,0.3333333333333333,0.9,0.9,0,0.0,0,0.0,0.0,0.0,2025-09-05,0.0,0.0
"Sep 27, 2025 - Jan 16, 2026",Batana Hair oil pharase Manual,292247191707127,Phrase Keywords,465120102858213,hair moisturizer,PHRASE,daily hair moisturizer for black hair,USD,3,1,0.3333333333333333,0.7,0.7,0,0.0,0,0.0,0.0,0.0,2025-09-27,0.0,0.0
"Jan 30, 2026 - Feb 05, 2026",Batana Oil Phrase Match,212832079341322,Batana Oil Phrase Match,450560731451216,hair growth,PHRASE,maryruths liquid multivitamin hair growth,USD,15,1,0.06666666666666667,0.92,0.92,0,0.0,0,0.0,0.0,0.0,2026-01-30,0.0,0.0
"Sep 04, 2025 - Dec 10, 2025",BROAD MATCH CAMPAIGN,306896079483800,Broad Keyword,284907010614606,hair growth,BROAD,aloe vera for hair growth,USD,19,2,0.10526315789473684,0.97,1.94,0,0.0,0,0.0,0.0,0.0,2025-09-04,0.0,0.0
"Nov 04, 2025 - Nov 04, 2025",Auto Campaign 1 Signal Capture,468170906203317,Ad Group - Signal Capture,297953927298564,loose-match,TARGETING_EXPRESSION_PREDEFINED,inbelleza vegan curl activator,USD,1,1,1.0,0.35,0.35,0,0.0,0,0.0,0.0,0.0,2025-11-04,0.0,0.0
"Sep 07, 2025 - Jan 18, 2026",PRODUCT TARGETING EXACT CAMPAIGN,295732523762026,ASIN Exact targeting,517907737835689,"asin-expanded=""B0DCX7628T""",TARGETING_EXPRESSION,B01MU9AUX7,USD,18,1,0.05555555555555555,0.55,0.55,0,0.0,0,0.0,0.0,0.0,2025-09-07,0.0,0.0
"Dec 02, 2025 - Dec 02, 2025",BROAD MATCH CAMPAIGN,306896079483800,Broad Keyword,284907010614606,pure batana oil,BROAD,botanic batana oil,USD,1,1,1.0,0.63,0.63,0,0.0,0,0.0,0.0,0.0,2025-12-02,0.0,0.0
"Dec 29, 2025 - Dec 30, 2025",BROAD MATCH CAMPAIGN,306896079483800,Broad Keyword,284907010614606,hair oil for hair growth,BROAD,venrock rosemary oil for hair growth,USD,2,1,0.5,0.7,0.7,0,0.0,0,0.0,0.0,0.0,2025-12-29,0.0,0.0
"Sep 10, 2025 - Jan 02, 2026",BROAD MATCH CAMPAIGN,306896079483800,Broad Keyword,284907010614606,hair growth oil,BROAD,hair oil for black women hair growth,USD,2,1,0.5,1.35,1.35,0,0.0,0,0.0,0.0,0.0,2025-09-10,0.0,0.0
"Sep 10, 2025 - Sep 10, 2025",BROAD MATCH CAMPAIGN,306896079483800,Broad Keyword,284907010614606,hair growth oil,BROAD,african men hair growth oil,USD,1,1,1.0,1.8,1.8,0,0.0,0,0.0,0.0,0.0,2025-09-10,0.0,0.0
"Oct 15, 2025 - Oct 15, 2025",Auto Campaign 1 Signal Capture,468170906203317,Ad Group - Signal Capture,297953927298564,loose-match,TARGETING_EXPRESSION_PREDEFINED,الزيت الافريقي,USD,1,1,1.0,0.45,0.45,1,11.99,1,26.64444,0.45,0.0,2025-10-15,0.03753127606338615,1.0
"Sep 01, 2025 - Jan 04, 2026",Batana Hair oil pharase Manual,292247191707127,Phrase Keywords,465120102858213,hair growth,PHRASE,moisturizer hair growth,USD,1,1,1.0,0.91,0.91,0,0.0,0,0.0,0.0,0.0,2025-09-01,0.0,0.0
"Sep 09, 2025 - Dec 07, 2025",PRODUCT TARGETING EXACT CAMPAIGN,295732523762026,ASIN Exact targeting,517907737835689,"asin-expanded=""B0DCX7628T""",TARGETING_EXPRESSION,B0DYXRZLKB,USD,200,1,0.005,0.72,0.72,0,0.0,0,0.0,0.0,0.0,2025-09-09,0.0,0.0
"Oct 25, 2025 - Jan 20, 2026",Batana Hair oil pharase Manual,292247191707127,Phrase Keywords,465120102858213,hair moisturizer,PHRASE,hair moisturizer for straight hair,USD,3,1,0.3333333333333333,0.55,0.55,0,0.0,0,0.0,0.0,0.0,2025-10-25,0.0,0.0
"Mar 01, 2026 - Mar 18, 2026",Auto Campaign 1 Signal Capture,468170906203317,Ad Group - Signal Capture,297953927298564,loose-match,TARGETING_EXPRESSION_PREDEFINED,crochet human hair pre looped,USD,58,1,0.017241379310344827,0.8,0.8,0,0.0,0,0.0,0.0,0.0,2026-03-01,0.0,0.0
"Aug 31, 2025 - Jan 04, 2026",Auto Campaign 1 Signal Capture,468170906203317,Ad Group - Signal Capture,297953927298564,substitutes,TARGETING_EXPRESSION_PREDEFINED,B082P6XTHW,USD,8,1,0.125,0.5,0.5,0,0.0,0,0.0,0.0,0.0,2025-08-31,0.0,0.0
"Sep 03, 2025 - Nov 09, 2025",Auto Campaign 1 Signal Capture,468170906203317,Ad Group - Signal Capture,297953927298564,substitutes,TARGETING_EXPRESSION_PREDEFINED,B01GR1SPNE,USD,21,1,0.047619047619047616,0.37,0.37,0,0.0,0,0.0,0.0,0.0,2025-09-03,0.0,0.0
"Jan 21, 2026 - Feb 02, 2026",Auto Campaign 2 Cheap Discovery,163081140507766,Ad Group Cheap Discovery,391494289840856,substitutes,TARGETING_EXPRESSION_PREDEFINED,botana oil hair growth,USD,14,2,0.14285714285714285,1.485,2.97,0,0.0,0,0.0,0.0,0.0,2026-01-21,0.0,0.0
"Jul 16, 2025 - Jan 13, 2026",Auto Campaign 1 Signal Capture,468170906203317,Ad Group - Signal Capture,297953927298564,loose-match,TARGETING_EXPRESSION_PREDEFINED,edge growth oil for black women,USD,31,2,0.06451612903225806,0.375,0.75,0,0.0,0,0.0,0.0,0.0,2025-07-16,0.0,0.0
"Dec 07, 2025 - Jan 02, 2026",BROAD MATCH CAMPAIGN,306896079483800,Broad Keyword,284907010614606,hair growth batana oil,BROAD,batana oil for hair growth,USD,3326,19,0.005712567648827421,1.11789,21.24,3,50.97,3,2.39972,7.08,0.0,2025-12-07,0.416715715126545,0.15789473684210525
"Sep 03, 2025 - Dec 14, 2025",BROAD MATCH CAMPAIGN,306896079483800,Broad Keyword,284907010614606,hair moisturizer for black women,BROAD,moisturizer for natural hair black women,USD,14,2,0.14285714285714285,0.76,1.52,1,11.99,1,7.88816,1.52,0.0,2025-09-03,0.1267723102585488,0.5
"Sep 09, 2025 - Sep 20, 2025",Auto Campaign 1 Signal Capture,468170906203317,Ad Group - Signal Capture,297953927298564,substitutes,TARGETING_EXPRESSION_PREDEFINED,B0DKWZJP5W,USD,4,1,0.25,0.34,0.34,0,0.0,0,0.0,0.0,0.0,2025-09-09,0.0,0.0
"Jan 30, 2026 - Feb 03, 2026",Batana Oil Phrase Match,212832079341322,Batana Oil Phrase Match,450560731451216,hair growth,PHRASE,botana oil hair growth,USD,30,1,0.03333333333333333,0.92,0.92,0,0.0,0,0.0,0.0,0.0,2026-01-30,0.0,0.0
"Dec 08, 2025 - Jan 12, 2026",PRODUCT TARGETING EXACT CAMPAIGN,295732523762026,ASIN Exact targeting,517907737835689,"asin-expanded=""B0BCR43SCW""",TARGETING_EXPRESSION,B0083H8ASG,USD,60,1,0.016666666666666666,0.65,0.65,0,0.0,0,0.0,0.0,0.0,2025-12-08,0.0,0.0
"Sep 04, 2025 - Mar 19, 2026",BROAD MATCH CAMPAIGN,306896079483800,Broad Keyword,284907010614606,batana oil,BROAD,gypsophila batana oil,USD,53,1,0.018867924528301886,1.93,1.93,0,0.0,0,0.0,0.0,0.0,2025-09-04,0.0,0.0
"Jan 26, 2026 - Feb 06, 2026",Batana Oil Phrase Match,212832079341322,Batana Oil Phrase Match,450560731451216,growth,PHRASE,hair growth products,USD,337,2,0.005934718100890208,0.855,1.71,0,0.0,0,0.0,0.0,0.0,2026-01-26,0.0,0.0
"Sep 06, 2025 - Mar 07, 2026",BROAD MATCH CAMPAIGN,306896079483800,Broad Keyword,284907010614606,batana oil,BROAD,batana oil leave in,USD,31,3,0.0967741935483871,1.21,3.63,0,0.0,0,0.0,0.0,0.0,2025-09-06,0.0,0.0
"Sep 29, 2025 - Sep 29, 2025",Batana Hair oil pharase Manual,292247191707127,Phrase Keywords,465120102858213,hair growth,PHRASE,oil divine,USD,1,1,1.0,0.29,0.29,0,0.0,0,0.0,0.0,0.0,2025-09-29,0.0,0.0
"Jul 05, 2025 - Jul 05, 2025",Auto Campaign 1 Signal Capture,468170906203317,Ad Group - Signal Capture,297953927298564,loose-match,TARGETING_EXPRESSION_PREDEFINED,botanic hall 100%￼,USD,1,1,1.0,0.63,0.63,0,0.0,0,0.0,0.0,0.0,2025-07-05,0.0,0.0
"Sep 08, 2025 - Jan 22, 2026",BROAD MATCH CAMPAIGN,306896079483800,Broad Keyword,284907010614606,hair growth oil,BROAD,best hair growth oil,USD,236,1,0.00423728813559322,1.72,1.72,0,0.0,0,0.0,0.0,0.0,2025-09-08,0.0,0.0
"Sep 30, 2025 - Sep 30, 2025",Auto Campaign 1 Signal Capture,468170906203317,Ad Group - Signal Capture,297953927298564,loose-match,TARGETING_EXPRESSION_PREDEFINED,nairobi hair moisturizer,USD,1,1,1.0,0.45,0.45,0,0.0,0,0.0,0.0,0.0,2025-09-30,0.0,0.0
"Dec 31, 2025 - Dec 31, 2025",Auto Campaign 1 Signal Capture,468170906203317,Ad Group - Signal Capture,297953927298564,loose-match,TARGETING_EXPRESSION_PREDEFINED,hair cremafor,USD,1,1,1.0,0.47,0.47,0,0.0,0,0.0,0.0,0.0,2025-12-31,0.0,0.0
"Aug 31, 2025 - Sep 30, 2025",Auto Campaign 1 Signal Capture,468170906203317,Ad Group - Signal Capture,297953927298564,substitutes,TARGETING_EXPRESSION_PREDEFINED,B0FGXMNSYH,USD,14,1,0.07142857142857142,0.6,0.6,0,0.0,0,0.0,0.0,0.0,2025-08-31,0.0,0.0
"Jul 04, 2025 - Mar 08, 2026",Auto Campaign 1 Signal Capture,468170906203317,Ad Group - Signal Capture,297953927298564,substitutes,TARGETING_EXPRESSION_PREDEFINED,B0952GYP8Z,USD,17,1,0.058823529411764705,0.43,0.43,0,0.0,0,0.0,0.0,0.0,2025-07-04,0.0,0.0
"Sep 07, 2025 - Dec 17, 2025",BROAD MATCH CAMPAIGN,306896079483800,Broad Keyword,284907010614606,hair growth,BROAD,mamela naturals mary ruth multivitamin hair growth,USD,24,1,0.041666666666666664,0.67,0.67,0,0.0,0,0.0,0.0,0.0,2025-09-07,0.0,0.0
"Sep 29, 2025 - Dec 21, 2025",BROAD MATCH CAMPAIGN,306896079483800,Broad Keyword,284907010614606,hair growth,BROAD,batana spray for hair growth,USD,8,1,0.125,0.52,0.52,0,0.0,0,0.0,0.0,0.0,2025-09-29,0.0,0.0
"Oct 16, 2025 - Jan 11, 2026",PRODUCT TARGETING EXACT CAMPAIGN,295732523762026,ASIN Exact targeting,517907737835689,"asin-expanded=""B000V8MTIC""",TARGETING_EXPRESSION,B0DZCR14JT,USD,47,1,0.02127659574468085,0.45,0.45,0,0.0,0,0.0,0.0,0.0,2025-10-16,0.0,0.0
"Jul 04, 2025 - Mar 11, 2026",Auto Campaign 1 Signal Capture,468170906203317,Ad Group - Signal Capture,297953927298564,substitutes,TARGETING_EXPRESSION_PREDEFINED,B0DC6SFPVK,USD,176,1,0.005681818181818182,0.7,0.7,0,0.0,0,0.0,0.0,0.0,2025-07-04,0.0,0.0
"Sep 07, 2025 - Nov 27, 2025",PRODUCT TARGETING EXACT CAMPAIGN,295732523762026,ASIN Exact targeting,517907737835689,"asin-expanded=""B0DCX7628T""",TARGETING_EXPRESSION,B0DSBHKGM6,USD,151,2,0.013245033112582781,0.675,1.35,0,0.0,0,0.0,0.0,0.0,2025-09-07,0.0,0.0
"Sep 19, 2025 - Dec 09, 2025",PRODUCT TARGETING EXACT CAMPAIGN,295732523762026,ASIN Exact targeting,517907737835689,"asin=""B003RQ226Y""",TARGETING_EXPRESSION,B003RQ226Y,USD,419,5,0.011933174224343675,0.66,3.3,0,0.0,0,0.0,0.0,0.0,2025-09-19,0.0,0.0
"Oct 18, 2025 - Oct 18, 2025",Auto Campaign 1 Signal Capture,468170906203317,Ad Group - Signal Capture,297953927298564,loose-match,TARGETING_EXPRESSION_PREDEFINED,growing hair grease for womens for edges,USD,2,1,0.5,0.45,0.45,0,0.0,0,0.0,0.0,0.0,2025-10-18,0.0,0.0
"Jul 04, 2025 - Mar 01, 2026",Auto Campaign 1 Signal Capture,468170906203317,Ad Group - Signal Capture,297953927298564,close-match,TARGETING_EXPRESSION_PREDEFINED,raw batana oil,USD,287,1,0.003484320557491289,1.58,1.58,0,0.0,0,0.0,0.0,0.0,2025-07-04,0.0,0.0
"Sep 08, 2025 - Mar 04, 2026",Batana Hair oil Exact Manual,502286450850716,Exact Keywords,296070289941158,hair growth oil,EXACT,hair growth oil￼,USD,203,2,0.009852216748768473,0.8,1.6,0,0.0,0,0.0,0.0,0.0,2025-09-08,0.0,0.0
"Sep 05, 2025 - Mar 16, 2026",BROAD MATCH CAMPAIGN,306896079483800,Broad Keyword,284907010614606,hair growth,BROAD,hair supplements for hair growth,USD,9,1,0.1111111111111111,0.75,0.75,0,0.0,0,0.0,0.0,0.0,2025-09-05,0.0,0.0
"Sep 05, 2025 - Oct 21, 2025",Batana Hair oil pharase Manual,292247191707127,Phrase Keywords,465120102858213,scalp treatment,PHRASE,ogx scalp treatment,USD,2,1,0.5,0.72,0.72,0,0.0,0,0.0,0.0,0.0,2025-09-05,0.0,0.0
"Feb 12, 2026 - Mar 06, 2026",Batana Hair oil pharase Manual,292247191707127,Phrase Keywords,465120102858213,batana,PHRASE,batana oil for hair loss,USD,106,3,0.02830188679245283,2.89,8.67,0,0.0,0,0.0,0.0,0.0,2026-02-12,0.0,0.0
"Oct 01, 2025 - Mar 11, 2026",PRODUCT TARGETING EXACT CAMPAIGN,295732523762026,ASIN Exact targeting,517907737835689,"asin-expanded=""B000V8MTIC""",TARGETING_EXPRESSION,B00E3B1ZPG,USD,69,2,0.028985507246376812,0.6,1.2,0,0.0,0,0.0,0.0,0.0,2025-10-01,0.0,0.0
"Jul 05, 2025 - Mar 02, 2026",Auto Campaign 1 Signal Capture,468170906203317,Ad Group - Signal Capture,297953927298564,close-match,TARGETING_EXPRESSION_PREDEFINED,batana natural hair growth oil,USD,472,3,0.006355932203389831,1.17333,3.52,0,0.0,0,0.0,0.0,0.0,2025-07-05,0.0,0.0
"Jul 11, 2025 - Jan 19, 2026",Auto Campaign 1 Signal Capture,468170906203317,Ad Group - Signal Capture,297953927298564,close-match,TARGETING_EXPRESSION_PREDEFINED,oil moisturizer for hair,USD,12,1,0.08333333333333333,0.8,0.8,0,0.0,0,0.0,0.0,0.0,2025-07-11,0.0,0.0
"Sep 29, 2025 - Dec 15, 2025",BROAD MATCH CAMPAIGN,306896079483800,Broad Keyword,284907010614606,batana oil hair,BROAD,batana oil,USD,512,2,0.00390625,1.405,2.81,0,0.0,0,0.0,0.0,0.0,2025-09-29,0.0,0.0
"Feb 02, 2026 - Feb 06, 2026",Batana Oil Phrase Match,212832079341322,Batana Oil Phrase Match,450560731451216,"keyword-group=""Keywords related to your product category""",TARGETING_EXPRESSION,batana oil for hair growth,USD,724,3,0.004143646408839779,0.97667,2.93,0,0.0,0,0.0,0.0,0.0,2026-02-02,0.0,0.0
"Aug 31, 2025 - Mar 19, 2026",Batana Hair oil pharase Manual,292247191707127,Phrase Keywords,465120102858213,hair moisturizer,PHRASE,hair moisturizer for black hair,USD,107,4,0.037383177570093455,0.575,2.3,1,11.99,1,5.21304,2.3,0.0,2025-08-31,0.19182652210175144,0.25
"Sep 07, 2025 - Nov 24, 2025",PRODUCT TARGETING EXACT CAMPAIGN,295732523762026,ASIN Exact targeting,517907737835689,"asin-expanded=""B0D6BMGP8Z""",TARGETING_EXPRESSION,B0DX1GDJXS,USD,18,2,0.1111111111111111,0.495,0.99,0,0.0,0,0.0,0.0,0.0,2025-09-07,0.0,0.0
"Feb 22, 2026 - Mar 05, 2026",Auto Campaign 1 Signal Capture,468170906203317,Ad Group - Signal Capture,297953927298564,close-match,TARGETING_EXPRESSION_PREDEFINED,thick oil for hair,USD,8,1,0.125,1.62,1.62,0,0.0,0,0.0,0.0,0.0,2026-02-22,0.0,0.0
"Nov 25, 2025 - Nov 30, 2025",BROAD MATCH CAMPAIGN,306896079483800,Broad Keyword,284907010614606,botana oil,BROAD,leave in botana oil hair growth,USD,6,1,0.16666666666666666,0.82,0.82,0,0.0,0,0.0,0.0,0.0,2025-11-25,0.0,0.0
"Mar 15, 2026 - Mar 15, 2026",Batana Hair oil pharase Manual,292247191707127,Phrase Keywords,465120102858213,batana,PHRASE,100 0/0 unrefined batana oil,USD,1,1,1.0,0.8,0.8,0,0.0,0,0.0,0.0,0.0,2026-03-15,0.0,0.0
"Oct 14, 2025 - Oct 14, 2025",Auto Campaign 1 Signal Capture,468170906203317,Ad Group - Signal Capture,297953927298564,loose-match,TARGETING_EXPRESSION_PREDEFINED,batanaorganic hair oil and shampoo,USD,1,1,1.0,0.45,0.45,0,0.0,0,0.0,0.0,0.0,2025-10-14,0.0,0.0
"Sep 07, 2025 - Jan 22, 2026",PRODUCT TARGETING EXACT CAMPAIGN,295732523762026,ASIN Exact targeting,517907737835689,"asin-expanded=""B0DCX7628T""",TARGETING_EXPRESSION,B0F3BB1B6Z,USD,213,3,0.014084507042253521,0.77667,2.33,0,0.0,0,0.0,0.0,0.0,2025-09-07,0.0,0.0
"Sep 05, 2025 - Oct 19, 2025",BROAD MATCH CAMPAIGN,306896079483800,Broad Keyword,284907010614606,batana oil hair growth,BROAD,raw batana oil for hair growth,USD,36,1,0.027777777777777776,0.52,0.52,0,0.0,0,0.0,0.0,0.0,2025-09-05,0.0,0.0
"Nov 30, 2025 - Nov 30, 2025",PRODUCT TARGETING EXACT CAMPAIGN,295732523762026,ASIN Exact targeting,517907737835689,"asin=""B0DCX7628T""",TARGETING_EXPRESSION,mary ruth multivitamin hair growth,USD,1,1,1.0,0.6,0.6,0,0.0,0,0.0,0.0,0.0,2025-11-30,0.0,0.0
"Nov 02, 2025 - Jan 03, 2026",PRODUCT TARGETING EXACT CAMPAIGN,295732523762026,ASIN Exact targeting,517907737835689,"asin-expanded=""B000V8MTIC""",TARGETING_EXPRESSION,B0C8GB3ZW1,USD,3,1,0.3333333333333333,0.6,0.6,0,0.0,0,0.0,0.0,0.0,2025-11-02,0.0,0.0
"Dec 26, 2025 - Dec 26, 2025",Auto Campaign 1 Signal Capture,468170906203317,Ad Group - Signal Capture,297953927298564,loose-match,TARGETING_EXPRESSION_PREDEFINED,elixir edge control,USD,1,1,1.0,0.49,0.49,0,0.0,0,0.0,0.0,0.0,2025-12-26,0.0,0.0
"Nov 20, 2025 - Mar 16, 2026",PRODUCT TARGETING EXACT CAMPAIGN,295732523762026,ASIN Exact targeting,517907737835689,"asin-expanded=""B000V8MTIC""",TARGETING_EXPRESSION,B075PTW3K4,USD,133,1,0.007518796992481203,0.51,0.51,1,33.98,2,66.62745,0.51,0.0,2025-11-20,0.015008828722778107,1.0
"Dec 03, 2025 - Mar 18, 2026",PRODUCT TARGETING EXACT CAMPAIGN,295732523762026,ASIN Exact targeting,517907737835689,"asin-expanded=""B01I2ZQJSG""",TARGETING_EXPRESSION,B0C5FP8R7J,USD,139,1,0.007194244604316547,0.5,0.5,0,0.0,0,0.0,0.0,0.0,2025-12-03,0.0,0.0
"Sep 07, 2025 - Jan 19, 2026",PRODUCT TARGETING EXACT CAMPAIGN,295732523762026,ASIN Exact targeting,517907737835689,"asin-expanded=""B0DCX7628T""",TARGETING_EXPRESSION,B0C4QPGK3L,USD,99,1,0.010101010101010102,0.53,0.53,0,0.0,0,0.0,0.0,0.0,2025-09-07,0.0,0.0
"Sep 13, 2025 - Mar 16, 2026",BROAD MATCH CAMPAIGN,306896079483800,Broad Keyword,284907010614606,hair growth oil,BROAD,hair growth biotin oil,USD,27,1,0.037037037037037035,1.04,1.04,0,0.0,0,0.0,0.0,0.0,2025-09-13,0.0,0.0
"Sep 05, 2025 - Sep 09, 2025",Batana Hair oil pharase Manual,292247191707127,Phrase Keywords,465120102858213,hair growth oil,PHRASE,grow your edges back hair growth oil,USD,2,2,1.0,0.76,1.52,1,9.99,1,6.57237,1.52,0.0,2025-09-05,0.15215215215215214,0.5
"Oct 27, 2025 - Oct 27, 2025",Auto Campaign 1 Signal Capture,468170906203317,Ad Group - Signal Capture,297953927298564,substitutes,TARGETING_EXPRESSION_PREDEFINED,hair product for kids girls,USD,1,1,1.0,0.4,0.4,0,0.0,0,0.0,0.0,0.0,2025-10-27,0.0,0.0
"Jan 22, 2026 - Jan 22, 2026",Auto Campaign 2 Cheap Discovery,163081140507766,Ad Group Cheap Discovery,391494289840856,loose-match,TARGETING_EXPRESSION_PREDEFINED,johohula batana,USD,1,1,1.0,1.98,1.98,0,0.0,0,0.0,0.0,0.0,2026-01-22,0.0,0.0
"Nov 15, 2025 - Nov 15, 2025",BROAD MATCH CAMPAIGN,306896079483800,Broad Keyword,284907010614606,hair growth,BROAD,rice water alocia for hair growth edge control,USD,2,1,0.5,0.73,0.73,0,0.0,0,0.0,0.0,0.0,2025-11-15,0.0,0.0
"Nov 23, 2025 - Dec 06, 2025",PRODUCT TARGETING EXACT CAMPAIGN,295732523762026,ASIN Exact targeting,517907737835689,"asin-expanded=""B0DCX7628T""",TARGETING_EXPRESSION,B0FGJ4NKHV,USD,2,1,0.5,0.6,0.6,0,0.0,0,0.0,0.0,0.0,2025-11-23,0.0,0.0
"Mar 10, 2026 - Mar 10, 2026",Batana Hair oil pharase Manual,292247191707127,Phrase Keywords,465120102858213,batana,PHRASE,batana 16oz,USD,2,1,0.5,0.75,0.75,0,0.0,0,0.0,0.0,0.0,2026-03-10,0.0,0.0
"Oct 23, 2025 - Dec 15, 2025",BROAD MATCH CAMPAIGN,306896079483800,Broad Keyword,284907010614606,batana oil hair,BROAD,batana oil for hair growth richgrand,USD,247,3,0.012145748987854251,1.20667,3.62,0,0.0,0,0.0,0.0,0.0,2025-10-23,0.0,0.0
"Sep 02, 2025 - Nov 25, 2025",Auto Campaign 1 Signal Capture,468170906203317,Ad Group - Signal Capture,297953927298564,substitutes,TARGETING_EXPRESSION_PREDEFINED,B0C3T4J5KH,USD,25,1,0.04,0.45,0.45,0,0.0,0,0.0,0.0,0.0,2025-09-02,0.0,0.0
"Sep 02, 2025 - Nov 05, 2025",Batana Hair oil pharase Manual,292247191707127,Phrase Keywords,465120102858213,hair growth products,PHRASE,lifewitqueenp hair growth products,USD,16,2,0.125,0.45,0.9,0,0.0,0,0.0,0.0,0.0,2025-09-02,0.0,0.0
"Nov 25, 2025 - Jan 13, 2026",Auto Campaign 1 Signal Capture,468170906203317,Ad Group - Signal Capture,297953927298564,loose-match,TARGETING_EXPRESSION_PREDEFINED,baby don't be bald,USD,16,1,0.0625,0.5,0.5,0,0.0,0,0.0,0.0,0.0,2025-11-25,0.0,0.0
"Nov 17, 2025 - Nov 17, 2025",Batana Hair oil Exact Manual,502286450850716,Exact Keywords,296070289941158,hair moisturizer,EXACT,hair moisturizer ￼￼,USD,1,1,1.0,0.6,0.6,0,0.0,0,0.0,0.0,0.0,2025-11-17,0.0,0.0
"Feb 25, 2026 - Mar 19, 2026",Batana Hair oil pharase Manual,292247191707127,Phrase Keywords,465120102858213,batana,PHRASE,organic raw batana oil,USD,1,1,1.0,3.6,3.6,0,0.0,0,0.0,0.0,0.0,2026-02-25,0.0,0.0
"Sep 01, 2025 - Mar 16, 2026",Batana Hair oil pharase Manual,292247191707127,Phrase Keywords,465120102858213,hair moisturizer,PHRASE,best hair moisturizer for black hair,USD,130,2,0.015384615384615385,0.65,1.3,0,0.0,0,0.0,0.0,0.0,2025-09-01,0.0,0.0
"Dec 03, 2025 - Mar 20, 2026",Batana Hair oil pharase Manual,292247191707127,Phrase Keywords,465120102858213,batana oil for hair,PHRASE,batana oil hair treatment products,USD,12,1,0.08333333333333333,0.65,0.65,0,0.0,0,0.0,0.0,0.0,2025-12-03,0.0,0.0
"Dec 07, 2025 - Jan 22, 2026",PRODUCT TARGETING EXACT CAMPAIGN,295732523762026,ASIN Exact targeting,517907737835689,"asin-expanded=""B0DCX7628T""",TARGETING_EXPRESSION,B0FGXY5KZ4,USD,10,1,0.1,0.55,0.55,0,0.0,0,0.0,0.0,0.0,2025-12-07,0.0,0.0
"Sep 06, 2025 - Sep 06, 2025",Auto Campaign 1 Signal Capture,468170906203317,Ad Group - Signal Capture,297953927298564,loose-match,TARGETING_EXPRESSION_PREDEFINED,minoxidil men and women,USD,1,1,1.0,0.7,0.7,0,0.0,0,0.0,0.0,0.0,2025-09-06,0.0,0.0
"Jul 14, 2025 - Jul 14, 2025",Auto Campaign 1 Signal Capture,468170906203317,Ad Group - Signal Capture,297953927298564,loose-match,TARGETING_EXPRESSION_PREDEFINED,miracle drops for edges,USD,1,1,1.0,0.53,0.53,0,0.0,0,0.0,0.0,0.0,2025-07-14,0.0,0.0
"Jan 22, 2026 - Mar 01, 2026",Batana Hair oil Exact Manual,502286450850716,Exact Keywords,296070289941158,batana oil for hair loss,EXACT,batana oil for hair loss,USD,109,3,0.027522935779816515,2.39333,7.18,0,0.0,0,0.0,0.0,0.0,2026-01-22,0.0,0.0
"Sep 18, 2025 - Mar 19, 2026",Batana Hair oil pharase Manual,292247191707127,Phrase Keywords,465120102858213,hair moisturizer,PHRASE,hair moisturizer oil for black women,USD,14,1,0.07142857142857142,0.6,0.6,0,0.0,0,0.0,0.0,0.0,2025-09-18,0.0,0.0
"Oct 21, 2025 - Dec 21, 2025",BROAD MATCH CAMPAIGN,306896079483800,Broad Keyword,284907010614606,hair growth,BROAD,hollywood hair growth,USD,6,1,0.16666666666666666,0.75,0.75,0,0.0,0,0.0,0.0,0.0,2025-10-21,0.0,0.0
"Mar 03, 2026 - Mar 15, 2026",Auto Campaign 1 Signal Capture,468170906203317,Ad Group - Signal Capture,297953927298564,loose-match,TARGETING_EXPRESSION_PREDEFINED,hair glue remover,USD,4,1,0.25,0.5,0.5,0,0.0,0,0.0,0.0,0.0,2026-03-03,0.0,0.0
"Sep 23, 2025 - Oct 17, 2025",BROAD MATCH CAMPAIGN,306896079483800,Broad Keyword,284907010614606,hair grease for black hair growth,BROAD,hair growth butter,USD,11,1,0.09090909090909091,1.12,1.12,0,0.0,0,0.0,0.0,0.0,2025-09-23,0.0,0.0
"Sep 09, 2025 - Sep 09, 2025",BROAD MATCH CAMPAIGN,306896079483800,Broad Keyword,284907010614606,hair growth oil,BROAD,dcsc batana oil for hair growth,USD,1,1,1.0,1.8,1.8,0,0.0,0,0.0,0.0,0.0,2025-09-09,0.0,0.0
"Sep 30, 2025 - Jan 11, 2026",Auto Campaign 1 Signal Capture,468170906203317,Ad Group - Signal Capture,297953927298564,substitutes,TARGETING_EXPRESSION_PREDEFINED,B07N7PWKKQ,USD,50,1,0.02,0.25,0.25,0,0.0,0,0.0,0.0,0.0,2025-09-30,0.0,0.0
"Feb 11, 2026 - Feb 25, 2026",Auto Campaign 1 Signal Capture,468170906203317,Ad Group - Signal Capture,297953927298564,close-match,TARGETING_EXPRESSION_PREDEFINED,hair growth oil for thin hair,USD,10,1,0.1,3.16,3.16,1,20.99,1,6.64241,3.16,0.0,2026-02-11,0.15054787994282995,1.0
"Jan 01, 2026 - Mar 15, 2026",BROAD MATCH CAMPAIGN,306896079483800,Broad Keyword,284907010614606,hair growth batana oil,BROAD,honduran azure batana oil for hair growth,USD,2,1,0.5,0.72,0.72,0,0.0,0,0.0,0.0,0.0,2026-01-01,0.0,0.0
"Sep 11, 2025 - Dec 11, 2025",BROAD MATCH CAMPAIGN,306896079483800,Broad Keyword,284907010614606,hair growth oil,BROAD,herbal growth hair oil,USD,10,1,0.1,1.35,1.35,0,0.0,0,0.0,0.0,0.0,2025-09-11,0.0,0.0
"Jan 12, 2026 - Jan 14, 2026",BROAD MATCH CAMPAIGN,306896079483800,Broad Keyword,284907010614606,batana oil shampoo,BROAD,shampoo de aceite de batana,USD,3,1,0.3333333333333333,1.0,1.0,0,0.0,0,0.0,0.0,0.0,2026-01-12,0.0,0.0
"Sep 26, 2025 - Sep 26, 2025",Auto Campaign 1 Signal Capture,468170906203317,Ad Group - Signal Capture,297953927298564,loose-match,TARGETING_EXPRESSION_PREDEFINED,ava oil,USD,1,1,1.0,0.52,0.52,0,0.0,0,0.0,0.0,0.0,2025-09-26,0.0,0.0
"Oct 17, 2025 - Nov 29, 2025",PRODUCT TARGETING EXACT CAMPAIGN,295732523762026,ASIN Exact targeting,517907737835689,"asin-expanded=""B000V8MTIC""",TARGETING_EXPRESSION,B0BTY6D4VT,USD,16,1,0.0625,0.45,0.45,0,0.0,0,0.0,0.0,0.0,2025-10-17,0.0,0.0
"Sep 12, 2025 - Sep 14, 2025",Batana Hair oil pharase Manual,292247191707127,Phrase Keywords,465120102858213,hair moisturizer,PHRASE,hair moisturizer for toddler black girls,USD,1,1,1.0,0.29,0.29,1,9.99,1,34.44828,0.29,0.0,2025-09-12,0.029029029029029027,1.0
"Dec 08, 2025 - Dec 26, 2025",PRODUCT TARGETING EXACT CAMPAIGN,295732523762026,ASIN Exact targeting,517907737835689,"asin-expanded=""B0BCR43SCW""",TARGETING_EXPRESSION,B07X7HPYNS,USD,23,1,0.043478260869565216,0.3,0.3,0,0.0,0,0.0,0.0,0.0,2025-12-08,0.0,0.0
"Sep 19, 2025 - Mar 20, 2026",PRODUCT TARGETING EXACT CAMPAIGN,295732523762026,ASIN Exact targeting,517907737835689,"asin=""B01I2ZQJSG""",TARGETING_EXPRESSION,B01I2ZQJSG,USD,3256,17,0.005221130221130221,0.62412,10.61,2,31.98,2,3.01414,5.305,0.0,2025-09-19,0.3317698561601,0.11764705882352941
"Sep 02, 2025 - Oct 25, 2025",PRODUCT TARGETING EXACT CAMPAIGN,295732523762026,ASIN Exact targeting,517907737835689,"asin-expanded=""B0CMXF1NK3""",TARGETING_EXPRESSION,banta oil,USD,5,2,0.4,0.75,1.5,0,0.0,0,0.0,0.0,0.0,2025-09-02,0.0,0.0
"Dec 16, 2025 - Dec 22, 2025",BROAD MATCH CAMPAIGN,306896079483800,Broad Keyword,284907010614606,hair growth batana oil,BROAD,batana oil shampoo for hair growth,USD,16,1,0.0625,1.2,1.2,0,0.0,0,0.0,0.0,0.0,2025-12-16,0.0,0.0
"Sep 15, 2025 - Mar 16, 2026",BROAD MATCH CAMPAIGN,306896079483800,Broad Keyword,284907010614606,hair growth,BROAD,hair grease for hair growth,USD,7,1,0.14285714285714285,0.75,0.75,0,0.0,0,0.0,0.0,0.0,2025-09-15,0.0,0.0
"Feb 07, 2026 - Feb 25, 2026",Auto Campaign 1 Signal Capture,468170906203317,Ad Group - Signal Capture,297953927298564,close-match,TARGETING_EXPRESSION_PREDEFINED,hair treatments,USD,4,2,0.5,2.55,5.1,0,0.0,0,0.0,0.0,0.0,2026-02-07,0.0,0.0
"Nov 09, 2025 - Mar 14, 2026",PRODUCT TARGETING EXACT CAMPAIGN,295732523762026,ASIN Exact targeting,517907737835689,"asin=""B0DSCKBJLD""",TARGETING_EXPRESSION,bark and lather stimulating scalp and hair balm,USD,27,1,0.037037037037037035,0.65,0.65,0,0.0,0,0.0,0.0,0.0,2025-11-09,0.0,0.0
"Sep 15, 2025 - Sep 15, 2025",BROAD MATCH CAMPAIGN,306896079483800,Broad Keyword,284907010614606,hair growth oil,BROAD,beafadel botana oil hair growth,USD,1,1,1.0,1.32,1.32,0,0.0,0,0.0,0.0,0.0,2025-09-15,0.0,0.0
"Sep 07, 2025 - Sep 09, 2025",PRODUCT TARGETING EXACT CAMPAIGN,295732523762026,ASIN Exact targeting,517907737835689,"asin-expanded=""B0DZDV2FLB""",TARGETING_EXPRESSION,B0DKDZ9TPZ,USD,11,1,0.09090909090909091,0.55,0.55,0,0.0,0,0.0,0.0,0.0,2025-09-07,0.0,0.0
"Sep 15, 2025 - Sep 18, 2025",BROAD MATCH CAMPAIGN,306896079483800,Broad Keyword,284907010614606,hair growth oil,BROAD,rosemary oil for hair growth kids,USD,11,1,0.09090909090909091,1.31,1.31,0,0.0,0,0.0,0.0,0.0,2025-09-15,0.0,0.0
"Sep 10, 2025 - Jan 19, 2026",Auto Campaign 1 Signal Capture,468170906203317,Ad Group - Signal Capture,297953927298564,substitutes,TARGETING_EXPRESSION_PREDEFINED,B0CZ3VJF5C,USD,42,1,0.023809523809523808,0.33,0.33,0,0.0,0,0.0,0.0,0.0,2025-09-10,0.0,0.0
"Mar 10, 2026 - Mar 10, 2026",Auto Campaign 2 Cheap Discovery,163081140507766,Ad Group Cheap Discovery,391494289840856,loose-match,TARGETING_EXPRESSION_PREDEFINED,vichy time grow hair,USD,1,1,1.0,0.35,0.35,0,0.0,0,0.0,0.0,0.0,2026-03-10,0.0,0.0
"Mar 11, 2026 - Mar 19, 2026",BROAD MATCH CAMPAIGN,306896079483800,Broad Keyword,284907010614606,hair growth,BROAD,wooden comb for hair growth,USD,10,1,0.1,0.75,0.75,0,0.0,0,0.0,0.0,0.0,2026-03-11,0.0,0.0
"Sep 12, 2025 - Sep 23, 2025",BROAD MATCH CAMPAIGN,306896079483800,Broad Keyword,284907010614606,hair growth oil,BROAD,honduran botanic batana oil for hair growth,USD,13,1,0.07692307692307693,0.82,0.82,0,0.0,0,0.0,0.0,0.0,2025-09-12,0.0,0.0
"Dec 09, 2025 - Dec 27, 2025",PRODUCT TARGETING EXACT CAMPAIGN,295732523762026,ASIN Exact targeting,517907737835689,"asin-expanded=""B006FJPKT6""",TARGETING_EXPRESSION,B0C6WXHG5G,USD,2,1,0.5,0.59,0.59,0,0.0,0,0.0,0.0,0.0,2025-12-09,0.0,0.0
"Jul 04, 2025 - Jul 05, 2025",Auto Campaign 1 Signal Capture,468170906203317,Ad Group - Signal Capture,297953927298564,loose-match,TARGETING_EXPRESSION_PREDEFINED,adivasi herbal hair oil original,USD,7,1,0.14285714285714285,1.0,1.0,0,0.0,0,0.0,0.0,0.0,2025-07-04,0.0,0.0
"Dec 10, 2025 - Jan 03, 2026",BROAD MATCH CAMPAIGN,306896079483800,Broad Keyword,284907010614606,hair growth oil,BROAD,hair growth oil for thinning edges,USD,7,1,0.14285714285714285,1.6,1.6,1,16.99,1,10.61875,1.6,0.0,2025-12-10,0.09417304296645086,1.0
"Sep 15, 2025 - Sep 16, 2025",Auto Campaign 1 Signal Capture,468170906203317,Ad Group - Signal Capture,297953927298564,substitutes,TARGETING_EXPRESSION_PREDEFINED,B0FL7JNGF5,USD,3,1,0.3333333333333333,0.45,0.45,0,0.0,0,0.0,0.0,0.0,2025-09-15,0.0,0.0
"Sep 25, 2025 - Mar 09, 2026",Batana Hair oil Exact Manual,502286450850716,Exact Keywords,296070289941158,hair moisturizer,EXACT,hair moisturizer,USD,5051,28,0.0055434567412393585,0.59143,16.56,1,16.99,1,1.02597,16.56,0.0,2025-09-25,0.9746909947027663,0.03571428571428571
"Jan 31, 2026 - Jan 31, 2026",Batana Oil Phrase Match,212832079341322,Batana Oil Phrase Match,450560731451216,batana oil,PHRASE,azure batana oil from honduras,USD,1,1,1.0,0.75,0.75,0,0.0,0,0.0,0.0,0.0,2026-01-31,0.0,0.0
"Oct 16, 2025 - Oct 16, 2025",Auto Campaign 1 Signal Capture,468170906203317,Ad Group - Signal Capture,297953927298564,loose-match,TARGETING_EXPRESSION_PREDEFINED,fast grow hair,USD,1,1,1.0,0.45,0.45,0,0.0,0,0.0,0.0,0.0,2025-10-16,0.0,0.0
"Dec 22, 2025 - Jan 11, 2026",Auto Campaign 1 Signal Capture,468170906203317,Ad Group - Signal Capture,297953927298564,substitutes,TARGETING_EXPRESSION_PREDEFINED,B0DVBGDD7F,USD,10,1,0.1,0.5,0.5,0,0.0,0,0.0,0.0,0.0,2025-12-22,0.0,0.0
"Jan 23, 2026 - Feb 06, 2026",Batana Oil Exact Ranking,116719674392449,High Intent,417102371297812,"keyword-group=""Keywords related to your product category""",TARGETING_EXPRESSION,hair oil,USD,3172,1,0.00031525851197982345,1.01,1.01,0,0.0,0,0.0,0.0,0.0,2026-01-23,0.0,0.0
"Sep 14, 2025 - Jan 16, 2026",PRODUCT TARGETING EXACT CAMPAIGN,295732523762026,ASIN Exact targeting,517907737835689,"asin-expanded=""B0DCX7628T""",TARGETING_EXPRESSION,B08HDSTZZP,USD,156,1,0.00641025641025641,0.72,0.72,0,0.0,0,0.0,0.0,0.0,2025-09-14,0.0,0.0
"Jan 04, 2026 - Jan 04, 2026",Auto Campaign 1 Signal Capture,468170906203317,Ad Group - Signal Capture,297953927298564,loose-match,TARGETING_EXPRESSION_PREDEFINED,luv jones hair products,USD,1,1,1.0,0.5,0.5,0,0.0,0,0.0,0.0,0.0,2026-01-04,0.0,0.0
"Jan 23, 2026 - Jan 30, 2026",Batana Oil Exact Ranking,116719674392449,High Intent,417102371297812,"keyword-group=""Keywords related to your product category""",TARGETING_EXPRESSION,argan oil organic,USD,33,1,0.030303030303030304,2.04,2.04,0,0.0,0,0.0,0.0,0.0,2026-01-23,0.0,0.0
"Jan 24, 2026 - Mar 20, 2026",Auto Campaign 2 Cheap Discovery,163081140507766,Ad Group Cheap Discovery,391494289840856,substitutes,TARGETING_EXPRESSION_PREDEFINED,B0DZDV2FLB,USD,86,1,0.011627906976744186,0.66,0.66,0,0.0,0,0.0,0.0,0.0,2026-01-24,0.0,0.0
"Sep 02, 2025 - Sep 02, 2025",Batana Hair oil pharase Manual,292247191707127,Phrase Keywords,465120102858213,hair growth,PHRASE,batana pomade for hair growth,USD,1,1,1.0,0.8,0.8,0,0.0,0,0.0,0.0,0.0,2025-09-02,0.0,0.0
"Sep 03, 2025 - Mar 16, 2026",Auto Campaign 1 Signal Capture,468170906203317,Ad Group - Signal Capture,297953927298564,loose-match,TARGETING_EXPRESSION_PREDEFINED,cantu oil,USD,89,1,0.011235955056179775,0.45,0.45,0,0.0,0,0.0,0.0,0.0,2025-09-03,0.0,0.0
"Sep 23, 2025 - Jan 18, 2026",BROAD MATCH CAMPAIGN,306896079483800,Broad Keyword,284907010614606,extremely fast hair growth,BROAD,botana oil hair growth,USD,106,2,0.018867924528301886,0.8,1.6,0,0.0,0,0.0,0.0,0.0,2025-09-23,0.0,0.0
"Sep 05, 2025 - Mar 17, 2026",BROAD MATCH CAMPAIGN,306896079483800,Broad Keyword,284907010614606,batana oil,BROAD,unrefined batana oil,USD,129,4,0.031007751937984496,0.52,2.08,0,0.0,0,0.0,0.0,0.0,2025-09-05,0.0,0.0
"Nov 29, 2025 - Nov 29, 2025",Auto Campaign 1 Signal Capture,468170906203317,Ad Group - Signal Capture,297953927298564,loose-match,TARGETING_EXPRESSION_PREDEFINED,grown edge hair,USD,1,1,1.0,0.45,0.45,0,0.0,0,0.0,0.0,0.0,2025-11-29,0.0,0.0
"Sep 05, 2025 - Mar 20, 2026",BROAD MATCH CAMPAIGN,306896079483800,Broad Keyword,284907010614606,hair growth,BROAD,hair growth grease,USD,299,1,0.0033444816053511705,1.8,1.8,1,9.99,1,5.55,1.8,0.0,2025-09-05,0.18018018018018017,1.0
"Sep 02, 2025 - Nov 19, 2025",BROAD MATCH CAMPAIGN,306896079483800,Broad Keyword,284907010614606,batana oil shampoo,BROAD,batana oil shampoo,USD,2566,27,0.010522213561964146,1.00556,27.15,1,9.99,1,0.36796,27.15,0.0,2025-09-02,2.7177177177177176,0.037037037037037035
"Dec 12, 2025 - Dec 12, 2025",BROAD MATCH CAMPAIGN,306896079483800,Broad Keyword,284907010614606,hair growth,BROAD,edge hair growth with color safe,USD,2,1,0.5,1.33,1.33,0,0.0,0,0.0,0.0,0.0,2025-12-12,0.0,0.0
"Nov 15, 2025 - Jan 11, 2026",Auto Campaign 1 Signal Capture,468170906203317,Ad Group - Signal Capture,297953927298564,substitutes,TARGETING_EXPRESSION_PREDEFINED,B0FFHKD8LW,USD,1,1,1.0,0.5,0.5,0,0.0,0,0.0,0.0,0.0,2025-11-15,0.0,0.0
"Jul 21, 2025 - Jul 23, 2025",Auto Campaign 1 Signal Capture,468170906203317,Ad Group - Signal Capture,297953927298564,loose-match,TARGETING_EXPRESSION_PREDEFINED,olive oil relaxer normal,USD,2,1,0.5,0.63,0.63,0,0.0,0,0.0,0.0,0.0,2025-07-21,0.0,0.0
"Dec 12, 2025 - Dec 20, 2025",BROAD MATCH CAMPAIGN,306896079483800,Broad Keyword,284907010614606,hair growth oil,BROAD,curlis rosemary & lavender hair growth oil,USD,13,1,0.07692307692307693,1.32,1.32,0,0.0,0,0.0,0.0,0.0,2025-12-12,0.0,0.0
"Sep 02, 2025 - Mar 16, 2026",BROAD MATCH CAMPAIGN,306896079483800,Broad Keyword,284907010614606,batana oil,BROAD,dcxc batana oil,USD,1707,7,0.004100761570005858,0.81286,5.69,1,16.99,1,2.98594,5.69,0.0,2025-09-02,0.3349028840494409,0.14285714285714285
"Oct 01, 2025 - Mar 20, 2026",PRODUCT TARGETING EXACT CAMPAIGN,295732523762026,ASIN Exact targeting,517907737835689,"asin-expanded=""B000V8MTIC""",TARGETING_EXPRESSION,B01NBIYOCP,USD,625,2,0.0032,0.6,1.2,0,0.0,0,0.0,0.0,0.0,2025-10-01,0.0,0.0
"Nov 25, 2025 - Jan 10, 2026",Batana Hair oil pharase Manual,292247191707127,Phrase Keywords,465120102858213,hair growth oil,PHRASE,san curly girl hair growth oil,USD,3,1,0.3333333333333333,0.65,0.65,0,0.0,0,0.0,0.0,0.0,2025-11-25,0.0,0.0
"Jan 23, 2026 - Feb 06, 2026",Batana Oil Exact Ranking,116719674392449,High Intent,417102371297812,"keyword-group=""Keywords related to your product category""",TARGETING_EXPRESSION,hair oil for curly hair,USD,225,2,0.008888888888888889,2.04,4.08,1,16.99,1,4.16422,4.08,0.0,2026-01-23,0.2401412595644497,0.5
"Dec 02, 2025 - Mar 12, 2026",BROAD MATCH CAMPAIGN,306896079483800,Broad Keyword,284907010614606,hair growth batana oil,BROAD,gaayou batana oil for hair growth,USD,41,2,0.04878048780487805,0.715,1.43,0,0.0,0,0.0,0.0,0.0,2025-12-02,0.0,0.0
"Sep 08, 2025 - Jan 06, 2026",BROAD MATCH CAMPAIGN,306896079483800,Broad Keyword,284907010614606,hair growth oil,BROAD,edge growth oil for black hair,USD,25,1,0.04,1.52,1.52,0,0.0,0,0.0,0.0,0.0,2025-09-08,0.0,0.0
"Aug 31, 2025 - Mar 19, 2026",Batana Hair oil pharase Manual,292247191707127,Phrase Keywords,465120102858213,hair moisturizer,PHRASE,black hair moisturizer for natural hair,USD,62,1,0.016129032258064516,0.59,0.59,0,0.0,0,0.0,0.0,0.0,2025-08-31,0.0,0.0
"Sep 30, 2025 - Sep 30, 2025",BROAD MATCH CAMPAIGN,306896079483800,Broad Keyword,284907010614606,hair growth,BROAD,hair growth edge gel,USD,1,1,1.0,0.52,0.52,0,0.0,0,0.0,0.0,0.0,2025-09-30,0.0,0.0
"Sep 08, 2025 - Jan 17, 2026",BROAD MATCH CAMPAIGN,306896079483800,Broad Keyword,284907010614606,hair growth oil,BROAD,labanta batana oil for hair growth,USD,539,1,0.0018552875695732839,1.35,1.35,0,0.0,0,0.0,0.0,0.0,2025-09-08,0.0,0.0
"Sep 22, 2025 - Dec 10, 2025",BROAD MATCH CAMPAIGN,306896079483800,Broad Keyword,284907010614606,hair growth oil,BROAD,netergold hair growth oil,USD,3,1,0.3333333333333333,1.45,1.45,0,0.0,0,0.0,0.0,0.0,2025-09-22,0.0,0.0
"Jan 07, 2026 - Jan 07, 2026",Auto Campaign 1 Signal Capture,468170906203317,Ad Group - Signal Capture,297953927298564,loose-match,TARGETING_EXPRESSION_PREDEFINED,oils for edge regrowth,USD,1,1,1.0,0.5,0.5,0,0.0,0,0.0,0.0,0.0,2026-01-07,0.0,0.0
"Jan 28, 2026 - Feb 03, 2026",Batana Oil Phrase Match,212832079341322,Batana Oil Phrase Match,450560731451216,growth,PHRASE,batana natural hair growth oil,USD,75,1,0.013333333333333334,0.92,0.92,0,0.0,0,0.0,0.0,0.0,2026-01-28,0.0,0.0
"Sep 11, 2025 - Dec 18, 2025",BROAD MATCH CAMPAIGN,306896079483800,Broad Keyword,284907010614606,hair growth oil,BROAD,never before now hair growth oil,USD,20,1,0.05,0.8,0.8,0,0.0,0,0.0,0.0,0.0,2025-09-11,0.0,0.0
"Sep 08, 2025 - Mar 10, 2026",BROAD MATCH CAMPAIGN,306896079483800,Broad Keyword,284907010614606,hair growth oil,BROAD,bantana natural hair growth oil dr sebi,USD,148,2,0.013513513513513514,1.235,2.47,1,9.99,1,4.04453,2.47,0.0,2025-09-08,0.24724724724724725,0.5
"Dec 09, 2025 - Jan 04, 2026",Auto Campaign 1 Signal Capture,468170906203317,Ad Group - Signal Capture,297953927298564,substitutes,TARGETING_EXPRESSION_PREDEFINED,B00BGL5AIE,USD,9,1,0.1111111111111111,0.5,0.5,0,0.0,0,0.0,0.0,0.0,2025-12-09,0.0,0.0
"Nov 26, 2025 - Nov 26, 2025",BROAD MATCH CAMPAIGN,306896079483800,Broad Keyword,284907010614606,batana oil,BROAD,batana oil handmade,USD,1,1,1.0,0.82,0.82,0,0.0,0,0.0,0.0,0.0,2025-11-26,0.0,0.0
"Dec 27, 2025 - Jan 06, 2026",Auto Campaign 1 Signal Capture,468170906203317,Ad Group - Signal Capture,297953927298564,substitutes,TARGETING_EXPRESSION_PREDEFINED,B000ZNWZ78,USD,3,1,0.3333333333333333,0.5,0.5,0,0.0,0,0.0,0.0,0.0,2025-12-27,0.0,0.0
"Sep 08, 2025 - Jan 22, 2026",BROAD MATCH CAMPAIGN,306896079483800,Broad Keyword,284907010614606,hair growth oil,BROAD,batama oil for hair growth,USD,2908,18,0.006189821182943604,0.92889,16.72,3,43.97,3,2.62979,5.57333,0.0,2025-09-08,0.3802592676825108,0.16666666666666666
"Jul 07, 2025 - Dec 09, 2025",PRODUCT TARGETING EXACT CAMPAIGN,295732523762026,ASIN Exact targeting,517907737835689,"asin=""B0F3BB1B6Z""",TARGETING_EXPRESSION,B0F3BB1B6Z,USD,383,3,0.007832898172323759,0.56667,1.7,0,0.0,0,0.0,0.0,0.0,2025-07-07,0.0,0.0
"Dec 10, 2025 - Dec 12, 2025",PRODUCT TARGETING EXACT CAMPAIGN,295732523762026,ASIN Exact targeting,517907737835689,"asin-expanded=""B0BCR43SCW""",TARGETING_EXPRESSION,B08T2WP81T,USD,4,1,0.25,0.65,0.65,0,0.0,0,0.0,0.0,0.0,2025-12-10,0.0,0.0
"Dec 22, 2025 - Dec 22, 2025",BROAD MATCH CAMPAIGN,306896079483800,Broad Keyword,284907010614606,hair oil for hair growth,BROAD,life queen crack hair growth oil,USD,1,1,1.0,1.05,1.05,0,0.0,0,0.0,0.0,0.0,2025-12-22,0.0,0.0
"Sep 01, 2025 - Jan 19, 2026",Auto Campaign 1 Signal Capture,468170906203317,Ad Group - Signal Capture,297953927298564,substitutes,TARGETING_EXPRESSION_PREDEFINED,0,USD,138,1,0.007246376811594203,0.75,0.75,0,0.0,0,0.0,0.0,0.0,2025-09-01,0.0,0.0
"Nov 13, 2025 - Dec 22, 2025",Auto Campaign 1 Signal Capture,468170906203317,Ad Group - Signal Capture,297953927298564,loose-match,TARGETING_EXPRESSION_PREDEFINED,blue magic olive oil,USD,9,1,0.1111111111111111,0.45,0.45,0,0.0,0,0.0,0.0,0.0,2025-11-13,0.0,0.0
"Sep 08, 2025 - Mar 16, 2026",BROAD MATCH CAMPAIGN,306896079483800,Broad Keyword,284907010614606,hair growth oil,BROAD,dr sebi hair growth oil,USD,83,1,0.012048192771084338,1.04,1.04,0,0.0,0,0.0,0.0,0.0,2025-09-08,0.0,0.0
"Feb 01, 2026 - Feb 01, 2026",Auto Campaign 2 Cheap Discovery,163081140507766,Ad Group Cheap Discovery,391494289840856,loose-match,TARGETING_EXPRESSION_PREDEFINED,the verb ghost oil,USD,1,1,1.0,0.66,0.66,0,0.0,0,0.0,0.0,0.0,2026-02-01,0.0,0.0
"Sep 06, 2025 - Sep 06, 2025",BROAD MATCH CAMPAIGN,306896079483800,Broad Keyword,284907010614606,batana oil hair growth,BROAD,feibth batana oil for hair growth,USD,1,1,1.0,0.88,0.88,0,0.0,0,0.0,0.0,0.0,2025-09-06,0.0,0.0
"Feb 25, 2026 - Feb 25, 2026",Auto Campaign 1 Signal Capture,468170906203317,Ad Group - Signal Capture,297953927298564,loose-match,TARGETING_EXPRESSION_PREDEFINED,organic hair oil for hair growth,USD,1,1,1.0,3.09,3.09,0,0.0,0,0.0,0.0,0.0,2026-02-25,0.0,0.0
"Nov 17, 2025 - Nov 17, 2025",BROAD MATCH CAMPAIGN,306896079483800,Broad Keyword,284907010614606,hair growth oil,BROAD,dola hair growth oil,USD,1,1,1.0,0.68,0.68,0,0.0,0,0.0,0.0,0.0,2025-11-17,0.0,0.0
"Sep 24, 2025 - Nov 01, 2025",BROAD MATCH CAMPAIGN,306896079483800,Broad Keyword,284907010614606,best hair growth products for women,BROAD,hair growth products,USD,51,1,0.0196078431372549,0.59,0.59,0,0.0,0,0.0,0.0,0.0,2025-09-24,0.0,0.0
"Sep 01, 2025 - Mar 09, 2026",Auto Campaign 1 Signal Capture,468170906203317,Ad Group - Signal Capture,297953927298564,loose-match,TARGETING_EXPRESSION_PREDEFINED,mielle hair products,USD,33,1,0.030303030303030304,0.55,0.55,0,0.0,0,0.0,0.0,0.0,2025-09-01,0.0,0.0
"Nov 25, 2025 - Jan 07, 2026",PRODUCT TARGETING EXACT CAMPAIGN,295732523762026,ASIN Exact targeting,517907737835689,"asin-expanded=""B01I2ZQJSG""",TARGETING_EXPRESSION,B0FHB76Z2P,USD,19,1,0.05263157894736842,0.17,0.17,0,0.0,0,0.0,0.0,0.0,2025-11-25,0.0,0.0
"Sep 08, 2025 - Dec 16, 2025",BROAD MATCH CAMPAIGN,306896079483800,Broad Keyword,284907010614606,hair growth oil,BROAD,apricot oil for hair growth,USD,5,1,0.2,1.93,1.93,0,0.0,0,0.0,0.0,0.0,2025-09-08,0.0,0.0
"Sep 10, 2025 - Jan 15, 2026",PRODUCT TARGETING EXACT CAMPAIGN,295732523762026,ASIN Exact targeting,517907737835689,"asin-expanded=""B0DCX7628T""",TARGETING_EXPRESSION,B0D1KJK17M,USD,5,1,0.2,0.68,0.68,0,0.0,0,0.0,0.0,0.0,2025-09-10,0.0,0.0
"Nov 23, 2025 - Nov 23, 2025",Auto Campaign 1 Signal Capture,468170906203317,Ad Group - Signal Capture,297953927298564,substitutes,TARGETING_EXPRESSION_PREDEFINED,B0FBHGSW4P,USD,1,1,1.0,0.15,0.15,0,0.0,0,0.0,0.0,0.0,2025-11-23,0.0,0.0
"Sep 07, 2025 - Jan 22, 2026",PRODUCT TARGETING EXACT CAMPAIGN,295732523762026,ASIN Exact targeting,517907737835689,"asin-expanded=""B0DCX7628T""",TARGETING_EXPRESSION,B0D6BMGP8Z,USD,880,12,0.013636363636363636,0.78833,9.46,0,0.0,0,0.0,0.0,0.0,2025-09-07,0.0,0.0
"Sep 28, 2025 - Mar 18, 2026",PRODUCT TARGETING EXACT CAMPAIGN,295732523762026,ASIN Exact targeting,517907737835689,"asin-expanded=""B000V8MTIC""",TARGETING_EXPRESSION,B000NHJKTW,USD,58,1,0.017241379310344827,0.42,0.42,0,0.0,0,0.0,0.0,0.0,2025-09-28,0.0,0.0
"Sep 22, 2025 - Jan 10, 2026",BROAD MATCH CAMPAIGN,306896079483800,Broad Keyword,284907010614606,hair growth oil,BROAD,rosemary growth hair oil,USD,86,1,0.011627906976744186,0.82,0.82,0,0.0,0,0.0,0.0,0.0,2025-09-22,0.0,0.0
"Sep 10, 2025 - Sep 10, 2025",BROAD MATCH CAMPAIGN,306896079483800,Broad Keyword,284907010614606,hair growth oil,BROAD,scalp oil hair growth smell good,USD,1,1,1.0,1.04,1.04,0,0.0,0,0.0,0.0,0.0,2025-09-10,0.0,0.0
"Aug 07, 2025 - Jan 02, 2026",Auto Campaign 1 Signal Capture,468170906203317,Ad Group - Signal Capture,297953927298564,substitutes,TARGETING_EXPRESSION_PREDEFINED,B0BRDDYSH2,USD,2,1,0.5,0.54,0.54,0,0.0,0,0.0,0.0,0.0,2025-08-07,0.0,0.0
"Mar 08, 2026 - Mar 08, 2026",Auto Campaign 1 Signal Capture,468170906203317,Ad Group - Signal Capture,297953927298564,loose-match,TARGETING_EXPRESSION_PREDEFINED,lavanta braid hair oil,USD,1,1,1.0,0.86,0.86,0,0.0,0,0.0,0.0,0.0,2026-03-08,0.0,0.0
"Feb 12, 2026 - Mar 16, 2026",Batana Hair oil pharase Manual,292247191707127,Phrase Keywords,465120102858213,batana,PHRASE,dersie batana oil,USD,49,1,0.02040816326530612,2.01,2.01,0,0.0,0,0.0,0.0,0.0,2026-02-12,0.0,0.0
"Jul 23, 2025 - Jul 23, 2025",Auto Campaign 1 Signal Capture,468170906203317,Ad Group - Signal Capture,297953927298564,loose-match,TARGETING_EXPRESSION_PREDEFINED,batana oil daily moisturizer leave in,USD,1,1,1.0,0.63,0.63,0,0.0,0,0.0,0.0,0.0,2025-07-23,0.0,0.0
"Oct 28, 2025 - Dec 10, 2025",BROAD MATCH CAMPAIGN,306896079483800,Broad Keyword,284907010614606,hair growth,BROAD,rosemary water spray for hair growth,USD,8,1,0.125,1.2,1.2,0,0.0,0,0.0,0.0,0.0,2025-10-28,0.0,0.0
"Feb 12, 2026 - Mar 17, 2026",Batana Hair oil pharase Manual,292247191707127,Phrase Keywords,465120102858213,batana,PHRASE,batana oil shampoo and conditioner,USD,19,1,0.05263157894736842,1.97,1.97,0,0.0,0,0.0,0.0,0.0,2026-02-12,0.0,0.0
"Oct 25, 2025 - Oct 25, 2025",Batana Hair oil pharase Manual,292247191707127,Phrase Keywords,465120102858213,hair growth oil,PHRASE,doogro hair growth oil,USD,1,1,1.0,0.45,0.45,0,0.0,0,0.0,0.0,0.0,2025-10-25,0.0,0.0
"Sep 07, 2025 - Dec 08, 2025",BROAD MATCH CAMPAIGN,306896079483800,Broad Keyword,284907010614606,batana oil 100,BROAD,100 batana oil,USD,59,1,0.01694915254237288,0.75,0.75,0,0.0,0,0.0,0.0,0.0,2025-09-07,0.0,0.0
"Sep 08, 2025 - Dec 20, 2025",BROAD MATCH CAMPAIGN,306896079483800,Broad Keyword,284907010614606,hair growth oil,BROAD,bataba oil for hair growth vital,USD,23,1,0.043478260869565216,1.12,1.12,0,0.0,0,0.0,0.0,0.0,2025-09-08,0.0,0.0
"Jan 23, 2026 - Feb 05, 2026",Batana Oil Exact Ranking,116719674392449,High Intent,417102371297812,"keyword-group=""Keywords related to your product category""",TARGETING_EXPRESSION,hair growth oil,USD,4768,11,0.002307046979865772,1.85091,20.36,1,16.99,1,0.83448,20.36,0.0,2026-01-23,1.1983519717480873,0.09090909090909091
"Dec 11, 2025 - Jan 04, 2026",BROAD MATCH CAMPAIGN,306896079483800,Broad Keyword,284907010614606,hair growth,BROAD,hair growth tips,USD,37,1,0.02702702702702703,0.24,0.24,0,0.0,0,0.0,0.0,0.0,2025-12-11,0.0,0.0
"Nov 25, 2025 - Jan 04, 2026",PRODUCT TARGETING EXACT CAMPAIGN,295732523762026,ASIN Exact targeting,517907737835689,"asin-expanded=""B0DCX7628T""",TARGETING_EXPRESSION,B0CGS2D8J8,USD,58,2,0.034482758620689655,0.6,1.2,0,0.0,0,0.0,0.0,0.0,2025-11-25,0.0,0.0
"Aug 31, 2025 - Mar 11, 2026",Auto Campaign 1 Signal Capture,468170906203317,Ad Group - Signal Capture,297953927298564,substitutes,TARGETING_EXPRESSION_PREDEFINED,B01NBIYOCP,USD,107,2,0.018691588785046728,0.42,0.84,0,0.0,0,0.0,0.0,0.0,2025-08-31,0.0,0.0
"Oct 20, 2025 - Oct 20, 2025",Auto Campaign 1 Signal Capture,468170906203317,Ad Group - Signal Capture,297953927298564,substitutes,TARGETING_EXPRESSION_PREDEFINED,B07ZDKN9W6,USD,1,1,1.0,0.25,0.25,0,0.0,0,0.0,0.0,0.0,2025-10-20,0.0,0.0
"Sep 16, 2025 - Sep 16, 2025",BROAD MATCH CAMPAIGN,306896079483800,Broad Keyword,284907010614606,hair growth oil,BROAD,hernaturals.co hair growth oil,USD,1,1,1.0,1.35,1.35,0,0.0,0,0.0,0.0,0.0,2025-09-16,0.0,0.0
"Sep 06, 2025 - Oct 20, 2025",BROAD MATCH CAMPAIGN,306896079483800,Broad Keyword,284907010614606,hair growth,BROAD,burdock oil for hair growth,USD,5,1,0.2,0.52,0.52,0,0.0,0,0.0,0.0,0.0,2025-09-06,0.0,0.0
"Feb 11, 2026 - Mar 19, 2026",Auto Campaign 1 Signal Capture,468170906203317,Ad Group - Signal Capture,297953927298564,close-match,TARGETING_EXPRESSION_PREDEFINED,hair oil for natural hair,USD,730,1,0.0013698630136986301,1.23,1.23,0,0.0,0,0.0,0.0,0.0,2026-02-11,0.0,0.0
"Sep 25, 2025 - Sep 25, 2025",Auto Campaign 1 Signal Capture,468170906203317,Ad Group - Signal Capture,297953927298564,loose-match,TARGETING_EXPRESSION_PREDEFINED,hair oil for dry black people hair,USD,1,1,1.0,0.55,0.55,1,11.99,1,21.8,0.55,0.0,2025-09-25,0.045871559633027525,1.0
"Sep 08, 2025 - Mar 10, 2026",BROAD MATCH CAMPAIGN,306896079483800,Broad Keyword,284907010614606,hair growth oil,BROAD,carol's daughter hair growth oil,USD,1630,14,0.008588957055214725,0.83071,11.63,1,9.99,1,0.85899,11.63,0.0,2025-09-08,1.1641641641641642,0.07142857142857142
"Jan 31, 2026 - Feb 05, 2026",Auto Campaign 2 Cheap Discovery,163081140507766,Ad Group Cheap Discovery,391494289840856,substitutes,TARGETING_EXPRESSION_PREDEFINED,B0FC5V9L66,USD,7,1,0.14285714285714285,0.66,0.66,0,0.0,0,0.0,0.0,0.0,2026-01-31,0.0,0.0
"Dec 05, 2025 - Dec 05, 2025",Auto Campaign 1 Signal Capture,468170906203317,Ad Group - Signal Capture,297953927298564,substitutes,TARGETING_EXPRESSION_PREDEFINED,B08W34TJPK,USD,4,1,0.25,0.55,0.55,0,0.0,0,0.0,0.0,0.0,2025-12-05,0.0,0.0
"Sep 22, 2025 - Sep 22, 2025",Batana Hair oil pharase Manual,292247191707127,Phrase Keywords,465120102858213,hair moisturizer,PHRASE,arab hair moisturizer,USD,2,1,0.5,0.5,0.5,0,0.0,0,0.0,0.0,0.0,2025-09-22,0.0,0.0
"Sep 10, 2025 - Sep 20, 2025",BROAD MATCH CAMPAIGN,306896079483800,Broad Keyword,284907010614606,hair growth oil,BROAD,yetaim batana oil for hair growth,USD,9,1,0.1111111111111111,1.35,1.35,0,0.0,0,0.0,0.0,0.0,2025-09-10,0.0,0.0
"Sep 08, 2025 - Mar 14, 2026",BROAD MATCH CAMPAIGN,306896079483800,Broad Keyword,284907010614606,hair growth oil,BROAD,oil for hair growth,USD,455,2,0.004395604395604396,1.08,2.16,1,11.99,1,5.55093,2.16,0.0,2025-09-08,0.18015012510425354,0.5
"Jul 04, 2025 - Feb 10, 2026",Auto Campaign 1 Signal Capture,468170906203317,Ad Group - Signal Capture,297953927298564,close-match,TARGETING_EXPRESSION_PREDEFINED,batana oil for hair,USD,128,1,0.0078125,1.4,1.4,0,0.0,0,0.0,0.0,0.0,2025-07-04,0.0,0.0
"Sep 03, 2025 - Mar 15, 2026",BROAD MATCH CAMPAIGN,306896079483800,Broad Keyword,284907010614606,hair growth,BROAD,lumin hair growth gummies,USD,15,1,0.06666666666666667,1.17,1.17,0,0.0,0,0.0,0.0,0.0,2025-09-03,0.0,0.0
"Oct 15, 2025 - Jan 22, 2026",PRODUCT TARGETING EXACT CAMPAIGN,295732523762026,ASIN Exact targeting,517907737835689,"asin-expanded=""B000V8MTIC""",TARGETING_EXPRESSION,B006FJPKT6,USD,120,1,0.008333333333333333,0.65,0.65,1,16.99,1,26.13846,0.65,0.0,2025-10-15,0.038257798705120666,1.0
"Sep 10, 2025 - Jan 19, 2026",PRODUCT TARGETING EXACT CAMPAIGN,295732523762026,ASIN Exact targeting,517907737835689,"asin-expanded=""B01I2ZQJSG""",TARGETING_EXPRESSION,B08KT2Y49F,USD,17,1,0.058823529411764705,0.5,0.5,0,0.0,0,0.0,0.0,0.0,2025-09-10,0.0,0.0
"Nov 30, 2025 - Jan 20, 2026",BROAD MATCH CAMPAIGN,306896079483800,Broad Keyword,284907010614606,hair growth batana oil,BROAD,raw batana oil for hair growth,USD,589,3,0.0050933786078098476,0.89,2.67,1,16.99,1,6.3633,2.67,0.0,2025-11-30,0.15715126545026487,0.3333333333333333
"Sep 12, 2025 - Nov 17, 2025",BROAD MATCH CAMPAIGN,306896079483800,Broad Keyword,284907010614606,hair growth,BROAD,sulfur hair growth,USD,4,1,0.25,0.82,0.82,1,9.99,1,12.18293,0.82,0.0,2025-09-12,0.08208208208208208,1.0
"Jan 23, 2026 - Jan 27, 2026",Batana Oil Exact Ranking,116719674392449,High Intent,417102371297812,"keyword-group=""Keywords related to your product category""",TARGETING_EXPRESSION,amla hair oil for hair growth,USD,95,1,0.010526315789473684,1.95,1.95,0,0.0,0,0.0,0.0,0.0,2026-01-23,0.0,0.0
"Aug 30, 2025 - Mar 09, 2026",Batana Hair oil pharase Manual,292247191707127,Phrase Keywords,465120102858213,hair growth,PHRASE,hair oils for hair growth,USD,729,4,0.0054869684499314125,0.64,2.56,0,0.0,0,0.0,0.0,0.0,2025-08-30,0.0,0.0
"Sep 08, 2025 - Sep 08, 2025",Batana Hair oil pharase Manual,292247191707127,Phrase Keywords,465120102858213,hair growth,PHRASE,her for hair growth,USD,1,1,1.0,0.2,0.2,0,0.0,0,0.0,0.0,0.0,2025-09-08,0.0,0.0
"Nov 27, 2025 - Nov 27, 2025",Auto Campaign 1 Signal Capture,468170906203317,Ad Group - Signal Capture,297953927298564,loose-match,TARGETING_EXPRESSION_PREDEFINED,bagana oil for hairline,USD,1,1,1.0,0.45,0.45,0,0.0,0,0.0,0.0,0.0,2025-11-27,0.0,0.0
"Nov 16, 2025 - Dec 05, 2025",PRODUCT TARGETING EXPANDED CAMPAIGN,488143762344483,ASIN Expanded targeting,501339022401488,"asin-expanded=""B0DL5LB7JH""",TARGETING_EXPRESSION,B07KWKJPNF,USD,26,1,0.038461538461538464,0.5,0.5,0,0.0,0,0.0,0.0,0.0,2025-11-16,0.0,0.0
"Sep 11, 2025 - Nov 01, 2025",PRODUCT TARGETING EXACT CAMPAIGN,295732523762026,ASIN Exact targeting,517907737835689,"asin-expanded=""B0DW3YH4WH""",TARGETING_EXPRESSION,B07FCY7676,USD,9,1,0.1111111111111111,0.4,0.4,0,0.0,0,0.0,0.0,0.0,2025-09-11,0.0,0.0
"Sep 10, 2025 - Jan 19, 2026",PRODUCT TARGETING EXACT CAMPAIGN,295732523762026,ASIN Exact targeting,517907737835689,"asin-expanded=""B0DCX7628T""",TARGETING_EXPRESSION,B0D1VWZXDX,USD,127,1,0.007874015748031496,0.79,0.79,0,0.0,0,0.0,0.0,0.0,2025-09-10,0.0,0.0
"Jul 16, 2025 - Mar 11, 2026",Auto Campaign 1 Signal Capture,468170906203317,Ad Group - Signal Capture,297953927298564,substitutes,TARGETING_EXPRESSION_PREDEFINED,B0DR1VRVS5,USD,178,3,0.016853932584269662,0.64667,1.94,0,0.0,0,0.0,0.0,0.0,2025-07-16,0.0,0.0
"Dec 30, 2025 - Dec 30, 2025",Batana Hair oil pharase Manual,292247191707127,Phrase Keywords,465120102858213,hair growth,PHRASE,bask & leather scalp stimulator l hair growth oil,USD,1,1,1.0,0.65,0.65,0,0.0,0,0.0,0.0,0.0,2025-12-30,0.0,0.0
"Feb 01, 2026 - Feb 01, 2026",Batana Oil Phrase Match,212832079341322,Batana Oil Phrase Match,450560731451216,hair growth,PHRASE,leave in conditioner for hair growth,USD,1,1,1.0,0.92,0.92,0,0.0,0,0.0,0.0,0.0,2026-02-01,0.0,0.0
"Nov 18, 2025 - Nov 18, 2025",Auto Campaign 1 Signal Capture,468170906203317,Ad Group - Signal Capture,297953927298564,loose-match,TARGETING_EXPRESSION_PREDEFINED,eternal passion,USD,1,1,1.0,0.45,0.45,0,0.0,0,0.0,0.0,0.0,2025-11-18,0.0,0.0
"Jul 19, 2025 - Dec 03, 2025",Auto Campaign 1 Signal Capture,468170906203317,Ad Group - Signal Capture,297953927298564,loose-match,TARGETING_EXPRESSION_PREDEFINED,deya,USD,6,1,0.16666666666666666,0.37,0.37,0,0.0,0,0.0,0.0,0.0,2025-07-19,0.0,0.0
"Nov 15, 2025 - Dec 01, 2025",PRODUCT TARGETING EXPANDED CAMPAIGN,488143762344483,ASIN Expanded targeting,501339022401488,"asin-expanded=""B0DCX7628T""",TARGETING_EXPRESSION,B074LSYFTJ,USD,16,1,0.0625,0.5,0.5,0,0.0,0,0.0,0.0,0.0,2025-11-15,0.0,0.0
"Sep 08, 2025 - Mar 19, 2026",BROAD MATCH CAMPAIGN,306896079483800,Broad Keyword,284907010614606,hair growth oil,BROAD,tma extra strength hair growth oil,USD,304,1,0.003289473684210526,0.9,0.9,0,0.0,0,0.0,0.0,0.0,2025-09-08,0.0,0.0
"Nov 27, 2025 - Mar 20, 2026",BROAD MATCH CAMPAIGN,306896079483800,Broad Keyword,284907010614606,pure batana oil,BROAD,pure batana oil,USD,32,2,0.0625,0.685,1.37,0,0.0,0,0.0,0.0,0.0,2025-11-27,0.0,0.0
"Sep 08, 2025 - Sep 24, 2025",BROAD MATCH CAMPAIGN,306896079483800,Broad Keyword,284907010614606,hair growth oil,BROAD,clothes of skin batana oil for hair growth,USD,174,2,0.011494252873563218,0.84,1.68,0,0.0,0,0.0,0.0,0.0,2025-09-08,0.0,0.0
"Mar 08, 2026 - Mar 16, 2026",PRODUCT TARGETING EXACT CAMPAIGN,295732523762026,ASIN Exact targeting,517907737835689,"asin=""B01I2ZQJSG""",TARGETING_EXPRESSION,betaine mask hair,USD,47,2,0.0425531914893617,1.02,2.04,0,0.0,0,0.0,0.0,0.0,2026-03-08,0.0,0.0
"Sep 06, 2025 - Sep 06, 2025",BROAD MATCH CAMPAIGN,306896079483800,Broad Keyword,284907010614606,hair growth,BROAD,hers hair growth,USD,1,1,1.0,1.35,1.35,0,0.0,0,0.0,0.0,0.0,2025-09-06,0.0,0.0
"Sep 05, 2025 - Jan 21, 2026",Batana Hair oil pharase Manual,292247191707127,Phrase Keywords,465120102858213,hair growth,PHRASE,virgin hair fertilizer hair growth,USD,45,1,0.022222222222222223,0.49,0.49,0,0.0,0,0.0,0.0,0.0,2025-09-05,0.0,0.0
"Mar 06, 2026 - Mar 06, 2026",Auto Campaign 1 Signal Capture,468170906203317,Ad Group - Signal Capture,297953927298564,loose-match,TARGETING_EXPRESSION_PREDEFINED,batanaco,USD,1,1,1.0,0.9,0.9,0,0.0,0,0.0,0.0,0.0,2026-03-06,0.0,0.0
"Sep 03, 2025 - Mar 20, 2026",BROAD MATCH CAMPAIGN,306896079483800,Broad Keyword,284907010614606,hair moisturizer for black women,BROAD,hair moisturizer for black women,USD,2293,26,0.0113388573920628,0.80308,20.88,2,28.98,2,1.38793,10.44,0.0,2025-09-03,0.7204968944099378,0.07692307692307693
"Nov 27, 2025 - Mar 16, 2026",BROAD MATCH CAMPAIGN,306896079483800,Broad Keyword,284907010614606,hair growth batana oil,BROAD,batana hair growth oil,USD,90,1,0.011111111111111112,1.2,1.2,0,0.0,0,0.0,0.0,0.0,2025-11-27,0.0,0.0
"Dec 03, 2025 - Mar 20, 2026",BROAD MATCH CAMPAIGN,306896079483800,Broad Keyword,284907010614606,hair growth batana oil,BROAD,azure batana oil for hair growth,USD,249,1,0.004016064257028112,0.92,0.92,0,0.0,0,0.0,0.0,0.0,2025-12-03,0.0,0.0
"Sep 28, 2025 - Jan 15, 2026",PRODUCT TARGETING EXACT CAMPAIGN,295732523762026,ASIN Exact targeting,517907737835689,"asin-expanded=""B000V8MTIC""",TARGETING_EXPRESSION,B0BX775SWJ,USD,53,2,0.03773584905660377,0.5,1.0,0,0.0,0,0.0,0.0,0.0,2025-09-28,0.0,0.0
"Oct 01, 2025 - Oct 01, 2025",Auto Campaign 1 Signal Capture,468170906203317,Ad Group - Signal Capture,297953927298564,loose-match,TARGETING_EXPRESSION_PREDEFINED,african pride moisture coconut oil,USD,2,1,0.5,0.45,0.45,0,0.0,0,0.0,0.0,0.0,2025-10-01,0.0,0.0
"Jun 21, 2025 - Mar 02, 2026",Auto Campaign 1 Signal Capture,468170906203317,Ad Group - Signal Capture,297953927298564,close-match,TARGETING_EXPRESSION_PREDEFINED,batana oil for hair growth,USD,2930,18,0.0061433447098976105,0.93667,16.86,0,0.0,0,0.0,0.0,0.0,2025-06-21,0.0,0.0
"Feb 15, 2026 - Mar 02, 2026",Batana Hair oil pharase Manual,292247191707127,Phrase Keywords,465120102858213,batana,PHRASE,batana oil leave in,USD,26,2,0.07692307692307693,1.65,3.3,0,0.0,0,0.0,0.0,0.0,2026-02-15,0.0,0.0
"Mar 04, 2026 - Mar 04, 2026",Auto Campaign 1 Signal Capture,468170906203317,Ad Group - Signal Capture,297953927298564,close-match,TARGETING_EXPRESSION_PREDEFINED,botania oil,USD,2,1,0.5,1.2,1.2,1,16.99,1,14.15833,1.2,0.0,2026-03-04,0.07062978222483815,1.0
"Sep 05, 2025 - Nov 18, 2025",BROAD MATCH CAMPAIGN,306896079483800,Broad Keyword,284907010614606,hair growth,BROAD,amla oil for hair growth,USD,339,1,0.0029498525073746312,1.35,1.35,0,0.0,0,0.0,0.0,0.0,2025-09-05,0.0,0.0
"Sep 08, 2025 - Sep 24, 2025",BROAD MATCH CAMPAIGN,306896079483800,Broad Keyword,284907010614606,hair growth oil,BROAD,botanic batana oil for hair growth,USD,557,3,0.005385996409335727,1.06333,3.19,0,0.0,0,0.0,0.0,0.0,2025-09-08,0.0,0.0
"Sep 08, 2025 - Mar 16, 2026",BROAD MATCH CAMPAIGN,306896079483800,Broad Keyword,284907010614606,hair growth oil,BROAD,mustard oil for hair growth,USD,220,1,0.004545454545454545,1.35,1.35,0,0.0,0,0.0,0.0,0.0,2025-09-08,0.0,0.0
"Feb 09, 2026 - Feb 09, 2026",Auto Campaign 1 Signal Capture,468170906203317,Ad Group - Signal Capture,297953927298564,close-match,TARGETING_EXPRESSION_PREDEFINED,hair treatment for strongest hair and growth,USD,1,1,1.0,1.4,1.4,0,0.0,0,0.0,0.0,0.0,2026-02-09,0.0,0.0
"Sep 03, 2025 - Dec 14, 2025",BROAD MATCH CAMPAIGN,306896079483800,Broad Keyword,284907010614606,batana oil hair,BROAD,leave in batana oil for hair growth,USD,72,2,0.027777777777777776,1.65,3.3,1,9.99,1,3.02727,3.3,0.0,2025-09-03,0.3303303303303303,0.5
"Sep 23, 2025 - Nov 22, 2025",BROAD MATCH CAMPAIGN,306896079483800,Broad Keyword,284907010614606,extremely fast hair growth,BROAD,hair growth products,USD,229,1,0.004366812227074236,1.12,1.12,0,0.0,0,0.0,0.0,0.0,2025-09-23,0.0,0.0
"Feb 27, 2026 - Feb 27, 2026",Auto Campaign 1 Signal Capture,468170906203317,Ad Group - Signal Capture,297953927298564,loose-match,TARGETING_EXPRESSION_PREDEFINED,tea tree moisturizer hair and body,USD,1,1,1.0,2.28,2.28,0,0.0,0,0.0,0.0,0.0,2026-02-27,0.0,0.0
"Jan 22, 2026 - Jan 22, 2026",Auto Campaign 2 Cheap Discovery,163081140507766,Ad Group Cheap Discovery,391494289840856,loose-match,TARGETING_EXPRESSION_PREDEFINED,bataba oil honduran,USD,1,1,1.0,1.98,1.98,0,0.0,0,0.0,0.0,0.0,2026-01-22,0.0,0.0
"Sep 25, 2025 - Dec 27, 2025",Auto Campaign 1 Signal Capture,468170906203317,Ad Group - Signal Capture,297953927298564,loose-match,TARGETING_EXPRESSION_PREDEFINED,camille rose edge control,USD,6,1,0.16666666666666666,0.45,0.45,0,0.0,0,0.0,0.0,0.0,2025-09-25,0.0,0.0
"Oct 22, 2025 - Jan 10, 2026",PRODUCT TARGETING EXACT CAMPAIGN,295732523762026,ASIN Exact targeting,517907737835689,"asin-expanded=""B000V8MTIC""",TARGETING_EXPRESSION,B00329TN3Q,USD,36,1,0.027777777777777776,0.6,0.6,0,0.0,0,0.0,0.0,0.0,2025-10-22,0.0,0.0
"Jul 08, 2025 - Dec 10, 2025",PRODUCT TARGETING EXACT CAMPAIGN,295732523762026,ASIN Exact targeting,517907737835689,"asin=""B0DL5LB7JH""",TARGETING_EXPRESSION,B0DL5LB7JH,USD,513,5,0.009746588693957114,0.49,2.45,0,0.0,0,0.0,0.0,0.0,2025-07-08,0.0,0.0
"Oct 14, 2025 - Jan 07, 2026",Auto Campaign 1 Signal Capture,468170906203317,Ad Group - Signal Capture,297953927298564,substitutes,TARGETING_EXPRESSION_PREDEFINED,B09YKFR6V1,USD,18,1,0.05555555555555555,0.4,0.4,0,0.0,0,0.0,0.0,0.0,2025-10-14,0.0,0.0
"Sep 06, 2025 - Sep 06, 2025",BROAD MATCH CAMPAIGN,306896079483800,Broad Keyword,284907010614606,hair growth,BROAD,teen mega hair growth products,USD,1,1,1.0,1.57,1.57,0,0.0,0,0.0,0.0,0.0,2025-09-06,0.0,0.0
"Sep 10, 2025 - Oct 29, 2025",Batana Hair oil pharase Manual,292247191707127,Phrase Keywords,465120102858213,hair moisturizer,PHRASE,herbal hair moisturizer,USD,5,1,0.2,0.7,0.7,0,0.0,0,0.0,0.0,0.0,2025-09-10,0.0,0.0
"Sep 26, 2025 - Dec 13, 2025",BROAD MATCH CAMPAIGN,306896079483800,Broad Keyword,284907010614606,batana oil,BROAD,batana oil edge control,USD,25,1,0.04,0.82,0.82,0,0.0,0,0.0,0.0,0.0,2025-09-26,0.0,0.0
"Sep 23, 2025 - Sep 24, 2025",BROAD MATCH CAMPAIGN,306896079483800,Broad Keyword,284907010614606,hair growth max,BROAD,hair growth products,USD,40,1,0.025,1.12,1.12,0,0.0,0,0.0,0.0,0.0,2025-09-23,0.0,0.0
"Mar 07, 2026 - Mar 08, 2026",PRODUCT TARGETING EXACT CAMPAIGN,295732523762026,ASIN Exact targeting,517907737835689,"asin=""B0CJKSW96B""",TARGETING_EXPRESSION,mielle hair balm,USD,2,1,0.5,0.92,0.92,0,0.0,0,0.0,0.0,0.0,2026-03-07,0.0,0.0
"Sep 27, 2025 - Sep 27, 2025",BROAD MATCH CAMPAIGN,306896079483800,Broad Keyword,284907010614606,hair oil for hair growth,BROAD,lifewitqueenp crack hair growth oil butter,USD,2,1,0.5,0.75,0.75,0,0.0,0,0.0,0.0,0.0,2025-09-27,0.0,0.0
"Feb 12, 2026 - Mar 15, 2026",Batana Hair oil pharase Manual,292247191707127,Phrase Keywords,465120102858213,batana,PHRASE,spoild batana oil,USD,115,1,0.008695652173913044,1.5,1.5,0,0.0,0,0.0,0.0,0.0,2026-02-12,0.0,0.0
"Sep 04, 2025 - Feb 08, 2026",Batana Hair oil pharase Manual,292247191707127,Phrase Keywords,465120102858213,hair moisturizer,PHRASE,olive oil hair moisturizer,USD,218,1,0.0045871559633027525,0.6,0.6,0,0.0,0,0.0,0.0,0.0,2025-09-04,0.0,0.0
"Sep 07, 2025 - Dec 09, 2025",PRODUCT TARGETING EXACT CAMPAIGN,295732523762026,ASIN Exact targeting,517907737835689,"asin-expanded=""B0D6BMGP8Z""",TARGETING_EXPRESSION,B07FK3JVQL,USD,24,1,0.041666666666666664,0.55,0.55,0,0.0,0,0.0,0.0,0.0,2025-09-07,0.0,0.0
"Sep 29, 2025 - Oct 20, 2025",BROAD MATCH CAMPAIGN,306896079483800,Broad Keyword,284907010614606,hair growth,BROAD,amala hair growth oil,USD,74,1,0.013513513513513514,0.52,0.52,0,0.0,0,0.0,0.0,0.0,2025-09-29,0.0,0.0
"Sep 28, 2025 - Mar 17, 2026",PRODUCT TARGETING EXACT CAMPAIGN,295732523762026,ASIN Exact targeting,517907737835689,"asin-expanded=""B000V8MTIC""",TARGETING_EXPRESSION,B001RVKB50,USD,158,1,0.006329113924050633,0.6,0.6,0,0.0,0,0.0,0.0,0.0,2025-09-28,0.0,0.0
"Sep 03, 2025 - Mar 15, 2026",BROAD MATCH CAMPAIGN,306896079483800,Broad Keyword,284907010614606,hair growth oil,BROAD,black castor oil for hair growth,USD,817,6,0.0073439412484700125,0.88667,5.32,1,9.99,1,1.87782,5.32,0.0,2025-09-03,0.5325325325325325,0.16666666666666666
"Sep 02, 2025 - Mar 19, 2026",Batana Hair oil Exact Manual,502286450850716,Exact Keywords,296070289941158,batana,EXACT,batana,USD,6992,39,0.0055778032036613275,0.91667,35.75,3,33.97,3,0.95021,11.91667,0.0,2025-09-02,1.0523991757433029,0.07692307692307693
"Sep 19, 2025 - Jan 12, 2026",Auto Campaign 1 Signal Capture,468170906203317,Ad Group - Signal Capture,297953927298564,substitutes,TARGETING_EXPRESSION_PREDEFINED,B0F23S5Z1W,USD,9,1,0.1111111111111111,0.15,0.15,0,0.0,0,0.0,0.0,0.0,2025-09-19,0.0,0.0
"Jan 31, 2026 - Jan 31, 2026",Auto Campaign 2 Cheap Discovery,163081140507766,Ad Group Cheap Discovery,391494289840856,loose-match,TARGETING_EXPRESSION_PREDEFINED,barana oil by hey keratin,USD,2,2,1.0,0.825,1.65,0,0.0,0,0.0,0.0,0.0,2026-01-31,0.0,0.0
"Sep 04, 2025 - Dec 20, 2025",BROAD MATCH CAMPAIGN,306896079483800,Broad Keyword,284907010614606,hair growth,BROAD,hair growth comb,USD,8,1,0.125,0.7,0.7,0,0.0,0,0.0,0.0,0.0,2025-09-04,0.0,0.0
"Oct 20, 2025 - Dec 21, 2025",BROAD MATCH CAMPAIGN,306896079483800,Broad Keyword,284907010614606,batana oil,BROAD,batana oil organic,USD,77,1,0.012987012987012988,1.12,1.12,0,0.0,0,0.0,0.0,0.0,2025-10-20,0.0,0.0
"Sep 07, 2025 - Nov 18, 2025",BROAD MATCH CAMPAIGN,306896079483800,Broad Keyword,284907010614606,organic batana oil,BROAD,organic batana oil for hair growth,USD,51,1,0.0196078431372549,0.84,0.84,0,0.0,0,0.0,0.0,0.0,2025-09-07,0.0,0.0
"Sep 25, 2025 - Mar 04, 2026",Auto Campaign 1 Signal Capture,468170906203317,Ad Group - Signal Capture,297953927298564,loose-match,TARGETING_EXPRESSION_PREDEFINED,eco black castor and flaxseed oil gel,USD,6,1,0.16666666666666666,0.55,0.55,0,0.0,0,0.0,0.0,0.0,2025-09-25,0.0,0.0
"Mar 14, 2026 - Mar 15, 2026",Auto Campaign 1 Signal Capture,468170906203317,Ad Group - Signal Capture,297953927298564,close-match,TARGETING_EXPRESSION_PREDEFINED,chebe,USD,3,1,0.3333333333333333,0.9,0.9,0,0.0,0,0.0,0.0,0.0,2026-03-14,0.0,0.0
"Sep 02, 2025 - Mar 20, 2026",BROAD MATCH CAMPAIGN,306896079483800,Broad Keyword,284907010614606,batana oil,BROAD,lebanta batana oil,USD,1053,2,0.001899335232668566,0.82,1.64,0,0.0,0,0.0,0.0,0.0,2025-09-02,0.0,0.0
"Nov 06, 2025 - Jan 17, 2026",Batana Hair oil pharase Manual,292247191707127,Phrase Keywords,465120102858213,hair growth oil,PHRASE,jumbo size 10 in 1 hair growth oil,USD,2,1,0.5,0.75,0.75,0,0.0,0,0.0,0.0,0.0,2025-11-06,0.0,0.0
"Jan 11, 2026 - Jan 11, 2026",Batana Hair oil pharase Manual,292247191707127,Phrase Keywords,465120102858213,hair moisturizer,PHRASE,hair moisturizer paraben free,USD,1,1,1.0,0.8,0.8,0,0.0,0,0.0,0.0,0.0,2026-01-11,0.0,0.0
"Dec 16, 2025 - Mar 16, 2026",PRODUCT TARGETING EXACT CAMPAIGN,295732523762026,ASIN Exact targeting,517907737835689,"asin-expanded=""B000V8MTIC""",TARGETING_EXPRESSION,B00692Q9IU,USD,128,2,0.015625,0.255,0.51,0,0.0,0,0.0,0.0,0.0,2025-12-16,0.0,0.0
"Sep 18, 2025 - Dec 04, 2025",BROAD MATCH CAMPAIGN,306896079483800,Broad Keyword,284907010614606,hair growth oil,BROAD,bask and lather hair growth oil bundle,USD,202,1,0.0049504950495049506,0.62,0.62,0,0.0,0,0.0,0.0,0.0,2025-09-18,0.0,0.0
"Sep 05, 2025 - Jan 11, 2026",Batana Hair oil pharase Manual,292247191707127,Phrase Keywords,465120102858213,hair moisturizer,PHRASE,thick hair moisturizer,USD,14,1,0.07142857142857142,0.7,0.7,0,0.0,0,0.0,0.0,0.0,2025-09-05,0.0,0.0
"Sep 08, 2025 - Jan 19, 2026",BROAD MATCH CAMPAIGN,306896079483800,Broad Keyword,284907010614606,hair growth oil,BROAD,botana natural hair growth oil,USD,76,2,0.02631578947368421,1.57,3.14,0,0.0,0,0.0,0.0,0.0,2025-09-08,0.0,0.0
"Sep 06, 2025 - Mar 15, 2026",BROAD MATCH CAMPAIGN,306896079483800,Broad Keyword,284907010614606,hair growth,BROAD,hair growth inhibitor,USD,192,1,0.005208333333333333,0.92,0.92,0,0.0,0,0.0,0.0,0.0,2025-09-06,0.0,0.0
"Aug 03, 2025 - Mar 15, 2026",Auto Campaign 1 Signal Capture,468170906203317,Ad Group - Signal Capture,297953927298564,loose-match,TARGETING_EXPRESSION_PREDEFINED,lola cosmetics hair products,USD,16,1,0.0625,0.67,0.67,0,0.0,0,0.0,0.0,0.0,2025-08-03,0.0,0.0
"Sep 16, 2025 - Dec 14, 2025",BROAD MATCH CAMPAIGN,306896079483800,Broad Keyword,284907010614606,hair growth,BROAD,microneedling for hair growth scalp,USD,5,1,0.2,0.82,0.82,0,0.0,0,0.0,0.0,0.0,2025-09-16,0.0,0.0
"Sep 06, 2025 - Sep 06, 2025",BROAD MATCH CAMPAIGN,306896079483800,Broad Keyword,284907010614606,hair growth,BROAD,bonita oil for hair growth,USD,2,1,0.5,1.34,1.34,0,0.0,0,0.0,0.0,0.0,2025-09-06,0.0,0.0
"Sep 08, 2025 - Sep 24, 2025",BROAD MATCH CAMPAIGN,306896079483800,Broad Keyword,284907010614606,hair growth oil,BROAD,gypsophila batana oil for hair growth,USD,215,3,0.013953488372093023,1.17333,3.52,0,0.0,0,0.0,0.0,0.0,2025-09-08,0.0,0.0
"Sep 06, 2025 - Mar 17, 2026",Batana Hair oil pharase Manual,292247191707127,Phrase Keywords,465120102858213,hair growth oil,PHRASE,difeel hair growth oil,USD,28,1,0.03571428571428571,0.9,0.9,0,0.0,0,0.0,0.0,0.0,2025-09-06,0.0,0.0
"Nov 20, 2025 - Nov 20, 2025",Auto Campaign 1 Signal Capture,468170906203317,Ad Group - Signal Capture,297953927298564,loose-match,TARGETING_EXPRESSION_PREDEFINED,oil 100% honduran,USD,1,1,1.0,0.45,0.45,0,0.0,0,0.0,0.0,0.0,2025-11-20,0.0,0.0
"Sep 04, 2025 - Nov 19, 2025",Batana Hair oil pharase Manual,292247191707127,Phrase Keywords,465120102858213,scalp treatment,PHRASE,design essentials hair and scalp treatment,USD,12,1,0.08333333333333333,0.45,0.45,0,0.0,0,0.0,0.0,0.0,2025-09-04,0.0,0.0
"Feb 25, 2026 - Feb 25, 2026",Auto Campaign 1 Signal Capture,468170906203317,Ad Group - Signal Capture,297953927298564,loose-match,TARGETING_EXPRESSION_PREDEFINED,bandana natural oil hair growth,USD,1,1,1.0,2.0,2.0,0,0.0,0,0.0,0.0,0.0,2026-02-25,0.0,0.0
"Feb 12, 2026 - Mar 16, 2026",Batana Hair oil pharase Manual,292247191707127,Phrase Keywords,465120102858213,batana,PHRASE,kuri nuka batana oil,USD,84,1,0.011904761904761904,1.5,1.5,0,0.0,0,0.0,0.0,0.0,2026-02-12,0.0,0.0
"Sep 24, 2025 - Dec 29, 2025",Auto Campaign 1 Signal Capture,468170906203317,Ad Group - Signal Capture,297953927298564,loose-match,TARGETING_EXPRESSION_PREDEFINED,hair moisturizer for black women,USD,38,1,0.02631578947368421,0.55,0.55,0,0.0,0,0.0,0.0,0.0,2025-09-24,0.0,0.0
"Oct 16, 2025 - Jan 04, 2026",Auto Campaign 1 Signal Capture,468170906203317,Ad Group - Signal Capture,297953927298564,loose-match,TARGETING_EXPRESSION_PREDEFINED,olive miracle super hold & smooth edges,USD,6,1,0.16666666666666666,0.45,0.45,0,0.0,0,0.0,0.0,0.0,2025-10-16,0.0,0.0
"Sep 05, 2025 - Sep 30, 2025",BROAD MATCH CAMPAIGN,306896079483800,Broad Keyword,284907010614606,batana oil hair growth,BROAD,batana oil for hair growth,USD,132,1,0.007575757575757576,1.3,1.3,0,0.0,0,0.0,0.0,0.0,2025-09-05,0.0,0.0
"Sep 27, 2025 - Sep 27, 2025",Auto Campaign 1 Signal Capture,468170906203317,Ad Group - Signal Capture,297953927298564,loose-match,TARGETING_EXPRESSION_PREDEFINED,strengthen new hair growth,USD,1,1,1.0,0.55,0.55,0,0.0,0,0.0,0.0,0.0,2025-09-27,0.0,0.0
"Sep 11, 2025 - Sep 12, 2025",PRODUCT TARGETING EXACT CAMPAIGN,295732523762026,ASIN Exact targeting,517907737835689,"asin-expanded=""B0DCX7628T""",TARGETING_EXPRESSION,B0D6W4BK8B,USD,6,1,0.16666666666666666,0.85,0.85,0,0.0,0,0.0,0.0,0.0,2025-09-11,0.0,0.0
"Oct 14, 2025 - Mar 18, 2026",PRODUCT TARGETING EXACT CAMPAIGN,295732523762026,ASIN Exact targeting,517907737835689,"asin-expanded=""B01I2ZQJSG""",TARGETING_EXPRESSION,B07FVYW3W4,USD,139,3,0.02158273381294964,0.43333,1.3,1,11.99,1,9.22308,1.3,0.0,2025-10-14,0.10842368640533778,0.3333333333333333
"Sep 09, 2025 - Jan 19, 2026",Auto Campaign 1 Signal Capture,468170906203317,Ad Group - Signal Capture,297953927298564,substitutes,TARGETING_EXPRESSION_PREDEFINED,regrow edges for black women,USD,63,4,0.06349206349206349,0.4875,1.95,2,19.98,2,10.24615,0.975,0.0,2025-09-09,0.09759759759759759,0.5
"Oct 17, 2025 - Nov 14, 2025",Batana Hair oil pharase Manual,292247191707127,Phrase Keywords,465120102858213,castor oil hair growth,PHRASE,haitian black castor oil for hair growth,USD,5,1,0.2,0.45,0.45,0,0.0,0,0.0,0.0,0.0,2025-10-17,0.0,0.0
"Feb 12, 2026 - Mar 18, 2026",Batana Hair oil pharase Manual,292247191707127,Phrase Keywords,465120102858213,batana,PHRASE,fvna batana oil,USD,9,1,0.1111111111111111,1.77,1.77,0,0.0,0,0.0,0.0,0.0,2026-02-12,0.0,0.0
"Sep 02, 2025 - Sep 02, 2025",Auto Campaign 1 Signal Capture,468170906203317,Ad Group - Signal Capture,297953927298564,loose-match,TARGETING_EXPRESSION_PREDEFINED,cream or oil for leather hair,USD,1,1,1.0,0.63,0.63,1,9.99,1,15.85714,0.63,0.0,2025-09-02,0.06306306306306306,1.0
"Sep 02, 2025 - Dec 15, 2025",BROAD MATCH CAMPAIGN,306896079483800,Broad Keyword,284907010614606,batana oil hair,BROAD,dolahair batana oil for hair growth,USD,108,1,0.009259259259259259,0.62,0.62,0,0.0,0,0.0,0.0,0.0,2025-09-02,0.0,0.0
"Jan 23, 2026 - Jan 25, 2026",Batana Oil Exact Ranking,116719674392449,High Intent,417102371297812,"keyword-group=""Keywords related to your product category""",TARGETING_EXPRESSION,batana oil for hair,USD,58,1,0.017241379310344827,2.04,2.04,0,0.0,0,0.0,0.0,0.0,2026-01-23,0.0,0.0
"Jul 04, 2025 - Mar 10, 2026",Auto Campaign 1 Signal Capture,468170906203317,Ad Group - Signal Capture,297953927298564,substitutes,TARGETING_EXPRESSION_PREDEFINED,B0D1KJK17M,USD,15,1,0.06666666666666667,0.7,0.7,0,0.0,0,0.0,0.0,0.0,2025-07-04,0.0,0.0
"Sep 23, 2025 - Oct 16, 2025",Auto Campaign 1 Signal Capture,468170906203317,Ad Group - Signal Capture,297953927298564,loose-match,TARGETING_EXPRESSION_PREDEFINED,batona oil,USD,2,1,0.5,0.45,0.45,0,0.0,0,0.0,0.0,0.0,2025-09-23,0.0,0.0
"Aug 29, 2025 - Mar 16, 2026",Batana Hair oil pharase Manual,292247191707127,Phrase Keywords,465120102858213,hair growth,PHRASE,hair growth products,USD,455,2,0.004395604395604396,0.635,1.27,0,0.0,0,0.0,0.0,0.0,2025-08-29,0.0,0.0
"Dec 20, 2025 - Jan 01, 2026",BROAD MATCH CAMPAIGN,306896079483800,Broad Keyword,284907010614606,hair growth batana oil,BROAD,gipsophila batana oil shampoo for hair growth,USD,1,1,1.0,0.92,0.92,0,0.0,0,0.0,0.0,0.0,2025-12-20,0.0,0.0
"Dec 10, 2025 - Dec 15, 2025",BROAD MATCH CAMPAIGN,306896079483800,Broad Keyword,284907010614606,organic batana oil,BROAD,batana oil,USD,101,2,0.019801980198019802,0.91,1.82,0,0.0,0,0.0,0.0,0.0,2025-12-10,0.0,0.0
"Sep 08, 2025 - Sep 23, 2025",BROAD MATCH CAMPAIGN,306896079483800,Broad Keyword,284907010614606,hair growth oil,BROAD,spoiled batana oil for hair growth,USD,55,1,0.01818181818181818,1.3,1.3,0,0.0,0,0.0,0.0,0.0,2025-09-08,0.0,0.0
"Sep 03, 2025 - Sep 26, 2025",Auto Campaign 1 Signal Capture,468170906203317,Ad Group - Signal Capture,297953927298564,substitutes,TARGETING_EXPRESSION_PREDEFINED,B0DFF272LL,USD,255,3,0.011764705882352941,0.52333,1.57,0,0.0,0,0.0,0.0,0.0,2025-09-03,0.0,0.0
"Sep 05, 2025 - Dec 31, 2025",Auto Campaign 1 Signal Capture,468170906203317,Ad Group - Signal Capture,297953927298564,loose-match,TARGETING_EXPRESSION_PREDEFINED,alter ego hair products,USD,19,1,0.05263157894736842,0.48,0.48,0,0.0,0,0.0,0.0,0.0,2025-09-05,0.0,0.0
"Aug 06, 2025 - Nov 10, 2025",Auto Campaign 1 Signal Capture,468170906203317,Ad Group - Signal Capture,297953927298564,substitutes,TARGETING_EXPRESSION_PREDEFINED,B0C35WRR24,USD,114,2,0.017543859649122806,0.705,1.41,1,9.99,1,7.08511,1.41,0.0,2025-08-06,0.14114114114114112,0.5
"Sep 03, 2025 - Mar 17, 2026",BROAD MATCH CAMPAIGN,306896079483800,Broad Keyword,284907010614606,hair growth,BROAD,placenta hair treatment for growth,USD,123,1,0.008130081300813009,0.82,0.82,0,0.0,0,0.0,0.0,0.0,2025-09-03,0.0,0.0
"Sep 07, 2025 - Mar 20, 2026",BROAD MATCH CAMPAIGN,306896079483800,Broad Keyword,284907010614606,hair growth,BROAD,exosomes for hair growth,USD,6,1,0.16666666666666666,1.04,1.04,0,0.0,0,0.0,0.0,0.0,2025-09-07,0.0,0.0
"Mar 20, 2026 - Mar 20, 2026",Auto Campaign 1 Signal Capture,468170906203317,Ad Group - Signal Capture,297953927298564,close-match,TARGETING_EXPRESSION_PREDEFINED,bask and lather hair oil,USD,2,1,0.5,1.24,1.24,0,0.0,0,0.0,0.0,0.0,2026-03-20,0.0,0.0
"Feb 01, 2026 - Feb 01, 2026",Batana Oil Phrase Match,212832079341322,Batana Oil Phrase Match,450560731451216,growth,PHRASE,combat hair growth oilmilitary,USD,1,1,1.0,0.92,0.92,0,0.0,0,0.0,0.0,0.0,2026-02-01,0.0,0.0
"Sep 09, 2025 - Jan 18, 2026",PRODUCT TARGETING EXACT CAMPAIGN,295732523762026,ASIN Exact targeting,517907737835689,"asin-expanded=""B0DSHXCT4N""",TARGETING_EXPRESSION,B0CJKSW96B,USD,151,1,0.006622516556291391,0.55,0.55,1,9.99,1,18.16364,0.55,0.0,2025-09-09,0.055055055055055056,1.0
"Sep 08, 2025 - Jan 19, 2026",BROAD MATCH CAMPAIGN,306896079483800,Broad Keyword,284907010614606,hair growth oil,BROAD,guru nanda hair growth oil,USD,42,2,0.047619047619047616,1.775,3.55,1,9.99,1,2.81409,3.55,0.0,2025-09-08,0.35535535535535534,0.5
"Dec 15, 2025 - Dec 20, 2025",BROAD MATCH CAMPAIGN,306896079483800,Broad Keyword,284907010614606,hair growth,BROAD,dermapen for hair growth,USD,5,1,0.2,1.05,1.05,0,0.0,0,0.0,0.0,0.0,2025-12-15,0.0,0.0
"Sep 28, 2025 - Mar 10, 2026",PRODUCT TARGETING EXACT CAMPAIGN,295732523762026,ASIN Exact targeting,517907737835689,"asin=""B0DGQCDWJY""",TARGETING_EXPRESSION,botanna oil for hair growth,USD,1,1,1.0,1.6,1.6,1,19.99,1,12.49375,1.6,0.0,2025-09-28,0.08004002001000501,1.0
"Mar 05, 2026 - Mar 05, 2026",Auto Campaign 1 Signal Capture,468170906203317,Ad Group - Signal Capture,297953927298564,loose-match,TARGETING_EXPRESSION_PREDEFINED,buriti oil,USD,1,1,1.0,0.84,0.84,0,0.0,0,0.0,0.0,0.0,2026-03-05,0.0,0.0
"Oct 24, 2025 - Oct 24, 2025",Auto Campaign 1 Signal Capture,468170906203317,Ad Group - Signal Capture,297953927298564,loose-match,TARGETING_EXPRESSION_PREDEFINED,best stuff for black women to grow edges back,USD,1,1,1.0,0.4,0.4,0,0.0,0,0.0,0.0,0.0,2025-10-24,0.0,0.0
"Jan 23, 2026 - Jan 28, 2026",Batana Oil Exact Ranking,116719674392449,High Intent,417102371297812,"keyword-group=""Keywords related to your product category""",TARGETING_EXPRESSION,hair hot oil treatment,USD,28,1,0.03571428571428571,2.04,2.04,0,0.0,0,0.0,0.0,0.0,2026-01-23,0.0,0.0
"Dec 08, 2025 - Dec 15, 2025",BROAD MATCH CAMPAIGN,306896079483800,Broad Keyword,284907010614606,organic batana oil,BROAD,batana oil for hair growth,USD,135,1,0.007407407407407408,1.15,1.15,0,0.0,0,0.0,0.0,0.0,2025-12-08,0.0,0.0
"Jul 22, 2025 - Oct 21, 2025",Auto Campaign 1 Signal Capture,468170906203317,Ad Group - Signal Capture,297953927298564,loose-match,TARGETING_EXPRESSION_PREDEFINED,african pride hair products,USD,18,1,0.05555555555555555,0.5,0.5,0,0.0,0,0.0,0.0,0.0,2025-07-22,0.0,0.0
"Sep 03, 2025 - Dec 30, 2025",BROAD MATCH CAMPAIGN,306896079483800,Broad Keyword,284907010614606,hair oil for hair growth,BROAD,botana oil hair growth,USD,455,2,0.004395604395604396,0.825,1.65,0,0.0,0,0.0,0.0,0.0,2025-09-03,0.0,0.0
"Sep 04, 2025 - Mar 04, 2026",Auto Campaign 1 Signal Capture,468170906203317,Ad Group - Signal Capture,297953927298564,loose-match,TARGETING_EXPRESSION_PREDEFINED,nexxus hair oil,USD,4,1,0.25,0.55,0.55,0,0.0,0,0.0,0.0,0.0,2025-09-04,0.0,0.0
"Sep 01, 2025 - Sep 20, 2025",PRODUCT TARGETING EXACT CAMPAIGN,295732523762026,ASIN Exact targeting,517907737835689,"asin-expanded=""B0DL5LB7JH""",TARGETING_EXPRESSION,B005DI4ZJQ,USD,49,1,0.02040816326530612,0.55,0.55,0,0.0,0,0.0,0.0,0.0,2025-09-01,0.0,0.0
"Jan 28, 2026 - Feb 05, 2026",Batana Oil Phrase Match,212832079341322,Batana Oil Phrase Match,450560731451216,"keyword-group=""Keywords related to your product category""",TARGETING_EXPRESSION,coconut oil for hair,USD,201,1,0.004975124378109453,1.06,1.06,0,0.0,0,0.0,0.0,0.0,2026-01-28,0.0,0.0
"Sep 07, 2025 - Mar 14, 2026",PRODUCT TARGETING EXACT CAMPAIGN,295732523762026,ASIN Exact targeting,517907737835689,"asin-expanded=""B0D6BMGP8Z""",TARGETING_EXPRESSION,B003RQ226Y,USD,41,1,0.024390243902439025,0.55,0.55,1,9.99,1,18.16364,0.55,0.0,2025-09-07,0.055055055055055056,1.0
"Nov 14, 2025 - Dec 03, 2025",PRODUCT TARGETING EXPANDED CAMPAIGN,488143762344483,ASIN Expanded targeting,501339022401488,"asin-expanded=""B0DSHXCT4N""",TARGETING_EXPRESSION,B0FH6J8MQM,USD,61,1,0.01639344262295082,0.5,0.5,0,0.0,0,0.0,0.0,0.0,2025-11-14,0.0,0.0
"Sep 05, 2025 - Oct 22, 2025",BROAD MATCH CAMPAIGN,306896079483800,Broad Keyword,284907010614606,hair growth,BROAD,pumpkin seed oil for hair growth,USD,42,1,0.023809523809523808,0.55,0.55,0,0.0,0,0.0,0.0,0.0,2025-09-05,0.0,0.0
"Jun 30, 2025 - Mar 09, 2026",Auto Campaign 1 Signal Capture,468170906203317,Ad Group - Signal Capture,297953927298564,close-match,TARGETING_EXPRESSION_PREDEFINED,hair growth oil,USD,2813,9,0.003199431212228937,0.97667,8.79,0,0.0,0,0.0,0.0,0.0,2025-06-30,0.0,0.0
"Oct 30, 2025 - Dec 15, 2025",BROAD MATCH CAMPAIGN,306896079483800,Broad Keyword,284907010614606,batana oil hair,BROAD,ra cosmetics batana oil for hair growth,USD,37,1,0.02702702702702703,1.5,1.5,0,0.0,0,0.0,0.0,0.0,2025-10-30,0.0,0.0
"Mar 11, 2026 - Mar 11, 2026",Batana Hair oil pharase Manual,292247191707127,Phrase Keywords,465120102858213,hair oils for hair growth,PHRASE,hair oils for hair growth argan oil,USD,1,1,1.0,0.8,0.8,0,0.0,0,0.0,0.0,0.0,2026-03-11,0.0,0.0
"Sep 09, 2025 - Mar 20, 2026",BROAD MATCH CAMPAIGN,306896079483800,Broad Keyword,284907010614606,hair growth oil,BROAD,bask & lather scalp stimulator hair growth oil,USD,1504,1,0.0006648936170212766,0.75,0.75,0,0.0,0,0.0,0.0,0.0,2025-09-09,0.0,0.0
"Sep 23, 2025 - Jan 22, 2026",BROAD MATCH CAMPAIGN,306896079483800,Broad Keyword,284907010614606,mens hair growth products,BROAD,hair growth oil,USD,700,1,0.0014285714285714286,1.02,1.02,0,0.0,0,0.0,0.0,0.0,2025-09-23,0.0,0.0
"Nov 01, 2025 - Jan 17, 2026",Batana Hair oil pharase Manual,292247191707127,Phrase Keywords,465120102858213,hair moisturizer,PHRASE,hair moisturizer oil for dry hair,USD,116,1,0.008620689655172414,0.8,0.8,0,0.0,0,0.0,0.0,0.0,2025-11-01,0.0,0.0
"Aug 30, 2025 - Mar 15, 2026",Batana Hair oil pharase Manual,292247191707127,Phrase Keywords,465120102858213,hair growth,PHRASE,onion oil for hair growth organic,USD,21,1,0.047619047619047616,0.8,0.8,0,0.0,0,0.0,0.0,0.0,2025-08-30,0.0,0.0
"Sep 06, 2025 - Oct 27, 2025",BROAD MATCH CAMPAIGN,306896079483800,Broad Keyword,284907010614606,hair growth,BROAD,blue magic wild growth hair oil,USD,27,1,0.037037037037037035,0.52,0.52,0,0.0,0,0.0,0.0,0.0,2025-09-06,0.0,0.0
"Sep 08, 2025 - Dec 19, 2025",BROAD MATCH CAMPAIGN,306896079483800,Broad Keyword,284907010614606,hair growth oil,BROAD,hair oils for hair growth black women,USD,31,1,0.03225806451612903,1.63,1.63,0,0.0,0,0.0,0.0,0.0,2025-09-08,0.0,0.0
"Jul 16, 2025 - Nov 25, 2025",Auto Campaign 1 Signal Capture,468170906203317,Ad Group - Signal Capture,297953927298564,substitutes,TARGETING_EXPRESSION_PREDEFINED,B0DGT8S13J,USD,109,3,0.027522935779816515,0.57667,1.73,0,0.0,0,0.0,0.0,0.0,2025-07-16,0.0,0.0
"Sep 15, 2025 - Sep 15, 2025",Auto Campaign 1 Signal Capture,468170906203317,Ad Group - Signal Capture,297953927298564,loose-match,TARGETING_EXPRESSION_PREDEFINED,healing oil taaliyah,USD,1,1,1.0,0.45,0.45,0,0.0,0,0.0,0.0,0.0,2025-09-15,0.0,0.0
"Jan 02, 2026 - Jan 03, 2026",PRODUCT TARGETING EXACT CAMPAIGN,295732523762026,ASIN Exact targeting,517907737835689,"asin=""B0DGQCDWJY""",TARGETING_EXPRESSION,batana cream,USD,2,1,0.5,0.41,0.41,0,0.0,0,0.0,0.0,0.0,2026-01-02,0.0,0.0
"Feb 10, 2026 - Mar 02, 2026",Batana Hair oil Exact Manual,502286450850716,Exact Keywords,296070289941158,lebanta batana oil,EXACT,lebanta batana oil,USD,780,1,0.001282051282051282,1.29,1.29,0,0.0,0,0.0,0.0,0.0,2026-02-10,0.0,0.0
"Sep 04, 2025 - Sep 06, 2025",BROAD MATCH CAMPAIGN,306896079483800,Broad Keyword,284907010614606,batana oil pure,BROAD,majestic pure batana oil,USD,1,1,1.0,1.34,1.34,0,0.0,0,0.0,0.0,0.0,2025-09-04,0.0,0.0
"Sep 10, 2025 - Jan 22, 2026",BROAD MATCH CAMPAIGN,306896079483800,Broad Keyword,284907010614606,hair growth oil,BROAD,edge hair growth oil for black women,USD,26,1,0.038461538461538464,1.14,1.14,0,0.0,0,0.0,0.0,0.0,2025-09-10,0.0,0.0
"Jan 23, 2026 - Feb 03, 2026",Batana Oil Exact Ranking,116719674392449,High Intent,417102371297812,"keyword-group=""Keywords related to your product category""",TARGETING_EXPRESSION,indian hair growth oil,USD,63,1,0.015873015873015872,2.04,2.04,0,0.0,0,0.0,0.0,0.0,2026-01-23,0.0,0.0
"Jan 30, 2026 - Feb 04, 2026",Auto Campaign 2 Cheap Discovery,163081140507766,Ad Group Cheap Discovery,391494289840856,loose-match,TARGETING_EXPRESSION_PREDEFINED,baskand leather hair products,USD,2,1,0.5,0.99,0.99,0,0.0,0,0.0,0.0,0.0,2026-01-30,0.0,0.0
"Oct 28, 2025 - Oct 28, 2025",BROAD MATCH CAMPAIGN,306896079483800,Broad Keyword,284907010614606,hair growth,BROAD,dominican anti-hair loss and growth dropper,USD,1,1,1.0,0.52,0.52,0,0.0,0,0.0,0.0,0.0,2025-10-28,0.0,0.0
"Sep 03, 2025 - Mar 16, 2026",BROAD MATCH CAMPAIGN,306896079483800,Broad Keyword,284907010614606,cold pressed batana oil organic,BROAD,batana oil organic cold pressed,USD,1,1,1.0,1.89,1.89,0,0.0,0,0.0,0.0,0.0,2025-09-03,0.0,0.0
"Sep 06, 2025 - Jan 20, 2026",Batana Hair oil pharase Manual,292247191707127,Phrase Keywords,465120102858213,hair moisturizer,PHRASE,deep hair moisturizer,USD,7,1,0.14285714285714285,0.69,0.69,0,0.0,0,0.0,0.0,0.0,2025-09-06,0.0,0.0
"Oct 14, 2025 - Mar 10, 2026",Auto Campaign 1 Signal Capture,468170906203317,Ad Group - Signal Capture,297953927298564,substitutes,TARGETING_EXPRESSION_PREDEFINED,B0DBFNBYJ2,USD,11,1,0.09090909090909091,0.5,0.5,0,0.0,0,0.0,0.0,0.0,2025-10-14,0.0,0.0
"Sep 05, 2025 - Mar 17, 2026",Batana Hair oil pharase Manual,292247191707127,Phrase Keywords,465120102858213,hair growth oil,PHRASE,hair growth oil for black women,USD,87,2,0.022988505747126436,0.625,1.25,0,0.0,0,0.0,0.0,0.0,2025-09-05,0.0,0.0
"Sep 01, 2025 - Mar 08, 2026",Auto Campaign 1 Signal Capture,468170906203317,Ad Group - Signal Capture,297953927298564,loose-match,TARGETING_EXPRESSION_PREDEFINED,vigorol hair mousse olive oil,USD,14,1,0.07142857142857142,0.5,0.5,0,0.0,0,0.0,0.0,0.0,2025-09-01,0.0,0.0
"Sep 10, 2025 - Nov 09, 2025",PRODUCT TARGETING EXACT CAMPAIGN,295732523762026,ASIN Exact targeting,517907737835689,"asin-expanded=""B0DCX7628T""",TARGETING_EXPRESSION,B0F3M6KTBQ,USD,36,2,0.05555555555555555,0.85,1.7,0,0.0,0,0.0,0.0,0.0,2025-09-10,0.0,0.0
"Sep 09, 2025 - Dec 17, 2025",BROAD MATCH CAMPAIGN,306896079483800,Broad Keyword,284907010614606,hair growth oil,BROAD,strawberry hair growth oil,USD,15,2,0.13333333333333333,1.045,2.09,1,9.99,1,4.7799,2.09,0.0,2025-09-09,0.20920920920920918,0.5
"Sep 26, 2025 - Sep 26, 2025",PRODUCT TARGETING EXACT CAMPAIGN,295732523762026,ASIN Exact targeting,517907737835689,"asin=""B07B4NKVGF""",TARGETING_EXPRESSION,schwarzkopf hair growth,USD,1,1,1.0,0.55,0.55,0,0.0,0,0.0,0.0,0.0,2025-09-26,0.0,0.0
"Sep 07, 2025 - Dec 15, 2025",PRODUCT TARGETING EXACT CAMPAIGN,295732523762026,ASIN Exact targeting,517907737835689,"asin-expanded=""B0DCX7628T""",TARGETING_EXPRESSION,B005H7I5E4,USD,88,1,0.011363636363636364,0.85,0.85,0,0.0,0,0.0,0.0,0.0,2025-09-07,0.0,0.0
"Sep 05, 2025 - Jan 02, 2026",Batana Hair oil pharase Manual,292247191707127,Phrase Keywords,465120102858213,hair moisturizer,PHRASE,hair moisturizer for damaged hair,USD,4,1,0.25,1.12,1.12,0,0.0,0,0.0,0.0,0.0,2025-09-05,0.0,0.0
"Nov 05, 2025 - Dec 22, 2025",Auto Campaign 1 Signal Capture,468170906203317,Ad Group - Signal Capture,297953927298564,substitutes,TARGETING_EXPRESSION_PREDEFINED,B0FMXWV11W,USD,3,1,0.3333333333333333,0.5,0.5,0,0.0,0,0.0,0.0,0.0,2025-11-05,0.0,0.0
"Nov 27, 2025 - Mar 16, 2026",BROAD MATCH CAMPAIGN,306896079483800,Broad Keyword,284907010614606,hair growth batana oil,BROAD,dersie batana oil for hair growth,USD,209,3,0.014354066985645933,1.10667,3.32,0,0.0,0,0.0,0.0,0.0,2025-11-27,0.0,0.0
"Sep 01, 2025 - Nov 14, 2025",Auto Campaign 1 Signal Capture,468170906203317,Ad Group - Signal Capture,297953927298564,substitutes,TARGETING_EXPRESSION_PREDEFINED,B0DPB7Z3JY,USD,12,1,0.08333333333333333,0.6,0.6,0,0.0,0,0.0,0.0,0.0,2025-09-01,0.0,0.0
"Sep 22, 2025 - Jan 22, 2026",PRODUCT TARGETING EXACT CAMPAIGN,295732523762026,ASIN Exact targeting,517907737835689,"asin=""B0CJKSW96B""",TARGETING_EXPRESSION,mielle moisturizer,USD,40,1,0.025,0.6,0.6,0,0.0,0,0.0,0.0,0.0,2025-09-22,0.0,0.0
"Jan 31, 2026 - Feb 05, 2026",Auto Campaign 2 Cheap Discovery,163081140507766,Ad Group Cheap Discovery,391494289840856,substitutes,TARGETING_EXPRESSION_PREDEFINED,vital batana oil,USD,1,1,1.0,0.98,0.98,0,0.0,0,0.0,0.0,0.0,2026-01-31,0.0,0.0
"Sep 08, 2025 - Mar 19, 2026",BROAD MATCH CAMPAIGN,306896079483800,Broad Keyword,284907010614606,hair growth oil,BROAD,cecred hair growth oil,USD,574,1,0.0017421602787456446,0.97,0.97,0,0.0,0,0.0,0.0,0.0,2025-09-08,0.0,0.0
"Sep 09, 2025 - Dec 21, 2025",BROAD MATCH CAMPAIGN,306896079483800,Broad Keyword,284907010614606,hair growth oil,BROAD,ktintar rosemary oil for hair growth,USD,167,1,0.005988023952095809,1.12,1.12,0,0.0,0,0.0,0.0,0.0,2025-09-09,0.0,0.0
"Jan 29, 2026 - Jan 29, 2026",Batana Oil Phrase Match,212832079341322,Batana Oil Phrase Match,450560731451216,growth,PHRASE,funnel powder for hair growth,USD,3,1,0.3333333333333333,0.92,0.92,0,0.0,0,0.0,0.0,0.0,2026-01-29,0.0,0.0
"Feb 12, 2026 - Mar 02, 2026",Batana Hair oil pharase Manual,292247191707127,Phrase Keywords,465120102858213,batana,PHRASE,pure raw batana oil from honduras,USD,6,1,0.16666666666666666,2.11,2.11,0,0.0,0,0.0,0.0,0.0,2026-02-12,0.0,0.0
"Nov 27, 2025 - Mar 18, 2026",Batana Hair oil pharase Manual,292247191707127,Phrase Keywords,465120102858213,batana oil for hair,PHRASE,luxmiel batana oil for hair growth,USD,4,2,0.5,0.45,0.9,0,0.0,0,0.0,0.0,0.0,2025-11-27,0.0,0.0
"Sep 08, 2025 - Mar 18, 2026",BROAD MATCH CAMPAIGN,306896079483800,Broad Keyword,284907010614606,hair growth oil,BROAD,banana oil for hair growth,USD,255,2,0.00784313725490196,2.215,4.43,0,0.0,0,0.0,0.0,0.0,2025-09-08,0.0,0.0
"Nov 13, 2025 - Dec 10, 2025",PRODUCT TARGETING EXACT CAMPAIGN,295732523762026,ASIN Exact targeting,517907737835689,"asin=""B000V8MTIC""",TARGETING_EXPRESSION,B000V8MTIC,USD,369,8,0.02168021680216802,0.49375,3.95,0,0.0,0,0.0,0.0,0.0,2025-11-13,0.0,0.0
"Sep 05, 2025 - Nov 05, 2025",Batana Hair oil pharase Manual,292247191707127,Phrase Keywords,465120102858213,hair growth products,PHRASE,skala hair growth products,USD,31,2,0.06451612903225806,0.45,0.9,0,0.0,0,0.0,0.0,0.0,2025-09-05,0.0,0.0
"Jan 29, 2026 - Jan 29, 2026",Auto Campaign 2 Cheap Discovery,163081140507766,Ad Group Cheap Discovery,391494289840856,loose-match,TARGETING_EXPRESSION_PREDEFINED,tratamiento para el cabello para darle brillo y crecimiento,USD,1,1,1.0,0.66,0.66,0,0.0,0,0.0,0.0,0.0,2026-01-29,0.0,0.0
"Sep 21, 2025 - Oct 26, 2025",BROAD MATCH CAMPAIGN,306896079483800,Broad Keyword,284907010614606,hair growth for natural hair,BROAD,mamela naturals mary ruth multivitamin hair growth,USD,21,1,0.047619047619047616,0.52,0.52,0,0.0,0,0.0,0.0,0.0,2025-09-21,0.0,0.0
"Nov 27, 2025 - Jan 11, 2026",Batana Hair oil pharase Manual,292247191707127,Phrase Keywords,465120102858213,batana oil for hair,PHRASE,kuri nuka batana oil for hair growth,USD,29,1,0.034482758620689655,0.65,0.65,0,0.0,0,0.0,0.0,0.0,2025-11-27,0.0,0.0
"Mar 08, 2026 - Mar 08, 2026",Auto Campaign 1 Signal Capture,468170906203317,Ad Group - Signal Capture,297953927298564,close-match,TARGETING_EXPRESSION_PREDEFINED,natural organic hair growth,USD,2,1,0.5,1.06,1.06,0,0.0,0,0.0,0.0,0.0,2026-03-08,0.0,0.0
"Nov 08, 2025 - Jan 07, 2026",PRODUCT TARGETING EXACT CAMPAIGN,295732523762026,ASIN Exact targeting,517907737835689,"asin-expanded=""B0DSHXCT4N""",TARGETING_EXPRESSION,B00MKCMDMY,USD,52,2,0.038461538461538464,0.35,0.7,0,0.0,0,0.0,0.0,0.0,2025-11-08,0.0,0.0
"Oct 14, 2025 - Mar 20, 2026",PRODUCT TARGETING EXACT CAMPAIGN,295732523762026,ASIN Exact targeting,517907737835689,"asin-expanded=""B000V8MTIC""",TARGETING_EXPRESSION,B000V8MTIC,USD,754,9,0.011936339522546418,0.55667,5.01,0,0.0,0,0.0,0.0,0.0,2025-10-14,0.0,0.0
