search_term,impressions,clicks,spend,sales,purchases,units_sold,ctr,cvr,cpc,acos,roas
0,138,1,0.75,0.0,0,0,0.007246376811594203,0.0,0.75,0.0,0.0
10 & 1 hair growth oil,13,1,0.9,0.0,0,0,0.07692307692307693,0.0,0.9,0.0,0.0
10 in 1 hair growth oil,90,1,0.68,0.0,0,0,0.011111111111111112,0.0,0.68,0.0,0.0
100 0/0 unrefined batana oil,1,1,0.8,0.0,0,0,1.0,0.0,0.8,0.0,0.0
100 batana oil,59,1,0.75,0.0,0,0,0.01694915254237288,0.0,0.75,0.0,0.0
100 percent organic batana oil,2,1,1.5,0.0,0,0,0.5,0.0,1.5,0.0,0.0
100 percent pure batana oil,4,1,2.78,0.0,0,0,0.25,0.0,2.78,0.0,0.0
100 percent pure raw unrefined batana oil organic from homduras,1,1,0.74,0.0,0,0,1.0,0.0,0.74,0.0,0.0
100 percent raw batana with no other ingredients,1,1,0.85,19.99,1,1,1.0,1.0,0.85,0.04252126063031516,23.517647058823528
100 percent unrefined botana oil hair growth,1,1,1.35,0.0,0,0,1.0,0.0,1.35,0.0,0.0
100% batana oil,56,2,4.2,0.0,0,0,0.03571428571428571,0.0,2.1,0.0,0.0
100% batana oil for hair growth,4,1,1.4,0.0,0,0,0.25,0.0,1.4,0.0,0.0
100% batana oil made in honduras,13,1,0.75,0.0,0,0,0.07692307692307693,0.0,0.75,0.0,0.0
100% batana oil raw,4,1,0.8,0.0,0,0,0.25,0.0,0.8,0.0,0.0
100% natural raw batana oil for hair growth,3,1,1.58,0.0,0,0,0.3333333333333333,0.0,1.58,0.0,0.0
100% pure batana oil grease for hair growth dr sebi,1,1,0.99,0.0,0,0,1.0,0.0,0.99,0.0,0.0
100% raw batana oil,8,1,1.8,0.0,0,0,0.125,0.0,1.8,0.0,0.0
100% raw batana oil paste,86,1,1.08,0.0,0,0,0.011627906976744186,0.0,1.08,0.0,0.0
100% raw botana oil hair growth,2,1,0.65,0.0,0,0,0.5,0.0,0.65,0.0,0.0
100% unrefined batana oil for hair growth,5,1,0.92,0.0,0,0,0.2,0.0,0.92,0.0,0.0
27 pieces human hair quick weave pixie,7,1,0.9,0.0,0,0,0.14285714285714285,0.0,0.9,0.0,0.0
4 girls and a mom oil,1,1,0.75,0.0,0,0,1.0,0.0,0.75,0.0,0.0
4c hair growth oil,53,1,1.12,0.0,0,0,0.018867924528301886,0.0,1.12,0.0,0.0
4c hair moisturizer,303,10,5.83,11.99,1,1,0.033003300330033,0.1,0.583,0.4862385321100917,2.056603773584906
4c natural hair care products,1,1,0.6,0.0,0,0,1.0,0.0,0.6,0.0,0.0
7 oils for hair growth,74,1,0.9,0.0,0,0,0.013513513513513514,0.0,0.9,0.0,0.0
B000142VNE,5,2,0.9,0.0,0,0,0.4,0.0,0.45,0.0,0.0
B00028O63M,4,1,0.5,0.0,0,0,0.25,0.0,0.5,0.0,0.0
B0009R5CMK,2,1,0.5,0.0,0,0,0.5,0.0,0.5,0.0,0.0
B000GGPK0I,1051,9,4.51,0.0,0,0,0.008563273073263558,0.0,0.5011111111111111,0.0,0.0
B000JWM7E6,582,5,2.3,0.0,0,0,0.00859106529209622,0.0,0.45999999999999996,0.0,0.0
B000NEE8ZQ,24,1,0.49,11.99,1,1,0.041666666666666664,1.0,0.49,0.0408673894912427,24.46938775510204
B000NHJKTW,58,1,0.42,0.0,0,0,0.017241379310344827,0.0,0.42,0.0,0.0
B000R93I76,72,1,0.8,0.0,0,0,0.013888888888888888,0.0,0.8,0.0,0.0
B000T7AIW4,40,1,0.3,16.99,1,1,0.025,1.0,0.3,0.017657445556209538,56.63333333333333
B000TF779I,712,3,1.15,0.0,0,0,0.004213483146067416,0.0,0.3833333333333333,0.0,0.0
B000V8MTIC,2911,36,19.630000000000003,11.99,1,1,0.012366884232222604,0.027777777777777776,0.5452777777777779,1.6371976647206006,0.6107997962302597
B000XI8Z5Q,148,1,0.4,0.0,0,0,0.006756756756756757,0.0,0.4,0.0,0.0
B000ZNWZ78,3,1,0.5,0.0,0,0,0.3333333333333333,0.0,0.5,0.0,0.0
B000ZZQMCK,30,1,0.35,0.0,0,0,0.03333333333333333,0.0,0.35,0.0,0.0
B001797W40,169,2,1.7,0.0,0,0,0.011834319526627219,0.0,0.85,0.0,0.0
B001RVKB50,158,1,0.6,0.0,0,0,0.006329113924050633,0.0,0.6,0.0,0.0
B002BWYROA,61,1,0.15,0.0,0,0,0.01639344262295082,0.0,0.15,0.0,0.0
B002JUZEVO,23,1,0.57,0.0,0,0,0.043478260869565216,0.0,0.57,0.0,0.0
B002US06CW,26,1,0.35,0.0,0,0,0.038461538461538464,0.0,0.35,0.0,0.0
B00329TN3Q,56,2,1.0,0.0,0,0,0.03571428571428571,0.0,0.5,0.0,0.0
B003RQ226Y,644,7,4.35,9.99,1,1,0.010869565217391304,0.14285714285714285,0.6214285714285713,0.4354354354354354,2.2965517241379314
B003ZCU14A,27,1,0.41,0.0,0,0,0.037037037037037035,0.0,0.41,0.0,0.0
B00449OE0K,7,1,0.6,0.0,0,0,0.14285714285714285,0.0,0.6,0.0,0.0
B004NMR6TY,72,2,1.0,0.0,0,0,0.027777777777777776,0.0,0.5,0.0,0.0
B004O9FBCK,12,2,1.15,0.0,0,0,0.16666666666666666,0.0,0.575,0.0,0.0
B004TSMN7M,28,1,0.4,0.0,0,0,0.03571428571428571,0.0,0.4,0.0,0.0
B004YRUYE2,92,1,0.8,0.0,0,0,0.010869565217391304,0.0,0.8,0.0,0.0
B005B0XD9O,35,1,0.36,0.0,0,0,0.02857142857142857,0.0,0.36,0.0,0.0
B005DI4ZJQ,376,2,0.8500000000000001,0.0,0,0,0.005319148936170213,0.0,0.42500000000000004,0.0,0.0
B005H7I5E4,209,2,2.25,0.0,0,0,0.009569377990430622,0.0,1.125,0.0,0.0
B005IUGWD6,476,3,1.19,0.0,0,0,0.0063025210084033615,0.0,0.39666666666666667,0.0,0.0
B005TVX7UK,29,2,0.43,0.0,0,0,0.06896551724137931,0.0,0.215,0.0,0.0
B00692Q9IU,279,4,1.51,0.0,0,0,0.014336917562724014,0.0,0.3775,0.0,0.0
B006FJPKT6,120,1,0.65,16.99,1,1,0.008333333333333333,1.0,0.65,0.038257798705120666,26.138461538461534
B006J44BSI,15,1,0.4,0.0,0,0,0.06666666666666667,0.0,0.4,0.0,0.0
B007CLP7MQ,35,1,0.18,0.0,0,0,0.02857142857142857,0.0,0.18,0.0,0.0
B0083H8ASG,497,2,1.05,0.0,0,0,0.004024144869215292,0.0,0.525,0.0,0.0
B0094KPK70,25,2,1.03,0.0,0,0,0.08,0.0,0.515,0.0,0.0
B00BGL5AIE,9,1,0.5,0.0,0,0,0.1111111111111111,0.0,0.5,0.0,0.0
B00E3B1SVM,69,1,0.57,0.0,0,0,0.014492753623188406,0.0,0.57,0.0,0.0
B00E3B1ZPG,83,3,1.49,0.0,0,0,0.03614457831325301,0.0,0.49666666666666665,0.0,0.0
B00F54IZAI,46,1,0.51,0.0,0,0,0.021739130434782608,0.0,0.51,0.0,0.0
B00FEMDPWY,48,2,0.95,0.0,0,0,0.041666666666666664,0.0,0.475,0.0,0.0
B00GMOY9HI,3,1,0.5,67.96,1,4,0.3333333333333333,1.0,0.5,0.007357268981753973,135.92
B00HDOZE5C,47,1,0.45,0.0,0,0,0.02127659574468085,0.0,0.45,0.0,0.0
B00HZKIILQ,36,1,0.55,0.0,0,0,0.027777777777777776,0.0,0.55,0.0,0.0
B00ICAGF22,484,1,0.29,0.0,0,0,0.002066115702479339,0.0,0.29,0.0,0.0
B00IDA3V96,77,1,0.5,0.0,0,0,0.012987012987012988,0.0,0.5,0.0,0.0
B00IUBLJPG,96,1,0.4,0.0,0,0,0.010416666666666666,0.0,0.4,0.0,0.0
B00J5RQ968,1041,13,7.41,0.0,0,0,0.012487992315081652,0.0,0.5700000000000001,0.0,0.0
B00J8BZSRW,11,1,0.45,0.0,0,0,0.09090909090909091,0.0,0.45,0.0,0.0
B00KC4A74I,69,1,0.5,0.0,0,0,0.014492753623188406,0.0,0.5,0.0,0.0
B00KC4A8VA,17,1,0.55,0.0,0,0,0.058823529411764705,0.0,0.55,0.0,0.0
B00MH9T98G,42,1,0.46,0.0,0,0,0.023809523809523808,0.0,0.46,0.0,0.0
B00MKCMDMY,52,2,0.7,0.0,0,0,0.038461538461538464,0.0,0.35,0.0,0.0
B00NFUEOIG,3,1,0.5,0.0,0,0,0.3333333333333333,0.0,0.5,0.0,0.0
B00NFV4E7Q,3,1,0.5,0.0,0,0,0.3333333333333333,0.0,0.5,0.0,0.0
B00P06MX2M,293,1,0.29,0.0,0,0,0.0034129692832764505,0.0,0.29,0.0,0.0
B00PKHV6U6,8,1,1.05,0.0,0,0,0.125,0.0,1.05,0.0,0.0
B00RZX3Y4O,51,2,0.8,0.0,0,0,0.0392156862745098,0.0,0.4,0.0,0.0
B00ZGC8X2E,50,2,0.76,0.0,0,0,0.04,0.0,0.38,0.0,0.0
B011W570KE,10,1,0.8,0.0,0,0,0.1,0.0,0.8,0.0,0.0
B0142A9TZU,59,3,1.33,0.0,0,0,0.05084745762711865,0.0,0.44333333333333336,0.0,0.0
B01AUJ1QXA,56,2,1.2,16.99,1,1,0.03571428571428571,0.5,0.6,0.07062978222483815,14.158333333333333
B01BV3I85I,19,1,0.45,0.0,0,0,0.05263157894736842,0.0,0.45,0.0,0.0
B01GR1SPNE,21,1,0.37,0.0,0,0,0.047619047619047616,0.0,0.37,0.0,0.0
B01I2ZQJSG,12727,53,29.880000000000003,51.96,4,4,0.004164374950891805,0.07547169811320754,0.5637735849056604,0.5750577367205543,1.7389558232931726
B01IAJDWYI,6,1,0.6,0.0,0,0,0.16666666666666666,0.0,0.6,0.0,0.0
B01JVDK8K8,182,4,2.22,0.0,0,0,0.02197802197802198,0.0,0.555,0.0,0.0
B01LTIAU6A,4,1,0.65,0.0,0,0,0.25,0.0,0.65,0.0,0.0
B01M1BQFDO,6,1,0.45,0.0,0,0,0.16666666666666666,0.0,0.45,0.0,0.0
B01M5KZTAQ,15,1,0.55,0.0,0,0,0.06666666666666667,0.0,0.55,0.0,0.0
B01MU9AUX7,18,1,0.55,0.0,0,0,0.05555555555555555,0.0,0.55,0.0,0.0
B01N539G26,56,2,0.7,0.0,0,0,0.03571428571428571,0.0,0.35,0.0,0.0
B01NALN8Q9,43,1,0.8,0.0,0,0,0.023255813953488372,0.0,0.8,0.0,0.0
B01NAMJSOX,5,1,0.45,0.0,0,0,0.2,0.0,0.45,0.0,0.0
B01NAQ3N7Q,36,1,0.38,0.0,0,0,0.027777777777777776,0.0,0.38,0.0,0.0
B01NBIYOCP,732,4,2.04,0.0,0,0,0.00546448087431694,0.0,0.51,0.0,0.0
B074LSMQJ3,55,1,0.61,0.0,0,0,0.01818181818181818,0.0,0.61,0.0,0.0
B074LSYFTJ,16,1,0.5,0.0,0,0,0.0625,0.0,0.5,0.0,0.0
B074LTNQBP,137,1,0.65,0.0,0,0,0.0072992700729927005,0.0,0.65,0.0,0.0
B074LVMLNG,125,1,0.75,0.0,0,0,0.008,0.0,0.75,0.0,0.0
B074LVYZDJ,81,1,0.75,0.0,0,0,0.012345679012345678,0.0,0.75,0.0,0.0
B074LZCVKC,7,1,0.54,0.0,0,0,0.14285714285714285,0.0,0.54,0.0,0.0
B0751LB83D,17,1,0.55,0.0,0,0,0.058823529411764705,0.0,0.55,0.0,0.0
B0753Q75KZ,6,1,0.28,0.0,0,0,0.16666666666666666,0.0,0.28,0.0,0.0
B075L6BL61,72,2,0.92,0.0,0,0,0.027777777777777776,0.0,0.46,0.0,0.0
B075PTW3K4,133,1,0.51,33.98,1,2,0.007518796992481203,1.0,0.51,0.015008828722778107,66.62745098039215
B075YZHYQV,2,1,0.4,0.0,0,0,0.5,0.0,0.4,0.0,0.0
B076Q6442Z,43,2,1.36,0.0,0,0,0.046511627906976744,0.0,0.68,0.0,0.0
B078BYWZXK,13,1,0.6,0.0,0,0,0.07692307692307693,0.0,0.6,0.0,0.0
B0794NYWRT,2,1,0.4,0.0,0,0,0.5,0.0,0.4,0.0,0.0
B0794V5RW1,28,2,1.6,0.0,0,0,0.07142857142857142,0.0,0.8,0.0,0.0
B07B2MPYVQ,66,3,1.4,11.99,1,1,0.045454545454545456,0.3333333333333333,0.4666666666666666,0.11676396997497913,8.564285714285715
B07B2MV34R,98,5,2.4000000000000004,11.99,1,1,0.05102040816326531,0.2,0.4800000000000001,0.20016680567139286,4.995833333333333
B07B4NKVGF,145,2,0.82,28.98,2,2,0.013793103448275862,1.0,0.41,0.028295376121463076,35.34146341463415
B07BFG4G5Y,82,1,0.65,0.0,0,0,0.012195121951219513,0.0,0.65,0.0,0.0
B07FCXRPJ3,60,1,0.45,0.0,0,0,0.016666666666666666,0.0,0.45,0.0,0.0
B07FCY7676,42,3,1.9,0.0,0,0,0.07142857142857142,0.0,0.6333333333333333,0.0,0.0
B07FDKLYPT,102,8,4.470000000000001,16.99,1,1,0.0784313725490196,0.125,0.5587500000000001,0.26309593878752213,3.800894854586129
B07FK3JVQL,40,2,1.13,0.0,0,0,0.05,0.0,0.565,0.0,0.0
B07FRB8D38,1,1,0.22,0.0,0,0,1.0,0.0,0.22,0.0,0.0
B07FVYW3W4,139,3,1.3,11.99,1,1,0.02158273381294964,0.3333333333333333,0.43333333333333335,0.10842368640533778,9.223076923076922
B07G37R24B,9,1,0.65,0.0,0,0,0.1111111111111111,0.0,0.65,0.0,0.0
B07HYZCNKT,66,2,1.1,0.0,0,0,0.030303030303030304,0.0,0.55,0.0,0.0
B07KWKJPNF,26,1,0.5,0.0,0,0,0.038461538461538464,0.0,0.5,0.0,0.0
B07KX95BT6,1,1,0.55,0.0,0,0,1.0,0.0,0.55,0.0,0.0
B07KXPFWY2,4,1,0.6,0.0,0,0,0.25,0.0,0.6,0.0,0.0
B07L437P21,409,4,2.5,0.0,0,0,0.009779951100244499,0.0,0.625,0.0,0.0
B07L5QGF38,24,1,0.5,0.0,0,0,0.041666666666666664,0.0,0.5,0.0,0.0
B07L62YJVN,99,1,0.85,0.0,0,0,0.010101010101010102,0.0,0.85,0.0,0.0
B07MK6C1JM,20,1,0.35,0.0,0,0,0.05,0.0,0.35,0.0,0.0
B07N7NBYSP,73,1,0.45,0.0,0,0,0.0136986301369863,0.0,0.45,0.0,0.0
B07N7PK9QK,320,1,0.6,0.0,0,0,0.003125,0.0,0.6,0.0,0.0
B07N7PWKKQ,50,1,0.25,0.0,0,0,0.02,0.0,0.25,0.0,0.0
B07NQHWHLM,6,1,0.5,0.0,0,0,0.16666666666666666,0.0,0.5,0.0,0.0
B07NQLWYXW,45,1,0.24,0.0,0,0,0.022222222222222223,0.0,0.24,0.0,0.0
B07NSZHMWD,13,1,0.55,0.0,0,0,0.07692307692307693,0.0,0.55,0.0,0.0
B07PW5D2P1,22,1,0.4,0.0,0,0,0.045454545454545456,0.0,0.4,0.0,0.0
B07Q4TD8RS,25,1,0.75,0.0,0,0,0.04,0.0,0.75,0.0,0.0
B07R461Z4L,68,1,0.35,0.0,0,0,0.014705882352941176,0.0,0.35,0.0,0.0
B07RDYKY7Q,9,1,0.5,0.0,0,0,0.1111111111111111,0.0,0.5,0.0,0.0
B07RYN7F2B,4,1,1.05,0.0,0,0,0.25,0.0,1.05,0.0,0.0
B07TV8BS49,9,1,0.5,0.0,0,0,0.1111111111111111,0.0,0.5,0.0,0.0
B07W8WWZ1M,55,1,0.65,0.0,0,0,0.01818181818181818,0.0,0.65,0.0,0.0
B07WYY6KKC,8,1,0.82,0.0,0,0,0.125,0.0,0.82,0.0,0.0
B07X7HPYNS,23,1,0.3,0.0,0,0,0.043478260869565216,0.0,0.3,0.0,0.0
B07XPFTGHR,203,1,0.32,0.0,0,0,0.0049261083743842365,0.0,0.32,0.0,0.0
B07XSN37JK,23,1,0.5,0.0,0,0,0.043478260869565216,0.0,0.5,0.0,0.0
B07YFD3T2T,1934,21,12.67,0.0,0,0,0.010858324715615306,0.0,0.6033333333333333,0.0,0.0
B07YNTMDWD,58,1,0.8,0.0,0,0,0.017241379310344827,0.0,0.8,0.0,0.0
B07ZDKN9W6,1,1,0.25,0.0,0,0,1.0,0.0,0.25,0.0,0.0
B07ZHP5FY6,3,1,0.45,0.0,0,0,0.3333333333333333,0.0,0.45,0.0,0.0
B081QZXDR5,5,1,0.5,0.0,0,0,0.2,0.0,0.5,0.0,0.0
B082P6XTHW,8,1,0.5,0.0,0,0,0.125,0.0,0.5,0.0,0.0
B088PM8YLJ,273,1,0.3,11.99,1,1,0.003663003663003663,1.0,0.3,0.0250208507089241,39.96666666666667
B08D7J83PZ,30,1,0.75,0.0,0,0,0.03333333333333333,0.0,0.75,0.0,0.0
B08HDQW84P,100,2,1.15,0.0,0,0,0.02,0.0,0.575,0.0,0.0
B08HDSTZZP,156,1,0.72,0.0,0,0,0.00641025641025641,0.0,0.72,0.0,0.0
B08JYM7LDQ,1,1,0.55,0.0,0,0,1.0,0.0,0.55,0.0,0.0
B08KSJJK76,73,1,0.45,0.0,0,0,0.0136986301369863,0.0,0.45,0.0,0.0
B08KT2Y49F,17,1,0.5,0.0,0,0,0.058823529411764705,0.0,0.5,0.0,0.0
B08KXC1465,11,1,0.5,0.0,0,0,0.09090909090909091,0.0,0.5,0.0,0.0
B08LBMYGTL,1,1,0.66,0.0,0,0,1.0,0.0,0.66,0.0,0.0
B08M4D84P4,36,3,1.42,0.0,0,0,0.08333333333333333,0.0,0.47333333333333333,0.0,0.0
B08MZFJNJ7,2,1,0.5,0.0,0,0,0.5,0.0,0.5,0.0,0.0
B08T2WP81T,4,1,0.65,0.0,0,0,0.25,0.0,0.65,0.0,0.0
B08W34TJPK,4,1,0.55,0.0,0,0,0.25,0.0,0.55,0.0,0.0
B08ZCNH636,98,4,2.01,0.0,0,0,0.04081632653061224,0.0,0.5025,0.0,0.0
B08ZDSPPM6,1,1,0.45,0.0,0,0,1.0,0.0,0.45,0.0,0.0
B091B6W36N,4,1,0.8,0.0,0,0,0.25,0.0,0.8,0.0,0.0
B0952GYP8Z,17,1,0.43,0.0,0,0,0.058823529411764705,0.0,0.43,0.0,0.0
B09DNBTDH1,3,1,0.4,0.0,0,0,0.3333333333333333,0.0,0.4,0.0,0.0
B09HN971VV,11,1,0.5,0.0,0,0,0.09090909090909091,0.0,0.5,0.0,0.0
B09MSM5X6C,2,1,0.45,0.0,0,0,0.5,0.0,0.45,0.0,0.0
B09QLSBD9L,158,2,0.64,0.0,0,0,0.012658227848101266,0.0,0.32,0.0,0.0
B09S7G5X2Y,2,1,0.39,0.0,0,0,0.5,0.0,0.39,0.0,0.0
B09YKFR6V1,18,1,0.4,0.0,0,0,0.05555555555555555,0.0,0.4,0.0,0.0
B09ZY2K5KB,486,9,4.63,16.99,1,1,0.018518518518518517,0.1111111111111111,0.5144444444444445,0.2725132430841672,3.669546436285097
B0B2KTL2QF,1,1,0.5,0.0,0,0,1.0,0.0,0.5,0.0,0.0
B0B64BKP2Q,83,1,0.8,0.0,0,0,0.012048192771084338,0.0,0.8,0.0,0.0
B0B6RD2C11,27,3,2.1,0.0,0,0,0.1111111111111111,0.0,0.7000000000000001,0.0,0.0
B0B73WNB86,8,1,0.18,0.0,0,0,0.125,0.0,0.18,0.0,0.0
B0B8TB41PF,868,1,0.6,0.0,0,0,0.001152073732718894,0.0,0.6,0.0,0.0
B0B9RCR13S,172,2,0.8,0.0,0,0,0.011627906976744186,0.0,0.4,0.0,0.0
B0BCR43SCW,47,1,0.55,16.99,1,1,0.02127659574468085,1.0,0.55,0.032371983519717484,30.890909090909087
B0BCR476ZM,56,1,0.5,0.0,0,0,0.017857142857142856,0.0,0.5,0.0,0.0
B0BDXJ8RJT,3,1,0.5,0.0,0,0,0.3333333333333333,0.0,0.5,0.0,0.0
B0BGJPVH38,1240,10,5.1499999999999995,0.0,0,0,0.008064516129032258,0.0,0.5149999999999999,0.0,0.0
B0BHXDSSWX,7,1,0.38,0.0,0,0,0.14285714285714285,0.0,0.38,0.0,0.0
B0BQ2PQZS8,17,1,0.65,0.0,0,0,0.058823529411764705,0.0,0.65,0.0,0.0
B0BQX3HG1W,60,1,0.85,0.0,0,0,0.016666666666666666,0.0,0.85,0.0,0.0
B0BRDDYSH2,2,1,0.54,0.0,0,0,0.5,0.0,0.54,0.0,0.0
B0BT1NKY54,53,2,1.1,0.0,0,0,0.03773584905660377,0.0,0.55,0.0,0.0
B0BTY6D4VT,16,1,0.45,0.0,0,0,0.0625,0.0,0.45,0.0,0.0
B0BV8KFJYZ,3,1,0.5,0.0,0,0,0.3333333333333333,0.0,0.5,0.0,0.0
B0BX775SWJ,53,2,1.0,0.0,0,0,0.03773584905660377,0.0,0.5,0.0,0.0
B0BXP3T482,2,1,0.55,0.0,0,0,0.5,0.0,0.55,0.0,0.0
B0C35WRR24,131,3,2.26,19.98,2,2,0.022900763358778626,0.6666666666666666,0.7533333333333333,0.1131131131131131,8.840707964601771
B0C3T4J5KH,25,1,0.45,0.0,0,0,0.04,0.0,0.45,0.0,0.0
B0C4QPGK3L,139,2,0.88,0.0,0,0,0.014388489208633094,0.0,0.44,0.0,0.0
B0C5FP8R7J,801,3,1.93,0.0,0,0,0.003745318352059925,0.0,0.6433333333333333,0.0,0.0
B0C5FR12SJ,200,2,1.07,0.0,0,0,0.01,0.0,0.535,0.0,0.0
B0C6HLD3LX,64,1,0.55,0.0,0,0,0.015625,0.0,0.55,0.0,0.0
B0C6L9KK98,73,1,0.6,0.0,0,0,0.0136986301369863,0.0,0.6,0.0,0.0
B0C6VW7VJV,26,1,0.65,0.0,0,0,0.038461538461538464,0.0,0.65,0.0,0.0
B0C6WXHG5G,2,1,0.59,0.0,0,0,0.5,0.0,0.59,0.0,0.0
B0C7WQ9GG5,4,1,0.49,0.0,0,0,0.25,0.0,0.49,0.0,0.0
B0C8GB3ZW1,3,1,0.6,0.0,0,0,0.3333333333333333,0.0,0.6,0.0,0.0
B0C8LYLYPK,107,2,1.15,0.0,0,0,0.018691588785046728,0.0,0.575,0.0,0.0
B0CCK45T56,189,2,1.4,0.0,0,0,0.010582010582010581,0.0,0.7,0.0,0.0
B0CF5135WP,1,1,0.27,0.0,0,0,1.0,0.0,0.27,0.0,0.0
B0CFYS7M4L,4724,20,10.54,0.0,0,0,0.004233700254022015,0.0,0.5269999999999999,0.0,0.0
B0CFZCRKWH,110,2,0.94,0.0,0,0,0.01818181818181818,0.0,0.47,0.0,0.0
B0CGKRDWGB,65,1,0.4,0.0,0,0,0.015384615384615385,0.0,0.4,0.0,0.0
B0CGQKTZPJ,111,1,0.7,9.99,1,1,0.009009009009009009,1.0,0.7,0.07007007007007006,14.271428571428572
B0CGS2D8J8,58,2,1.2,0.0,0,0,0.034482758620689655,0.0,0.6,0.0,0.0
B0CH79ZSZK,52,2,1.05,0.0,0,0,0.038461538461538464,0.0,0.525,0.0,0.0
B0CJKSW96B,2541,22,13.490000000000002,35.97,3,3,0.008658008658008658,0.13636363636363635,0.6131818181818183,0.3750347511815402,2.66641957005189
B0CJKT2QC8,8,1,0.6,0.0,0,0,0.125,0.0,0.6,0.0,0.0
B0CJM8546H,336,3,2.2,0.0,0,0,0.008928571428571428,0.0,0.7333333333333334,0.0,0.0
B0CKTYV2PW,50,1,0.51,0.0,0,0,0.02,0.0,0.51,0.0,0.0
B0CLFGSM5F,3,1,0.66,0.0,0,0,0.3333333333333333,0.0,0.66,0.0,0.0
B0CLZL2Z4R,21,2,1.35,0.0,0,0,0.09523809523809523,0.0,0.675,0.0,0.0
B0CLZZJGKT,5,1,0.38,0.0,0,0,0.2,0.0,0.38,0.0,0.0
B0CMXF1NK3,708,7,4.08,0.0,0,0,0.009887005649717515,0.0,0.5828571428571429,0.0,0.0
B0CN1R1JTP,1,1,0.75,0.0,0,0,1.0,0.0,0.75,0.0,0.0
B0CN3V9WJY,13,2,1.25,0.0,0,0,0.15384615384615385,0.0,0.625,0.0,0.0
B0CN92Z1GT,8,1,0.45,0.0,0,0,0.125,0.0,0.45,0.0,0.0
B0CNQ7TJBQ,1,1,0.4,0.0,0,0,1.0,0.0,0.4,0.0,0.0
B0CP4K4CL8,80,2,1.1,16.99,1,1,0.025,0.5,0.55,0.06474396703943497,15.445454545454544
B0CQ3VYN4S,70,1,0.65,0.0,0,0,0.014285714285714285,0.0,0.65,0.0,0.0
B0CQGND14Z,1,1,0.4,0.0,0,0,1.0,0.0,0.4,0.0,0.0
B0CR1SYNNS,1048,6,4.4,0.0,0,0,0.0057251908396946565,0.0,0.7333333333333334,0.0,0.0
B0CRB21CRK,61,1,0.6,0.0,0,0,0.01639344262295082,0.0,0.6,0.0,0.0
B0CSD5K3L9,26,1,0.84,0.0,0,0,0.038461538461538464,0.0,0.84,0.0,0.0
B0CSGCG8V9,182,3,2.24,9.99,1,1,0.016483516483516484,0.3333333333333333,0.7466666666666667,0.22422422422422425,4.459821428571428
B0CW6J494Z,1133,6,3.3499999999999996,13.99,1,1,0.00529567519858782,0.16666666666666666,0.5583333333333332,0.23945675482487488,4.1761194029850754
B0CXFXQS12,72,2,1.22,0.0,0,0,0.027777777777777776,0.0,0.61,0.0,0.0
B0CZ3VJF5C,42,1,0.33,0.0,0,0,0.023809523809523808,0.0,0.33,0.0,0.0
B0CZF6N2QD,75,1,0.6,0.0,0,0,0.013333333333333334,0.0,0.6,0.0,0.0
B0D1K1RRGG,27,1,0.52,0.0,0,0,0.037037037037037035,0.0,0.52,0.0,0.0
B0D1KJK17M,20,2,1.38,0.0,0,0,0.1,0.0,0.69,0.0,0.0
B0D1NH5K95,21,1,0.7,0.0,0,0,0.047619047619047616,0.0,0.7,0.0,0.0
B0D1SHZVQX,3,1,0.27,0.0,0,0,0.3333333333333333,0.0,0.27,0.0,0.0
B0D1VWZXDX,127,1,0.79,0.0,0,0,0.007874015748031496,0.0,0.79,0.0,0.0
B0D2L9HNW2,97,3,1.36,0.0,0,0,0.030927835051546393,0.0,0.45333333333333337,0.0,0.0
B0D2RY92V6,5,1,0.35,0.0,0,0,0.2,0.0,0.35,0.0,0.0
B0D4CGV485,2,1,0.4,0.0,0,0,0.5,0.0,0.4,0.0,0.0
B0D4JG23DV,43,1,0.12,0.0,0,0,0.023255813953488372,0.0,0.12,0.0,0.0
B0D6BMGP8Z,3590,49,31.32,0.0,0,0,0.013649025069637883,0.0,0.6391836734693878,0.0,0.0
B0D6V2M5V1,365,3,2.1,0.0,0,0,0.00821917808219178,0.0,0.7000000000000001,0.0,0.0
B0D6W4BK8B,6,1,0.85,0.0,0,0,0.16666666666666666,0.0,0.85,0.0,0.0
B0D6WWDZ57,13,1,0.22,9.99,1,1,0.07692307692307693,1.0,0.22,0.022022022022022022,45.40909090909091
B0D72RPYT3,5,1,0.51,0.0,0,0,0.2,0.0,0.51,0.0,0.0
B0D79TTZSH,13,1,0.85,0.0,0,0,0.07692307692307693,0.0,0.85,0.0,0.0
B0D7GTF12L,2,1,0.5,0.0,0,0,0.5,0.0,0.5,0.0,0.0
B0D7M1GT5X,51,2,1.7,0.0,0,0,0.0392156862745098,0.0,0.85,0.0,0.0
B0D7QXPR23,1,1,0.66,0.0,0,0,1.0,0.0,0.66,0.0,0.0
B0D7VD38BT,21,1,0.65,0.0,0,0,0.047619047619047616,0.0,0.65,0.0,0.0
B0D8CJX3TS,16,1,0.6,0.0,0,0,0.0625,0.0,0.6,0.0,0.0
B0D8NSB96W,6,1,0.75,0.0,0,0,0.16666666666666666,0.0,0.75,0.0,0.0
B0D8PWY5N8,3,1,0.65,0.0,0,0,0.3333333333333333,0.0,0.65,0.0,0.0
B0D8Y37L72,32,1,0.55,0.0,0,0,0.03125,0.0,0.55,0.0,0.0
B0D982JMYF,6,1,0.52,0.0,0,0,0.16666666666666666,0.0,0.52,0.0,0.0
B0D9NNF8Q8,857,5,3.47,9.99,1,1,0.005834305717619603,0.2,0.6940000000000001,0.34734734734734735,2.878962536023055
B0D9W8M6C4,24,1,0.85,0.0,0,0,0.041666666666666664,0.0,0.85,0.0,0.0
B0D9XNF7KP,150,4,1.58,0.0,0,0,0.02666666666666667,0.0,0.395,0.0,0.0
B0D9Y77RDG,61,3,1.7,11.99,1,1,0.04918032786885246,0.3333333333333333,0.5666666666666667,0.14178482068390325,7.052941176470589
B0DB1K52HV,203,3,1.9,0.0,0,0,0.014778325123152709,0.0,0.6333333333333333,0.0,0.0
B0DBFNBYJ2,11,1,0.5,0.0,0,0,0.09090909090909091,0.0,0.5,0.0,0.0
B0DBJBHMYC,360,3,2.17,0.0,0,0,0.008333333333333333,0.0,0.7233333333333333,0.0,0.0
B0DC6SFPVK,260,2,1.49,0.0,0,0,0.007692307692307693,0.0,0.745,0.0,0.0
B0DCHMRDWZ,1,1,0.6,0.0,0,0,1.0,0.0,0.6,0.0,0.0
B0DCVXWZHD,2,1,0.75,0.0,0,0,0.5,0.0,0.75,0.0,0.0
B0DCX7628T,18136,55,32.11,35.97,3,3,0.0030326422584913983,0.05454545454545454,0.5838181818181818,0.8926883514039478,1.1202117720336344
B0DCZCG8NV,10,1,0.67,0.0,0,0,0.1,0.0,0.67,0.0,0.0
B0DF6HKSLF,1,1,0.35,0.0,0,0,1.0,0.0,0.35,0.0,0.0
B0DF734821,1,1,0.45,0.0,0,0,1.0,0.0,0.45,0.0,0.0
B0DFF272LL,255,3,1.57,0.0,0,0,0.011764705882352941,0.0,0.5233333333333333,0.0,0.0
B0DFMDFL8J,46,1,0.7,0.0,0,0,0.021739130434782608,0.0,0.7,0.0,0.0
B0DFYWSB3S,54,1,0.4,0.0,0,0,0.018518518518518517,0.0,0.4,0.0,0.0
B0DGFZTZMR,76,1,0.44,0.0,0,0,0.013157894736842105,0.0,0.44,0.0,0.0
B0DGQCDWJY,2977,25,22.720000000000002,50.96,4,4,0.008397715821296607,0.16,0.9088,0.445839874411303,2.242957746478873
B0DGQTPGT9,433,3,1.65,0.0,0,0,0.006928406466512702,0.0,0.5499999999999999,0.0,0.0
B0DGQY77RC,687,3,1.4100000000000001,0.0,0,0,0.004366812227074236,0.0,0.47000000000000003,0.0,0.0
B0DGT8S13J,109,3,1.73,0.0,0,0,0.027522935779816515,0.0,0.5766666666666667,0.0,0.0
B0DHR3P2D2,8,1,0.7,0.0,0,0,0.125,0.0,0.7,0.0,0.0
B0DHX1MG2B,5,2,1.5,0.0,0,0,0.4,0.0,0.75,0.0,0.0
B0DHZ99GMM,33,1,0.35,0.0,0,0,0.030303030303030304,0.0,0.35,0.0,0.0
B0DJDV254B,3,1,0.45,0.0,0,0,0.3333333333333333,0.0,0.45,0.0,0.0
B0DJHP4GFV,15,1,0.55,0.0,0,0,0.06666666666666667,0.0,0.55,0.0,0.0
B0DJM2KKHG,338,3,2.15,0.0,0,0,0.008875739644970414,0.0,0.7166666666666667,0.0,0.0
B0DJMBNJ37,20,1,0.45,0.0,0,0,0.05,0.0,0.45,0.0,0.0
B0DJS3X3C4,730,11,7.62,9.99,1,1,0.015068493150684932,0.09090909090909091,0.6927272727272727,0.7627627627627628,1.3110236220472442
B0DJWSCZKT,10,1,0.85,9.99,1,1,0.1,1.0,0.85,0.08508508508508508,11.75294117647059
B0DJZ734BF,4,1,0.7,0.0,0,0,0.25,0.0,0.7,0.0,0.0
B0DKDZ9TPZ,75,3,1.0,0.0,0,0,0.04,0.0,0.3333333333333333,0.0,0.0
B0DKF8XKKZ,20,1,0.48,0.0,0,0,0.05,0.0,0.48,0.0,0.0
B0DKG9CMH8,56,2,1.67,0.0,0,0,0.03571428571428571,0.0,0.835,0.0,0.0
B0DKT8D5B3,3,1,0.6,0.0,0,0,0.3333333333333333,0.0,0.6,0.0,0.0
B0DKVKNLYP,1,1,0.45,0.0,0,0,1.0,0.0,0.45,0.0,0.0
B0DKWZJP5W,4,1,0.34,0.0,0,0,0.25,0.0,0.34,0.0,0.0
B0DL37QRSF,2,1,0.4,0.0,0,0,0.5,0.0,0.4,0.0,0.0
B0DL5LB7JH,2446,19,13.09,0.0,0,0,0.00776778413736713,0.0,0.6889473684210526,0.0,0.0
B0DL5SW8DJ,4,1,0.18,0.0,0,0,0.25,0.0,0.18,0.0,0.0
B0DMP73Z61,87,1,0.85,0.0,0,0,0.011494252873563218,0.0,0.85,0.0,0.0
B0DN6TKYF5,28,2,1.15,0.0,0,0,0.07142857142857142,0.0,0.575,0.0,0.0
B0DNG71JTP,43,1,0.3,0.0,0,0,0.023255813953488372,0.0,0.3,0.0,0.0
B0DNMSHFJ8,21,2,1.05,0.0,0,0,0.09523809523809523,0.0,0.525,0.0,0.0
B0DNSC4GRW,127,1,0.45,0.0,0,0,0.007874015748031496,0.0,0.45,0.0,0.0
B0DPB7Z3JY,12,1,0.6,0.0,0,0,0.08333333333333333,0.0,0.6,0.0,0.0
B0DPLBGS18,3,2,1.15,0.0,0,0,0.6666666666666666,0.0,0.575,0.0,0.0
B0DPWZJ97N,66,3,1.4,0.0,0,0,0.045454545454545456,0.0,0.4666666666666666,0.0,0.0
B0DQYJGPXW,84,1,0.5,0.0,0,0,0.011904761904761904,0.0,0.5,0.0,0.0
B0DR1VRVS5,252,4,2.6,0.0,0,0,0.015873015873015872,0.0,0.65,0.0,0.0
B0DRPG43FL,4,1,0.55,0.0,0,0,0.25,0.0,0.55,0.0,0.0
B0DSBHKGM6,178,3,1.8,0.0,0,0,0.016853932584269662,0.0,0.6,0.0,0.0
B0DSCKBJLD,62935,411,237.28,345.76000000000005,24,24,0.006530547390164456,0.058394160583941604,0.577323600973236,0.6862563627950022,1.457181389076197
B0DSHXCT4N,4618,26,15.66,21.98,2,2,0.00563014291901256,0.07692307692307693,0.6023076923076923,0.7124658780709736,1.4035759897828863
B0DSHY2T4Q,1286,6,4.13,0.0,0,0,0.004665629860031105,0.0,0.6883333333333334,0.0,0.0
B0DSJZ61P8,4,1,0.6,0.0,0,0,0.25,0.0,0.6,0.0,0.0
B0DSLT5641,5,1,0.4,11.99,1,1,0.2,1.0,0.4,0.03336113427856547,29.974999999999998
B0DSYVNW7N,114,1,0.65,0.0,0,0,0.008771929824561403,0.0,0.65,0.0,0.0
B0DT4WJYGB,14,1,0.45,0.0,0,0,0.07142857142857142,0.0,0.45,0.0,0.0
B0DT4YN5GG,12,1,0.66,0.0,0,0,0.08333333333333333,0.0,0.66,0.0,0.0
B0DTD6WZ6H,12,1,0.55,0.0,0,0,0.08333333333333333,0.0,0.55,0.0,0.0
B0DTGVMZMK,121,2,1.65,0.0,0,0,0.01652892561983471,0.0,0.825,0.0,0.0
B0DVBCQB1H,130,2,1.16,0.0,0,0,0.015384615384615385,0.0,0.58,0.0,0.0
B0DVBGDD7F,10,1,0.5,0.0,0,0,0.1,0.0,0.5,0.0,0.0
B0DVDN8FPR,13,1,0.4,0.0,0,0,0.07692307692307693,0.0,0.4,0.0,0.0
B0DW3YH4WH,4164,20,14.34,19.98,2,2,0.004803073967339097,0.1,0.717,0.7177177177177176,1.393305439330544
B0DWN9PL4J,4,1,0.4,13.99,1,1,0.25,1.0,0.4,0.028591851322373126,34.975
B0DWV49SMM,6,1,0.6,0.0,0,0,0.16666666666666666,0.0,0.6,0.0,0.0
B0DX1GDJXS,18,2,0.99,0.0,0,0,0.1111111111111111,0.0,0.495,0.0,0.0
B0DXZVVG96,1,1,1.05,0.0,0,0,1.0,0.0,1.05,0.0,0.0
B0DY7DCC24,8,1,0.45,0.0,0,0,0.125,0.0,0.45,0.0,0.0
B0DYNMZDPQ,12,1,0.5,0.0,0,0,0.08333333333333333,0.0,0.5,0.0,0.0
B0DYXRZLKB,234,2,1.72,0.0,0,0,0.008547008547008548,0.0,0.86,0.0,0.0
B0DZBQ28GR,142,1,0.85,0.0,0,0,0.007042253521126761,0.0,0.85,0.0,0.0
B0DZCR14JT,47,1,0.45,0.0,0,0,0.02127659574468085,0.0,0.45,0.0,0.0
B0DZDV2FLB,1519,6,4.140000000000001,9.99,1,1,0.003949967083607637,0.16666666666666666,0.6900000000000001,0.41441441441441446,2.413043478260869
B0DZK7L7ZM,34,1,0.5,0.0,0,0,0.029411764705882353,0.0,0.5,0.0,0.0
B0DZRNXSS7,3,1,0.5,0.0,0,0,0.3333333333333333,0.0,0.5,0.0,0.0
B0DZY8YRWX,11,1,0.45,0.0,0,0,0.09090909090909091,0.0,0.45,0.0,0.0
B0F1DFNNLF,455,7,5.7700000000000005,0.0,0,0,0.015384615384615385,0.0,0.8242857142857144,0.0,0.0
B0F1FTXJJG,4,1,0.45,0.0,0,0,0.25,0.0,0.45,0.0,0.0
B0F1QZT1FV,438,5,3.4400000000000004,0.0,0,0,0.01141552511415525,0.0,0.6880000000000001,0.0,0.0
B0F1ZFQL5R,5,1,0.75,0.0,0,0,0.2,0.0,0.75,0.0,0.0
B0F23S5Z1W,9,1,0.15,0.0,0,0,0.1111111111111111,0.0,0.15,0.0,0.0
B0F245533J,12,2,1.6,9.99,1,1,0.16666666666666666,0.5,0.8,0.16016016016016016,6.2437499999999995
B0F291T6XB,1,1,0.72,0.0,0,0,1.0,0.0,0.72,0.0,0.0
B0F2BBX9YP,46,1,0.74,0.0,0,0,0.021739130434782608,0.0,0.74,0.0,0.0
B0F3BB1B6Z,1028,9,5.57,0.0,0,0,0.008754863813229572,0.0,0.6188888888888889,0.0,0.0
B0F3DFMD7Z,218,2,1.7,0.0,0,0,0.009174311926605505,0.0,0.85,0.0,0.0
B0F3DZ8QNH,1,1,0.66,0.0,0,0,1.0,0.0,0.66,0.0,0.0
B0F3M6KTBQ,36,2,1.7,0.0,0,0,0.05555555555555555,0.0,0.85,0.0,0.0
B0F4C19BXW,64,1,1.0,0.0,0,0,0.015625,0.0,1.0,0.0,0.0
B0F4DLPBXG,1,1,0.5,0.0,0,0,1.0,0.0,0.5,0.0,0.0
B0F4H9GZC2,11,1,0.75,0.0,0,0,0.09090909090909091,0.0,0.75,0.0,0.0
B0F62YDK42,2,1,0.4,0.0,0,0,0.5,0.0,0.4,0.0,0.0
B0F6GM1M7D,15,1,0.5,0.0,0,0,0.06666666666666667,0.0,0.5,0.0,0.0
B0F6KCPV8H,57,3,1.65,0.0,0,0,0.05263157894736842,0.0,0.5499999999999999,0.0,0.0
B0F6XY2J4Z,22,1,0.4,0.0,0,0,0.045454545454545456,0.0,0.4,0.0,0.0
B0F78YYRQY,205,1,0.55,0.0,0,0,0.004878048780487805,0.0,0.55,0.0,0.0
B0F7HQ731W,9,1,1.0,0.0,0,0,0.1111111111111111,0.0,1.0,0.0,0.0
B0F7KB2NSX,16,2,0.6,0.0,0,0,0.125,0.0,0.3,0.0,0.0
B0F7M35JY3,501,1,0.47,0.0,0,0,0.001996007984031936,0.0,0.47,0.0,0.0
B0F7M4XCS6,62,2,1.45,0.0,0,0,0.03225806451612903,0.0,0.725,0.0,0.0
B0F7XJNSHW,7,1,0.61,0.0,0,0,0.14285714285714285,0.0,0.61,0.0,0.0
B0F7XQ9WK9,2,1,0.21,0.0,0,0,0.5,0.0,0.21,0.0,0.0
B0F8B6DLBV,109,1,1.0,0.0,0,0,0.009174311926605505,0.0,1.0,0.0,0.0
B0F8FZN9QJ,16,1,0.3,0.0,0,0,0.0625,0.0,0.3,0.0,0.0
B0F8Q88B7M,6,1,0.55,0.0,0,0,0.16666666666666666,0.0,0.55,0.0,0.0
B0F93YYGL1,27,1,0.5,0.0,0,0,0.037037037037037035,0.0,0.5,0.0,0.0
B0F9VW7ZQ8,42,2,1.2,0.0,0,0,0.047619047619047616,0.0,0.6,0.0,0.0
B0F9XFGYVB,10,1,0.73,0.0,0,0,0.1,0.0,0.73,0.0,0.0
B0FBHGSW4P,1,1,0.15,0.0,0,0,1.0,0.0,0.15,0.0,0.0
B0FBLB1GXL,22,1,0.41,0.0,0,0,0.045454545454545456,0.0,0.41,0.0,0.0
B0FBM7PGM8,189,4,2.95,0.0,0,0,0.021164021164021163,0.0,0.7375,0.0,0.0
B0FC5V9L66,63,2,1.1800000000000002,0.0,0,0,0.031746031746031744,0.0,0.5900000000000001,0.0,0.0
B0FC8HRR3R,7,1,0.85,0.0,0,0,0.14285714285714285,0.0,0.85,0.0,0.0
B0FCCRZTG2,12,1,0.4,0.0,0,0,0.08333333333333333,0.0,0.4,0.0,0.0
B0FCVXCFZY,1,1,0.5,0.0,0,0,1.0,0.0,0.5,0.0,0.0
B0FCZBP54X,1,1,0.65,0.0,0,0,1.0,0.0,0.65,0.0,0.0
B0FCZNPZ78,19,1,0.6,0.0,0,0,0.05263157894736842,0.0,0.6,0.0,0.0
B0FD1BC2KL,22,1,0.75,0.0,0,0,0.045454545454545456,0.0,0.75,0.0,0.0
B0FDFDMX7F,27,3,1.96,0.0,0,0,0.1111111111111111,0.0,0.6533333333333333,0.0,0.0
B0FDGF6VLX,3,1,0.75,0.0,0,0,0.3333333333333333,0.0,0.75,0.0,0.0
B0FDH4NL43,1,1,0.12,0.0,0,0,1.0,0.0,0.12,0.0,0.0
B0FFHKD8LW,1,1,0.5,0.0,0,0,1.0,0.0,0.5,0.0,0.0
B0FGCYZP39,2,1,0.7,0.0,0,0,0.5,0.0,0.7,0.0,0.0
B0FGJ4NKHV,2,1,0.6,0.0,0,0,0.5,0.0,0.6,0.0,0.0
B0FGX61L6H,69,1,0.46,0.0,0,0,0.014492753623188406,0.0,0.46,0.0,0.0
B0FGXMNSYH,14,1,0.6,0.0,0,0,0.07142857142857142,0.0,0.6,0.0,0.0
B0FGXY5KZ4,10,1,0.55,0.0,0,0,0.1,0.0,0.55,0.0,0.0
B0FH4YZJZ4,318,1,0.5,0.0,0,0,0.0031446540880503146,0.0,0.5,0.0,0.0
B0FH6J8MQM,956,12,5.8100000000000005,11.99,1,1,0.012552301255230125,0.08333333333333333,0.4841666666666667,0.4845704753961635,2.06368330464716
B0FHB76Z2P,19,1,0.17,0.0,0,0,0.05263157894736842,0.0,0.17,0.0,0.0
B0FHKTFB5Y,4,1,0.38,0.0,0,0,0.25,0.0,0.38,0.0,0.0
B0FJXTY6TP,9,1,0.6,0.0,0,0,0.1111111111111111,0.0,0.6,0.0,0.0
B0FJYLRPG3,2,1,0.23,0.0,0,0,0.5,0.0,0.23,0.0,0.0
B0FJZLLCJV,282,3,1.95,0.0,0,0,0.010638297872340425,0.0,0.65,0.0,0.0
B0FK12KCN5,439,1,0.6,0.0,0,0,0.002277904328018223,0.0,0.6,0.0,0.0
B0FK2W9PP7,165,2,0.9,0.0,0,0,0.012121212121212121,0.0,0.45,0.0,0.0
B0FKBJSFKB,2,1,0.55,0.0,0,0,0.5,0.0,0.55,0.0,0.0
B0FKXK9TJ8,330,2,1.17,0.0,0,0,0.006060606060606061,0.0,0.585,0.0,0.0
B0FL2L2QZQ,136,1,0.6,0.0,0,0,0.007352941176470588,0.0,0.6,0.0,0.0
B0FL2PNM36,244,2,0.91,0.0,0,0,0.00819672131147541,0.0,0.455,0.0,0.0
B0FL7JNGF5,3,1,0.45,0.0,0,0,0.3333333333333333,0.0,0.45,0.0,0.0
B0FMFQ1S78,1,1,0.4,0.0,0,0,1.0,0.0,0.4,0.0,0.0
B0FMXWV11W,3,1,0.5,0.0,0,0,0.3333333333333333,0.0,0.5,0.0,0.0
B0FNMHGW1W,6,1,0.5,0.0,0,0,0.16666666666666666,0.0,0.5,0.0,0.0
B0FQ4G88SG,2,1,0.46,0.0,0,0,0.5,0.0,0.46,0.0,0.0
B0FR8LM7S1,41,1,0.44,0.0,0,0,0.024390243902439025,0.0,0.44,0.0,0.0
B0FRSGJVM6,91,1,0.65,0.0,0,0,0.01098901098901099,0.0,0.65,0.0,0.0
B0FRSQTGX9,165,1,0.31,0.0,0,0,0.006060606060606061,0.0,0.31,0.0,0.0
B0FTFH73V3,6,1,0.4,11.99,1,1,0.16666666666666666,1.0,0.4,0.03336113427856547,29.974999999999998
B0FTFW9BCX,5,1,0.44,0.0,0,0,0.2,0.0,0.44,0.0,0.0
B0FTWS98M9,132,2,1.1,0.0,0,0,0.015151515151515152,0.0,0.55,0.0,0.0
B0FV92543M,303,2,0.17,16.99,1,1,0.006600660066006601,0.5,0.085,0.010005885815185404,99.94117647058822
B0FVXVCBXW,8,1,0.73,0.0,0,0,0.125,0.0,0.73,0.0,0.0
B0FXBP8YS6,8,1,0.55,0.0,0,0,0.125,0.0,0.55,0.0,0.0
B0FZBJYB58,51,1,0.75,0.0,0,0,0.0196078431372549,0.0,0.75,0.0,0.0
B0G3X53DGR,17,1,0.66,16.99,1,1,0.058823529411764705,1.0,0.66,0.038846380223660985,25.74242424242424
B0G3X8M2VV,1,1,0.4,0.0,0,0,1.0,0.0,0.4,0.0,0.0
B0GBXXZGRF,1,1,0.6,0.0,0,0,1.0,0.0,0.6,0.0,0.0
aceite de argan,5,1,1.06,0.0,0,0,0.2,0.0,1.06,0.0,0.0
aceite de batana para el crecimiento del cabello,4,1,1.8,0.0,0,0,0.25,0.0,1.8,0.0,0.0
aceite de batana para la caida del cabello,41,3,6.12,0.0,0,0,0.07317073170731707,0.0,2.04,0.0,0.0
adevwair batana oil for hair growth,4,1,1.5,0.0,0,0,0.25,0.0,1.5,0.0,0.0
adivasi herbal hair oil original,7,1,1.0,0.0,0,0,0.14285714285714285,0.0,1.0,0.0,0.0
aevy batana oil,323,1,1.12,0.0,0,0,0.0030959752321981426,0.0,1.12,0.0,0.0
aevy batana oil for hair loss,56,1,1.5,0.0,0,0,0.017857142857142856,0.0,1.5,0.0,0.0
africa's best hair mayonnaise,12,1,0.5,0.0,0,0,0.08333333333333333,0.0,0.5,0.0,0.0
african american hair growth products,38,1,0.75,0.0,0,0,0.02631578947368421,0.0,0.75,0.0,0.0
african black oil,1,1,0.98,0.0,0,0,1.0,0.0,0.98,0.0,0.0
african hair growth oil,44,1,0.86,0.0,0,0,0.022727272727272728,0.0,0.86,0.0,0.0
african hair oil,5,1,1.96,0.0,0,0,0.2,0.0,1.96,0.0,0.0
african hair oil for hair growth,5,2,2.35,0.0,0,0,0.4,0.0,1.175,0.0,0.0
african hair products,3,2,1.26,9.99,1,1,0.6666666666666666,0.5,0.63,0.12612612612612611,7.928571428571429
african men hair growth oil,1,1,1.8,0.0,0,0,1.0,0.0,1.8,0.0,0.0
african pride,33,1,0.5,0.0,0,0,0.030303030303030304,0.0,0.5,0.0,0.0
african pride hair oil,4,1,0.99,0.0,0,0,0.25,0.0,0.99,0.0,0.0
african pride hair oils for hair growth,159,1,0.9,0.0,0,0,0.006289308176100629,0.0,0.9,0.0,0.0
african pride hair products,31,2,1.01,0.0,0,0,0.06451612903225806,0.0,0.505,0.0,0.0
african pride moisture coconut oil,2,1,0.45,0.0,0,0,0.5,0.0,0.45,0.0,0.0
akban batana oil for hair growth,75,2,2.91,0.0,0,0,0.02666666666666667,0.0,1.455,0.0,0.0
akban hair growth oil,19,1,0.75,0.0,0,0,0.05263157894736842,0.0,0.75,0.0,0.0
akhbar-e-jehan,2,1,0.06,0.0,0,0,0.5,0.0,0.06,0.0,0.0
alfaparf hair growth,5,1,0.56,0.0,0,0,0.2,0.0,0.56,0.0,0.0
alikay naturals shea yogurt hair moisturizer,84,2,1.39,0.0,0,0,0.023809523809523808,0.0,0.695,0.0,0.0
all natural edge control,2,1,0.55,0.0,0,0,0.5,0.0,0.55,0.0,0.0
all natural hair moisturizer,76,1,0.5,11.99,1,1,0.013157894736842105,1.0,0.5,0.041701417848206836,23.98
all natural hair moisturizer for black men,5,1,0.91,0.0,0,0,0.2,0.0,0.91,0.0,0.0
all natural hair moisturizer for black women,4,1,0.6,0.0,0,0,0.25,0.0,0.6,0.0,0.0
alma hair oil,425,1,2.04,0.0,0,0,0.002352941176470588,0.0,2.04,0.0,0.0
alma hair oil for hair growth,16,2,1.25,0.0,0,0,0.125,0.0,0.625,0.0,0.0
alma oil,72,1,1.89,0.0,0,0,0.013888888888888888,0.0,1.89,0.0,0.0
alma oil for hair growth,1097,5,4.15,9.99,1,1,0.004557885141294439,0.2,0.8300000000000001,0.41541541541541543,2.4072289156626505
aloe vera for hair growth,19,2,1.94,0.0,0,0,0.10526315789473684,0.0,0.97,0.0,0.0
aloe vera hair growth oil,12,1,0.75,0.0,0,0,0.08333333333333333,0.0,0.75,0.0,0.0
aloe vera juice for hair growth,15,1,0.75,0.0,0,0,0.06666666666666667,0.0,0.75,0.0,0.0
alpha infuse hair growth,10,1,1.35,0.0,0,0,0.1,0.0,1.35,0.0,0.0
alter ego hair products,19,1,0.48,0.0,0,0,0.05263157894736842,0.0,0.48,0.0,0.0
altua growth hair leave in,1,1,0.45,0.0,0,0,1.0,0.0,0.45,0.0,0.0
amala hair growth oil,425,3,2.3200000000000003,0.0,0,0,0.007058823529411765,0.0,0.7733333333333334,0.0,0.0
amala hair oil,183,1,2.04,0.0,0,0,0.00546448087431694,0.0,2.04,0.0,0.0
amazon batana hair oil,1,1,1.58,9.99,1,1,1.0,1.0,1.58,0.15815815815815817,6.322784810126582
amazon batana oil for hair growth,4,2,4.27,0.0,0,0,0.5,0.0,2.135,0.0,0.0
amla gold hair oil,23,1,0.43,0.0,0,0,0.043478260869565216,0.0,0.43,0.0,0.0
amla hair oil for hair growth,282,3,4.2299999999999995,0.0,0,0,0.010638297872340425,0.0,1.41,0.0,0.0
amla oil,250,1,2.04,0.0,0,0,0.004,0.0,2.04,0.0,0.0
amla oil for hair growth,3064,15,14.959999999999999,0.0,0,0,0.00489556135770235,0.0,0.9973333333333333,0.0,0.0
amla oil hair growth,9,1,2.04,0.0,0,0,0.1111111111111111,0.0,2.04,0.0,0.0
amtreea batana oil for hair growth,14,1,0.81,0.0,0,0,0.07142857142857142,0.0,0.81,0.0,0.0
andaluca oil,3,1,0.5,0.0,0,0,0.3333333333333333,0.0,0.5,0.0,0.0
anti shedding hair oil men,1,1,0.84,0.0,0,0,1.0,0.0,0.84,0.0,0.0
aomimegel hair mask,19,1,0.45,0.0,0,0,0.05263157894736842,0.0,0.45,0.0,0.0
aparthy hair,2,1,0.52,0.0,0,0,0.5,0.0,0.52,0.0,0.0
apricot oil for hair growth,5,1,1.93,0.0,0,0,0.2,0.0,1.93,0.0,0.0
arab hair moisturizer,2,1,0.5,0.0,0,0,0.5,0.0,0.5,0.0,0.0
arctic beauty batana oil for hair growth,5,1,0.73,0.0,0,0,0.2,0.0,0.73,0.0,0.0
are there any itchy scalp treatments that are suitable for all hair types,1,1,3.8,0.0,0,0,1.0,0.0,3.8,0.0,0.0
argan oil,413,1,1.76,0.0,0,0,0.002421307506053269,0.0,1.76,0.0,0.0
argan oil for hair,349,1,2.04,0.0,0,0,0.0028653295128939827,0.0,2.04,0.0,0.0
argan oil for hair growth,147,2,2.69,0.0,0,0,0.013605442176870748,0.0,1.345,0.0,0.0
argan oil organic,33,1,2.04,0.0,0,0,0.030303030303030304,0.0,2.04,0.0,0.0
ariv batana oil for hair,15,2,2.9,15.5,1,1,0.13333333333333333,0.5,1.45,0.1870967741935484,5.344827586206897
arivy batana oil,2,1,0.82,0.0,0,0,0.5,0.0,0.82,0.0,0.0
ariyv batana oil,191,1,2.25,0.0,0,0,0.005235602094240838,0.0,2.25,0.0,0.0
artic beauty batana oil,3,1,0.82,0.0,0,0,0.3333333333333333,0.0,0.82,0.0,0.0
as i am jamaican black castor oil water,6,1,0.55,0.0,0,0,0.16666666666666666,0.0,0.55,0.0,0.0
asian hair growth products,9,1,0.98,0.0,0,0,0.1111111111111111,0.0,0.98,0.0,0.0
aunt jackies edge control,4,1,0.45,0.0,0,0,0.25,0.0,0.45,0.0,0.0
aunt jackies hair products,118,1,0.66,0.0,0,0,0.00847457627118644,0.0,0.66,0.0,0.0
authentic batana oil from honduras,5,2,2.6500000000000004,0.0,0,0,0.4,0.0,1.3250000000000002,0.0,0.0
ava oil,1,1,0.52,0.0,0,0,1.0,0.0,0.52,0.0,0.0
avocado hair oil for hair growth,11,1,1.35,0.0,0,0,0.09090909090909091,0.0,1.35,0.0,0.0
avocado oil for hair growth,15,1,0.52,0.0,0,0,0.06666666666666667,0.0,0.52,0.0,0.0
avocado oil for hair growth organic,1,1,0.52,0.0,0,0,1.0,0.0,0.52,0.0,0.0
ayunche silky oil￼,1,1,0.45,0.0,0,0,1.0,0.0,0.45,0.0,0.0
ayur herbals face pack,1,1,0.5,0.0,0,0,1.0,0.0,0.5,0.0,0.0
ayurveda hair growth oil,7,1,0.74,0.0,0,0,0.14285714285714285,0.0,0.74,0.0,0.0
ayurvedic hair growth oil,303,1,0.57,0.0,0,0,0.0033003300330033004,0.0,0.57,0.0,0.0
ayurvedic hair oil,428,1,1.06,0.0,0,0,0.002336448598130841,0.0,1.06,0.0,0.0
ayurvedic herbs powder mix for hair growth,3,1,0.82,0.0,0,0,0.3333333333333333,0.0,0.82,0.0,0.0
azure bantana natural hair growth oil,1,1,1.25,0.0,0,0,1.0,0.0,1.25,0.0,0.0
azure batana natural hair growth oil,1,1,0.92,0.0,0,0,1.0,0.0,0.92,0.0,0.0
azure batana oil,629,5,8.07,0.0,0,0,0.00794912559618442,0.0,1.614,0.0,0.0
azure batana oil for hair growth,2245,14,19.169999999999998,16.99,1,1,0.0062360801781737195,0.07142857142857142,1.3692857142857142,1.1283107710417892,0.8862806468440271
azure batana oil from honduras,1,1,0.75,0.0,0,0,1.0,0.0,0.75,0.0,0.0
azure botanica oil,9,2,2.24,0.0,0,0,0.2222222222222222,0.0,1.12,0.0,0.0
azure cold pressed batana,1,1,0.5,0.0,0,0,1.0,0.0,0.5,0.0,0.0
babchi oil,1,1,1.0,0.0,0,0,1.0,0.0,1.0,0.0,0.0
baby don't be bald,16,1,0.5,0.0,0,0,0.0625,0.0,0.5,0.0,0.0
baby hair growth,158,1,1.05,0.0,0,0,0.006329113924050633,0.0,1.05,0.0,0.0
baby hair growth oil for black babies,200,1,1.35,0.0,0,0,0.005,0.0,1.35,0.0,0.0
baby hair moisturizer,150,1,0.6,0.0,0,0,0.006666666666666667,0.0,0.6,0.0,0.0
baby hair moisturizer for black babies,21,1,0.8,0.0,0,0,0.047619047619047616,0.0,0.8,0.0,0.0
baby hair super growth oil,8,1,0.83,0.0,0,0,0.125,0.0,0.83,0.0,0.0
bacana oil mask,1,1,0.37,0.0,0,0,1.0,0.0,0.37,0.0,0.0
badam katael oil,1,1,0.63,9.99,1,1,1.0,1.0,0.63,0.06306306306306306,15.857142857142858
bagana oil for hairline,1,1,0.45,0.0,0,0,1.0,0.0,0.45,0.0,0.0
balea feuchtigkeit haarmilch for hair,1,1,0.25,0.0,0,0,1.0,0.0,0.25,0.0,0.0
bali hair,2,1,0.81,0.0,0,0,0.5,0.0,0.81,0.0,0.0
balm stimulating scalp and hair balm,36,1,0.65,0.0,0,0,0.027777777777777776,0.0,0.65,0.0,0.0
bamboo brush for hair growth,6,1,0.8,0.0,0,0,0.16666666666666666,0.0,0.8,0.0,0.0
ban oil for hair growth,4,1,1.8,0.0,0,0,0.25,0.0,1.8,0.0,0.0
banana hair moisturizer,30,1,1.12,0.0,0,0,0.03333333333333333,0.0,1.12,0.0,0.0
banana oil,5,2,1.72,16.99,1,1,0.4,0.5,0.86,0.10123602118893467,9.877906976744185
banana oil for alopecia women,1,1,0.82,0.0,0,0,1.0,0.0,0.82,0.0,0.0
banana oil for hair growth,302,4,9.45,0.0,0,0,0.013245033112582781,0.0,2.3625,0.0,0.0
banana oil for hair growth”,11,2,3.23,0.0,0,0,0.18181818181818182,0.0,1.615,0.0,0.0
banatan oil hair growth,223,4,4.67,0.0,0,0,0.017937219730941704,0.0,1.1675,0.0,0.0
bandana natural oil hair growth,1,1,2.0,0.0,0,0,1.0,0.0,2.0,0.0,0.0
bandana oil hair growth,71,3,5.37,16.99,1,1,0.04225352112676056,0.3333333333333333,1.79,0.31606827545615074,3.163873370577281
banta oil,239,3,2.56,0.0,0,0,0.012552301255230125,0.0,0.8533333333333334,0.0,0.0
bantaba oil organic,1,1,0.53,16.99,1,1,1.0,1.0,0.53,0.03119482048263685,32.056603773584904
bantams oil hair,2,1,0.45,11.99,1,1,0.5,1.0,0.45,0.03753127606338615,26.644444444444446
bantan oil,16,2,2.0700000000000003,0.0,0,0,0.125,0.0,1.0350000000000001,0.0,0.0
bantan oil for hair growth,559,2,1.08,0.0,0,0,0.0035778175313059034,0.0,0.54,0.0,0.0
bantana natural hair growth oil,11708,96,87.99000000000001,31.97,3,3,0.008199521694567818,0.03125,0.9165625000000001,2.7522677510165785,0.3633367428116831
bantana natural hair growth oil by azure,1,1,1.0,0.0,0,0,1.0,0.0,1.0,0.0,0.0
bantana natural hair growth oil dr sebi,148,2,2.47,9.99,1,1,0.013513513513513514,0.5,1.235,0.24724724724724725,4.044534412955465
bantana oil honduras pure dr. sebi,1,1,0.65,0.0,0,0,1.0,0.0,0.65,0.0,0.0
bantana rosemary natural hair growth oil,12,1,0.72,0.0,0,0,0.08333333333333333,0.0,0.72,0.0,0.0
bantans oil for hair growth,259,7,9.65,19.98,2,2,0.02702702702702703,0.2857142857142857,1.3785714285714286,0.482982982982983,2.0704663212435235
bantu oil for hair growth,82,2,2.7,9.99,1,1,0.024390243902439025,0.5,1.35,0.2702702702702703,3.6999999999999997
bantu oil for hair growth by azure,1,1,0.75,16.99,1,1,1.0,1.0,0.75,0.04414361389052384,22.653333333333332
banyan hair growth,1,1,1.7,0.0,0,0,1.0,0.0,1.7,0.0,0.0
bar shampoo,3,1,1.12,0.0,0,0,0.3333333333333333,0.0,1.12,0.0,0.0
barana oil by hey keratin,2,2,1.65,0.0,0,0,1.0,0.0,0.825,0.0,0.0
barana oil for hair growth,52,1,2.08,16.99,1,1,0.019230769230769232,1.0,2.08,0.12242495585638613,8.16826923076923
barbari batana oil,23,1,1.12,0.0,0,0,0.043478260869565216,0.0,1.12,0.0,0.0
bark and lather stimulating scalp and hair balm,34,2,1.5899999999999999,0.0,0,0,0.058823529411764705,0.0,0.7949999999999999,0.0,0.0
bash and lather hair growth oil,1,1,0.75,0.0,0,0,1.0,0.0,0.75,0.0,0.0
bash and lather hair products,229,4,1.95,0.0,0,0,0.017467248908296942,0.0,0.4875,0.0,0.0
bask & lather scalp stimulator hair growth oil,1975,4,2.46,0.0,0,0,0.0020253164556962027,0.0,0.615,0.0,0.0
bask & leather scalp stimulator l hair growth oil,1,1,0.65,0.0,0,0,1.0,0.0,0.65,0.0,0.0
bask and lather,67,1,0.45,0.0,0,0,0.014925373134328358,0.0,0.45,0.0,0.0
bask and lather edge control,2049,7,3.45,11.99,1,1,0.003416300634455832,0.14285714285714285,0.4928571428571429,0.2877397831526272,3.47536231884058
bask and lather hair balm,180,1,0.5,0.0,0,0,0.005555555555555556,0.0,0.5,0.0,0.0
bask and lather hair for women,1,1,0.8,0.0,0,0,1.0,0.0,0.8,0.0,0.0
bask and lather hair growth oil,10076,25,27.01,26.979999999999997,2,2,0.002481143310837634,0.08,1.0804,1.0011119347664938,0.9988893002591631
bask and lather hair growth oil bundle,202,1,0.62,0.0,0,0,0.0049504950495049506,0.0,0.62,0.0,0.0
bask and lather hair growth serum,1,1,0.55,0.0,0,0,1.0,0.0,0.55,0.0,0.0
bask and lather hair oil,2,1,1.24,0.0,0,0,0.5,0.0,1.24,0.0,0.0
bask and lather hair products,5720,32,24.55,33.98,2,2,0.005594405594405594,0.0625,0.7671875,0.7224838140082402,1.3841140529531566
bask and lather hydrating mist,1,1,1.16,0.0,0,0,1.0,0.0,1.16,0.0,0.0
bask and lather scalp stimulator,2178,12,8.33,0.0,0,0,0.005509641873278237,0.0,0.6941666666666667,0.0,0.0
bask and lather scalp stimulator hair growth oil,297,2,1.5,0.0,0,0,0.006734006734006734,0.0,0.75,0.0,0.0
bask and lather stimulating balm,364,2,0.9,0.0,0,0,0.005494505494505495,0.0,0.45,0.0,0.0
bask lather hair products,15,1,0.45,0.0,0,0,0.06666666666666667,0.0,0.45,0.0,0.0
bask lather scalp stimulator,14,1,0.75,0.0,0,0,0.07142857142857142,0.0,0.75,0.0,0.0
bask n lather edge control,6,1,0.42,0.0,0,0,0.16666666666666666,0.0,0.42,0.0,0.0
bask n lather hair growth oil,312,1,1.38,0.0,0,0,0.003205128205128205,0.0,1.38,0.0,0.0
baskand lather hair stimulator,10,1,0.5,0.0,0,0,0.1,0.0,0.5,0.0,0.0
baskand leather hair products,2,1,0.99,0.0,0,0,0.5,0.0,0.99,0.0,0.0
basket and lather hair products,42,2,1.48,13.99,1,1,0.047619047619047616,0.5,0.74,0.10578984989278055,9.452702702702704
basket lather hair growth oil,21,1,1.8,0.0,0,0,0.047619047619047616,0.0,1.8,0.0,0.0
baskin lather hair growth oil,831,2,2.34,9.99,1,1,0.0024067388688327317,0.5,1.17,0.23423423423423423,4.269230769230769
baskin lather hair products,52,1,0.5,0.0,0,0,0.019230769230769232,0.0,0.5,0.0,0.0
baskin lather hair products bundle,5,1,0.45,0.0,0,0,0.2,0.0,0.45,0.0,0.0
baskin leather hair products,81,2,0.75,11.99,1,1,0.024691358024691357,0.5,0.375,0.06255212677231026,15.986666666666666
bata a oil for hair growth,38,1,1.2,0.0,0,0,0.02631578947368421,0.0,1.2,0.0,0.0
bataba oil for hair growth,40,1,0.97,0.0,0,0,0.025,0.0,0.97,0.0,0.0
bataba oil for hair growth vital,23,1,1.12,0.0,0,0,0.043478260869565216,0.0,1.12,0.0,0.0
bataba oil honduran,1,1,1.98,0.0,0,0,1.0,0.0,1.98,0.0,0.0
bataba oil paste,2,1,0.5,0.0,0,0,0.5,0.0,0.5,0.0,0.0
batama oil for hair growth,5200,38,31.38,63.95,5,5,0.007307692307692308,0.13157894736842105,0.8257894736842105,0.49069585613760747,2.0379222434671767
batama oil from honduras,1,1,2.64,0.0,0,0,1.0,0.0,2.64,0.0,0.0
batama oil hair relaxer,1,1,0.55,0.0,0,0,1.0,0.0,0.55,0.0,0.0
batama oil luxmiel,1,1,0.99,15.99,1,1,1.0,1.0,0.99,0.06191369606003752,16.151515151515152
batams hair growth oil,11,1,0.82,0.0,0,0,0.09090909090909091,0.0,0.82,0.0,0.0
batan oil for hair growth,32,1,0.82,0.0,0,0,0.03125,0.0,0.82,0.0,0.0
batana,7743,47,48.26,63.95,5,5,0.006069998708510913,0.10638297872340426,1.0268085106382978,0.7546520719311962,1.3251139660174058
batana 16oz,2,1,0.75,0.0,0,0,0.5,0.0,0.75,0.0,0.0
batana and rosemary oil,31,1,1.1,0.0,0,0,0.03225806451612903,0.0,1.1,0.0,0.0
batana and rosemary oil for hair growth,37,1,1.5,0.0,0,0,0.02702702702702703,0.0,1.5,0.0,0.0
batana aseite for hair fall,4,1,0.35,0.0,0,0,0.25,0.0,0.35,0.0,0.0
batana castor oil,1,1,1.05,0.0,0,0,1.0,0.0,1.05,0.0,0.0
batana cold press root stimulator,1,1,1.65,0.0,0,0,1.0,0.0,1.65,0.0,0.0
batana conditioner for hair growth,42,1,0.75,0.0,0,0,0.023809523809523808,0.0,0.75,0.0,0.0
batana cream,6,2,1.1099999999999999,0.0,0,0,0.3333333333333333,0.0,0.5549999999999999,0.0,0.0
batana cream for scalp,1,1,0.5,0.0,0,0,1.0,0.0,0.5,0.0,0.0
batana gel for hair,2,1,1.31,0.0,0,0,0.5,0.0,1.31,0.0,0.0
batana hair,80,1,1.0,0.0,0,0,0.0125,0.0,1.0,0.0,0.0
batana hair growth oil,281,2,2.87,0.0,0,0,0.0071174377224199285,0.0,1.435,0.0,0.0
batana hair oil,3989,28,28.25,9.99,1,1,0.007019303083479569,0.03571428571428571,1.0089285714285714,2.8278278278278277,0.3536283185840708
batana hair oil for me 8oz not for growth,1,1,0.66,0.0,0,0,1.0,0.0,0.66,0.0,0.0
batana hair oil leave in conditioner,2,1,1.35,9.99,1,1,0.5,1.0,1.35,0.13513513513513514,7.3999999999999995
batana hair oil unscented,3,1,1.27,0.0,0,0,0.3333333333333333,0.0,1.27,0.0,0.0
batana hair pomade,3,1,1.38,0.0,0,0,0.3333333333333333,0.0,1.38,0.0,0.0
batana hair products from honduras ￼,1,1,3.25,0.0,0,0,1.0,0.0,3.25,0.0,0.0
batana hair spray,1,1,0.99,0.0,0,0,1.0,0.0,0.99,0.0,0.0
batana honduras oil for hair growth,1,1,2.18,0.0,0,0,1.0,0.0,2.18,0.0,0.0
batana ingredient list: should be 100% elaeis oleifera (batana) kernel oil.,3,1,0.94,0.0,0,0,0.3333333333333333,0.0,0.94,0.0,0.0
batana leave in conditioner for hair growth,8,1,2.25,0.0,0,0,0.125,0.0,2.25,0.0,0.0
batana mama batana oil for hair growth,5,1,0.62,0.0,0,0,0.2,0.0,0.62,0.0,0.0
batana natural hair,73,1,1.84,0.0,0,0,0.0136986301369863,0.0,1.84,0.0,0.0
batana natural hair growth,6,1,0.75,0.0,0,0,0.16666666666666666,0.0,0.75,0.0,0.0
batana natural hair growth oil,3010,23,34.5,20.99,1,1,0.007641196013289037,0.043478260869565216,1.5,1.643639828489757,0.6084057971014493
batana natural hair growth oil 3.0,1,1,0.75,0.0,0,0,1.0,0.0,0.75,0.0,0.0
batana natural organic growth oil,22,2,2.83,0.0,0,0,0.09090909090909091,0.0,1.415,0.0,0.0
batana oil,41845,198,302.41,217.89,13,13,0.004731748118054726,0.06565656565656566,1.5273232323232324,1.387902152462252,0.7205118878343969
batana oil 1 liter,1,1,1.0,0.0,0,0,1.0,0.0,1.0,0.0,0.0
batana oil 100% unrefined for hair growth,1,1,0.92,0.0,0,0,1.0,0.0,0.92,0.0,0.0
batana oil amazon,31,1,3.6,0.0,0,0,0.03225806451612903,0.0,3.6,0.0,0.0
batana oil azure,47,2,1.64,0.0,0,0,0.0425531914893617,0.0,0.82,0.0,0.0
batana oil biotin hair cream,2,1,0.75,0.0,0,0,0.5,0.0,0.75,0.0,0.0
batana oil cold pressed unrefined,3,1,3.6,14.99,1,1,0.3333333333333333,1.0,3.6,0.24016010673782523,4.163888888888889
batana oil conditioner,66,1,0.52,0.0,0,0,0.015151515151515152,0.0,0.52,0.0,0.0
batana oil daily moisturizer leave in,1,1,0.63,0.0,0,0,1.0,0.0,0.63,0.0,0.0
batana oil dersie,15,1,0.52,0.0,0,0,0.06666666666666667,0.0,0.52,0.0,0.0
batana oil edge control,25,1,0.82,0.0,0,0,0.04,0.0,0.82,0.0,0.0
batana oil for black women hair growth,25,1,0.75,0.0,0,0,0.04,0.0,0.75,0.0,0.0
batana oil for curly hair,5,1,1.5,0.0,0,0,0.2,0.0,1.5,0.0,0.0
batana oil for gray hair,18,1,0.82,0.0,0,0,0.05555555555555555,0.0,0.82,0.0,0.0
batana oil for hair,1282,10,13.83,9.99,1,1,0.0078003120124804995,0.1,1.383,1.3843843843843844,0.7223427331887202
batana oil for hair growth,92649,553,552.26,679.11,39,40,0.005968763829075328,0.0705244122965642,0.9986618444846292,0.8132114090500803,1.2296925361242894
batana oil for hair growth and care,1,1,2.25,0.0,0,0,1.0,0.0,2.25,0.0,0.0
batana oil for hair growth dersie,10,1,1.5,0.0,0,0,0.1,0.0,1.5,0.0,0.0
batana oil for hair growth devine,38,1,1.07,0.0,0,0,0.02631578947368421,0.0,1.07,0.0,0.0
batana oil for hair growth dr sebi,85,2,1.49,0.0,0,0,0.023529411764705882,0.0,0.745,0.0,0.0
batana oil for hair growth dr sebi organic,326,3,3.63,0.0,0,0,0.009202453987730062,0.0,1.21,0.0,0.0
batana oil for hair growth for kids,7,1,0.78,0.0,0,0,0.14285714285714285,0.0,0.78,0.0,0.0
batana oil for hair growth from divine vitals,2,1,1.5,0.0,0,0,0.5,0.0,1.5,0.0,0.0
batana oil for hair growth honduran,1,1,1.21,0.0,0,0,1.0,0.0,1.21,0.0,0.0
batana oil for hair growth kuri nuka,1,1,0.52,0.0,0,0,1.0,0.0,0.52,0.0,0.0
batana oil for hair growth luxmiel,3,2,1.17,0.0,0,0,0.6666666666666666,0.0,0.585,0.0,0.0
batana oil for hair growth olcg,2,1,1.54,0.0,0,0,0.5,0.0,1.54,0.0,0.0
batana oil for hair growth pure,8,1,1.15,0.0,0,0,0.125,0.0,1.15,0.0,0.0
batana oil for hair growth qytin,795,8,7.08,0.0,0,0,0.010062893081761006,0.0,0.885,0.0,0.0
batana oil for hair growth richgrand,1087,9,9.36,0.0,0,0,0.00827966881324747,0.0,1.04,0.0,0.0
batana oil for hair growth vital strands,2,1,0.66,0.0,0,0,0.5,0.0,0.66,0.0,0.0
batana oil for hair loss,445,9,21.869999999999997,16.99,1,1,0.020224719101123594,0.1111111111111111,2.4299999999999997,1.287227781047675,0.7768632830361225
batana oil for hair loss original,1,1,1.9,0.0,0,0,1.0,0.0,1.9,0.0,0.0
batana oil for hair shampoo,4,1,1.05,0.0,0,0,0.25,0.0,1.05,0.0,0.0
batana oil for white hair shampoo,2,1,0.92,0.0,0,0,0.5,0.0,0.92,0.0,0.0
batana oil from honduras,37,3,8.56,0.0,0,0,0.08108108108108109,0.0,2.8533333333333335,0.0,0.0
batana oil get rid of gray hair,1,1,2.5,0.0,0,0,1.0,0.0,2.5,0.0,0.0
batana oil gray hair,4,1,1.27,0.0,0,0,0.25,0.0,1.27,0.0,0.0
batana oil hair butter,2,1,1.0,0.0,0,0,0.5,0.0,1.0,0.0,0.0
batana oil hair growth,290,3,2.87,0.0,0,0,0.010344827586206896,0.0,0.9566666666666667,0.0,0.0
batana oil hair growth organic,40,1,1.4,0.0,0,0,0.025,0.0,1.4,0.0,0.0
batana oil hair moisturizer,20,2,1.07,0.0,0,0,0.1,0.0,0.535,0.0,0.0
batana oil hair moisturizer leave in,1,1,0.5,11.99,1,1,1.0,1.0,0.5,0.041701417848206836,23.98
batana oil hair treatment products,12,1,0.65,0.0,0,0,0.08333333333333333,0.0,0.65,0.0,0.0
batana oil handmade,1,1,0.82,0.0,0,0,1.0,0.0,0.82,0.0,0.0
batana oil honduras,8,1,1.27,0.0,0,0,0.125,0.0,1.27,0.0,0.0
batana oil leave in,57,5,6.93,0.0,0,0,0.08771929824561403,0.0,1.386,0.0,0.0
batana oil lebanta,13,1,2.04,0.0,0,0,0.07692307692307693,0.0,2.04,0.0,0.0
batana oil organic,5329,47,40.26,72.45,6,6,0.00881966597860762,0.1276595744680851,0.856595744680851,0.5556935817805383,1.7995529061102833
batana oil organic cold pressed,1,1,1.89,0.0,0,0,1.0,0.0,1.89,0.0,0.0
batana oil organic for hair,26,1,1.15,0.0,0,0,0.038461538461538464,0.0,1.15,0.0,0.0
batana oil paste,544,6,10.5,20.99,1,1,0.011029411764705883,0.16666666666666666,1.75,0.5002382086707956,1.999047619047619
batana oil paste for hair,9,1,3.34,0.0,0,0,0.1111111111111111,0.0,3.34,0.0,0.0
batana oil pure,206,1,1.14,0.0,0,0,0.0048543689320388345,0.0,1.14,0.0,0.0
batana oil refined,3,1,0.52,0.0,0,0,0.3333333333333333,0.0,0.52,0.0,0.0
batana oil scalp treatment,9,1,0.8,0.0,0,0,0.1111111111111111,0.0,0.8,0.0,0.0
batana oil shampoo,3417,40,37.17,19.98,2,2,0.011706175007316359,0.05,0.92925,1.8603603603603605,0.5375302663438256
batana oil shampoo and conditioner,201,3,4.5,0.0,0,0,0.014925373134328358,0.0,1.5,0.0,0.0
batana oil shampoo and oil,59,1,0.93,0.0,0,0,0.01694915254237288,0.0,0.93,0.0,0.0
batana oil shampoo for hair growth,209,5,4.98,11.99,1,1,0.023923444976076555,0.2,0.9960000000000001,0.4153461217681401,2.407630522088353
batana oil spoild,6,1,0.9,0.0,0,0,0.16666666666666666,0.0,0.9,0.0,0.0
batana oil to reverse gray hair,17,1,1.42,0.0,0,0,0.058823529411764705,0.0,1.42,0.0,0.0
batana oil unrefined for hair growth,1,1,1.5,0.0,0,0,1.0,0.0,1.5,0.0,0.0
batana oil vital,4,1,0.52,0.0,0,0,0.25,0.0,0.52,0.0,0.0
batana oil with rosemary for hair growth,90,3,2.12,0.0,0,0,0.03333333333333333,0.0,0.7066666666666667,0.0,0.0
batana organic oil,67,1,0.99,0.0,0,0,0.014925373134328358,0.0,0.99,0.0,0.0
batana pomade for hair growth,1,1,0.8,0.0,0,0,1.0,0.0,0.8,0.0,0.0
batana raw oil paste,7,1,1.5,0.0,0,0,0.14285714285714285,0.0,1.5,0.0,0.0
batana rosemary oil,46,1,0.52,0.0,0,0,0.021739130434782608,0.0,0.52,0.0,0.0
batana scalp moisturizer,1,1,0.45,0.0,0,0,1.0,0.0,0.45,0.0,0.0
batana shampoo,57,2,1.9700000000000002,0.0,0,0,0.03508771929824561,0.0,0.9850000000000001,0.0,0.0
batana shampoo and conditioner,5,1,1.0,16.99,1,1,0.2,1.0,1.0,0.05885815185403179,16.99
batana shampoo for hair growth,13,1,0.75,0.0,0,0,0.07692307692307693,0.0,0.75,0.0,0.0
batana shampoo oil,36,1,1.01,0.0,0,0,0.027777777777777776,0.0,1.01,0.0,0.0
batana spray for hair growth,8,1,0.52,0.0,0,0,0.125,0.0,0.52,0.0,0.0
batana treatment for hair,3,1,2.39,0.0,0,0,0.3333333333333333,0.0,2.39,0.0,0.0
batana vital oil,3,1,0.96,0.0,0,0,0.3333333333333333,0.0,0.96,0.0,0.0
batana+oil+leave+in+conditioner+for+hair+growth+4c hair,3,1,0.92,0.0,0,0,0.3333333333333333,0.0,0.92,0.0,0.0
batanaco,1,1,0.9,0.0,0,0,1.0,0.0,0.9,0.0,0.0
batanaorganic hair oil and shampoo,1,1,0.45,0.0,0,0,1.0,0.0,0.45,0.0,0.0
batangas hair growth oil,4,2,2.56,0.0,0,0,0.5,0.0,1.28,0.0,0.0
batano oil for hair growth,23,1,1.35,0.0,0,0,0.043478260869565216,0.0,1.35,0.0,0.0
batans oil,151,1,2.04,0.0,0,0,0.006622516556291391,0.0,2.04,0.0,0.0
batans oil for hair growth,349,3,4.72,0.0,0,0,0.008595988538681949,0.0,1.5733333333333333,0.0,0.0
batans oil for hair growth organic,122,1,1.35,0.0,0,0,0.00819672131147541,0.0,1.35,0.0,0.0
batata oil for hair growth,5,1,0.75,0.0,0,0,0.2,0.0,0.75,0.0,0.0
batina cold pressed oil,1,1,0.69,0.0,0,0,1.0,0.0,0.69,0.0,0.0
batina oil,1,1,1.98,16.99,1,1,1.0,1.0,1.98,0.11653914067098294,8.58080808080808
batina oil for hair growth,4,1,1.04,0.0,0,0,0.25,0.0,1.04,0.0,0.0
batna oil,3,1,1.6,0.0,0,0,0.3333333333333333,0.0,1.6,0.0,0.0
batna oil for edge growth,1,1,0.4,0.0,0,0,1.0,0.0,0.4,0.0,0.0
batona oil,2,1,0.45,0.0,0,0,0.5,0.0,0.45,0.0,0.0
batona oil for hair growth,89,3,3.94,11.99,1,1,0.033707865168539325,0.3333333333333333,1.3133333333333332,0.3286071726438699,3.0431472081218276
batsna hair oil growth honduras ￼￼,1,1,1.61,0.0,0,0,1.0,0.0,1.61,0.0,0.0
bb hair growth,3,1,0.85,0.0,0,0,0.3333333333333333,0.0,0.85,0.0,0.0
bcxc batana oil,250,3,4.06,0.0,0,0,0.012,0.0,1.3533333333333333,0.0,0.0
beafadel botana oil hair growth,1,1,1.32,0.0,0,0,1.0,0.0,1.32,0.0,0.0
beganic natural hair growth oil,8,1,0.9,0.0,0,0,0.125,0.0,0.9,0.0,0.0
bergamot hair growth,3,1,0.52,11.99,1,1,0.3333333333333333,1.0,0.52,0.043369474562135114,23.057692307692307
best african hair growth products,8,1,0.4,0.0,0,0,0.125,0.0,0.4,0.0,0.0
best batana oil for hair growth,4,1,0.92,0.0,0,0,0.25,0.0,0.92,0.0,0.0
best edge control for 4c hair,13,1,0.4,0.0,0,0,0.07692307692307693,0.0,0.4,0.0,0.0
best edge control for black women,79,1,0.45,9.99,1,1,0.012658227848101266,1.0,0.45,0.04504504504504504,22.2
best edge growth,5,1,0.7,0.0,0,0,0.2,0.0,0.7,0.0,0.0
best edge growth for black women,1055,37,16.67,16.99,1,1,0.035071090047393366,0.02702702702702703,0.4505405405405406,0.98116539140671,1.0191961607678461
best hair carrier growth oil,1,1,0.7,0.0,0,0,1.0,0.0,0.7,0.0,0.0
best hair growth oil,246,2,2.84,0.0,0,0,0.008130081300813009,0.0,1.42,0.0,0.0
best hair growth oil for alopecia,93,1,0.89,0.0,0,0,0.010752688172043012,0.0,0.89,0.0,0.0
best hair growth oil for edges,4,1,0.59,0.0,0,0,0.25,0.0,0.59,0.0,0.0
best hair growth products,2,1,0.86,0.0,0,0,0.5,0.0,0.86,0.0,0.0
best hair growth products for black women,2,1,0.58,0.0,0,0,0.5,0.0,0.58,0.0,0.0
best hair growth products for women,3,1,0.4,0.0,0,0,0.3333333333333333,0.0,0.4,0.0,0.0
best hair moisturizer for black hair,133,3,1.9,0.0,0,0,0.022556390977443608,0.0,0.6333333333333333,0.0,0.0
best hair moisturizer for dry frizzy hair,1,1,0.8,0.0,0,0,1.0,0.0,0.8,0.0,0.0
best hair moisturizer for dry hair,2,1,0.68,0.0,0,0,0.5,0.0,0.68,0.0,0.0
best hair moisturizer promoting growth daily use leave in batana,1,1,0.62,0.0,0,0,1.0,0.0,0.62,0.0,0.0
best kids shampoo for hair growth,1,1,1.04,0.0,0,0,1.0,0.0,1.04,0.0,0.0
best moisturizer for 4c dry hair,21,2,2.14,0.0,0,0,0.09523809523809523,0.0,1.07,0.0,0.0
best oil for hair growth,14,1,2.89,0.0,0,0,0.07142857142857142,0.0,2.89,0.0,0.0
best oil for hair growth for men,1,1,1.28,0.0,0,0,1.0,0.0,1.28,0.0,0.0
best stuff for black women to grow edges back,1,1,0.4,0.0,0,0,1.0,0.0,0.4,0.0,0.0
best to grow edges,1,1,0.44,0.0,0,0,1.0,0.0,0.44,0.0,0.0
betaine mask hair,47,2,2.04,0.0,0,0,0.0425531914893617,0.0,1.02,0.0,0.0
beyonce hair growth oil,86,1,0.79,0.0,0,0,0.011627906976744186,0.0,0.79,0.0,0.0
beyonce hair products,3,1,0.55,0.0,0,0,0.3333333333333333,0.0,0.55,0.0,0.0
bieyoc batana oil for hair growth,2,1,1.5,0.0,0,0,0.5,0.0,1.5,0.0,0.0
bio oil for edge hair,1,1,0.35,13.99,1,1,1.0,1.0,0.35,0.02501786990707648,39.971428571428575
biosilk oil,26,1,0.7,0.0,0,0,0.038461538461538464,0.0,0.7,0.0,0.0
biotin for hair growth women,16,1,0.87,0.0,0,0,0.0625,0.0,0.87,0.0,0.0
biotin for hair growth women oil organic,1,1,1.61,9.99,1,1,1.0,1.0,1.61,0.16116116116116116,6.204968944099378
biotin oil,91,1,2.04,0.0,0,0,0.01098901098901099,0.0,2.04,0.0,0.0
biotin oil for hair growth,300,2,1.29,0.0,0,0,0.006666666666666667,0.0,0.645,0.0,0.0
biotin oil for hair growth women,26,1,0.86,0.0,0,0,0.038461538461538464,0.0,0.86,0.0,0.0
bitana oil hair growth,5,1,1.62,0.0,0,0,0.2,0.0,1.62,0.0,0.0
black castor oil for hair growth,1441,9,7.720000000000001,21.98,2,2,0.006245662734212352,0.2222222222222222,0.8577777777777779,0.35122838944495,2.8471502590673574
black garlic serum for hair growth,1,1,0.52,0.0,0,0,1.0,0.0,0.52,0.0,0.0
black girl hair growth vitamins,1,1,0.54,0.0,0,0,1.0,0.0,0.54,0.0,0.0
black girl magic hair growth,1,1,0.65,0.0,0,0,1.0,0.0,0.65,0.0,0.0
black hair eoot,1,1,0.66,0.0,0,0,1.0,0.0,0.66,0.0,0.0
black hair growth products,24,1,1.2,0.0,0,0,0.041666666666666664,0.0,1.2,0.0,0.0
black hair moisturizer,136,2,1.34,13.99,1,1,0.014705882352941176,0.5,0.67,0.09578270192994996,10.440298507462686
black hair moisturizer for natural hair,62,1,0.59,0.0,0,0,0.016129032258064516,0.0,0.59,0.0,0.0
"black hair pomade for women oil olive , honey,",1,1,0.45,0.0,0,0,1.0,0.0,0.45,0.0,0.0
black jamaican castor oil hair growth,56,1,1.04,9.99,1,1,0.017857142857142856,1.0,1.04,0.1041041041041041,9.60576923076923
black owned hair growth oils,1,1,1.35,0.0,0,0,1.0,0.0,1.35,0.0,0.0
black rice hair growth cream,1,1,0.5,0.0,0,0,1.0,0.0,0.5,0.0,0.0
black woman edge growth hair growth,1,1,0.4,0.0,0,0,1.0,0.0,0.4,0.0,0.0
blessed hands edge control,49,1,0.45,0.0,0,0,0.02040816326530612,0.0,0.45,0.0,0.0
blue magic hair grease,20,1,1.0,0.0,0,0,0.05,0.0,1.0,0.0,0.0
blue magic olive oil,9,1,0.45,0.0,0,0,0.1111111111111111,0.0,0.45,0.0,0.0
blue magic super sure gro,39,1,0.43,0.0,0,0,0.02564102564102564,0.0,0.43,0.0,0.0
blue magic wild growth hair oil,27,1,0.52,0.0,0,0,0.037037037037037035,0.0,0.52,0.0,0.0
bonita oil for hair growth,2,1,1.34,0.0,0,0,0.5,0.0,1.34,0.0,0.0
bontiac hair growth oil,3,1,1.63,0.0,0,0,0.3333333333333333,0.0,1.63,0.0,0.0
bontona hair oil,1,1,1.25,0.0,0,0,1.0,0.0,1.25,0.0,0.0
botana edge control,2,2,1.0,0.0,0,0,1.0,0.0,0.5,0.0,0.0
botana natural hair growth oil,76,2,3.14,0.0,0,0,0.02631578947368421,0.0,1.57,0.0,0.0
botana oil cream,1,1,0.55,0.0,0,0,1.0,0.0,0.55,0.0,0.0
botana oil for hair growth,236,4,3.4,0.0,0,0,0.01694915254237288,0.0,0.85,0.0,0.0
botana oil from honduras,18,1,1.2,0.0,0,0,0.05555555555555555,0.0,1.2,0.0,0.0
botana oil gel,1,1,2.02,0.0,0,0,1.0,0.0,2.02,0.0,0.0
botana oil hair growth,26719,215,211.21,207.81,18,19,0.008046708334892773,0.08372093023255814,0.9823720930232559,1.0163610990808911,0.9839022773542919
botana oil hair growth 3rd party tested,1,1,2.33,9.99,1,1,1.0,1.0,2.33,0.23323323323323322,4.28755364806867
botana oil hair growth dr sebi,118,2,2.38,26.979999999999997,2,2,0.01694915254237288,1.0,1.19,0.0882134914751668,11.336134453781511
botana oil hair growth hsa,38,1,0.94,0.0,0,0,0.02631578947368421,0.0,0.94,0.0,0.0
botana oil hair growth organic,52,1,0.86,0.0,0,0,0.019230769230769232,0.0,0.86,0.0,0.0
botana oil leave in,1,1,0.99,0.0,0,0,1.0,0.0,0.99,0.0,0.0
botana oil paste hair growth without washing hair,1,1,1.98,0.0,0,0,1.0,0.0,1.98,0.0,0.0
botana oil styling cream,1,1,0.6,0.0,0,0,1.0,0.0,0.6,0.0,0.0
botania oil,2,1,1.2,16.99,1,1,0.5,1.0,1.2,0.07062978222483815,14.158333333333333
botanic batana oil,957,8,10.76,0.0,0,0,0.008359456635318705,0.0,1.345,0.0,0.0
botanic batana oil for hair growth,600,4,4.02,0.0,0,0,0.006666666666666667,0.0,1.005,0.0,0.0
botanic hall 100%￼,1,1,0.63,0.0,0,0,1.0,0.0,0.63,0.0,0.0
botanic hearth batana oil for hair growth,15,1,1.0,0.0,0,0,0.06666666666666667,0.0,1.0,0.0,0.0
botanica botana oil hair growth,4,1,1.35,0.0,0,0,0.25,0.0,1.35,0.0,0.0
botanica oil hair natural beauty,2,2,3.07,0.0,0,0,1.0,0.0,1.535,0.0,0.0
botanical hair growth oil,1,1,0.52,0.0,0,0,1.0,0.0,0.52,0.0,0.0
botanical oil,27,1,2.04,0.0,0,0,0.037037037037037035,0.0,2.04,0.0,0.0
botanix batana oil for hair growth,1429,10,9.34,23.98,2,2,0.006997900629811057,0.2,0.9339999999999999,0.3894912427022519,2.56745182012848
botanna oil for hair growth,1,1,1.6,19.99,1,1,1.0,1.0,1.6,0.08004002001000501,12.493749999999999
botanna oil raw pure,1,1,0.9,0.0,0,0,1.0,0.0,0.9,0.0,0.0
botna oil for hair growth,11,1,2.7,16.99,1,1,0.09090909090909091,1.0,2.7,0.15891701000588584,6.292592592592592
boy hair moisturizer,2,1,0.9,0.0,0,0,0.5,0.0,0.9,0.0,0.0
boys hair moisturizer,3,1,0.64,0.0,0,0,0.3333333333333333,0.0,0.64,0.0,0.0
braid oil for hair growth,5,1,0.45,0.0,0,0,0.2,0.0,0.45,0.0,0.0
braids for hair growth,1,1,0.18,0.0,0,0,1.0,0.0,0.18,0.0,0.0
bread oil men hair growth,9,1,1.0,0.0,0,0,0.1111111111111111,0.0,1.0,0.0,0.0
brown sugar babe oil rich auntie,55,1,0.5,0.0,0,0,0.01818181818181818,0.0,0.5,0.0,0.0
burdock oil for hair growth,39,2,1.32,0.0,0,0,0.05128205128205128,0.0,0.66,0.0,0.0
buriti oil,1,1,0.84,0.0,0,0,1.0,0.0,0.84,0.0,0.0
butana oil for hair growth,87,2,3.91,0.0,0,0,0.022988505747126436,0.0,1.955,0.0,0.0
butane oil hair growth,1,1,1.0,0.0,0,0,1.0,0.0,1.0,0.0,0.0
buy dana oil for your hair,1,1,0.45,0.0,0,0,1.0,0.0,0.45,0.0,0.0
california naturals hair growth serum,17,1,1.2,9.99,1,1,0.058823529411764705,1.0,1.2,0.12012012012012012,8.325000000000001
callus hair growth,1,1,0.65,0.0,0,0,1.0,0.0,0.65,0.0,0.0
camila rose hair milk,1,1,0.63,0.0,0,0,1.0,0.0,0.63,0.0,0.0
camilla rose hair growth oil,5,1,0.75,0.0,0,0,0.2,0.0,0.75,0.0,0.0
camille rose batana butter balm,2,1,0.76,0.0,0,0,0.5,0.0,0.76,0.0,0.0
camille rose edge control,6,1,0.45,0.0,0,0,0.16666666666666666,0.0,0.45,0.0,0.0
camille rose hair products ultimate growth oil,1,1,1.61,0.0,0,0,1.0,0.0,1.61,0.0,0.0
camille rose oil for hair growth,11,1,0.69,0.0,0,0,0.09090909090909091,0.0,0.69,0.0,0.0
camille rose – batana hair food (limited),1,1,1.78,0.0,0,0,1.0,0.0,1.78,0.0,0.0
cannabidiol oil,6,1,0.45,0.0,0,0,0.16666666666666666,0.0,0.45,0.0,0.0
cantu hair growth oil,20,1,1.0,0.0,0,0,0.05,0.0,1.0,0.0,0.0
cantu hair moisturizer,155,1,0.7,0.0,0,0,0.0064516129032258064,0.0,0.7,0.0,0.0
cantu hair oil,30,1,0.82,0.0,0,0,0.03333333333333333,0.0,0.82,0.0,0.0
cantu oil,89,1,0.45,0.0,0,0,0.011235955056179775,0.0,0.45,0.0,0.0
canvas serum hair growth,2,1,0.92,0.0,0,0,0.5,0.0,0.92,0.0,0.0
carol daughter hair growth oil,471,1,0.82,0.0,0,0,0.0021231422505307855,0.0,0.82,0.0,0.0
carol's daughter hair growth oil,2442,18,14.22,9.99,1,1,0.007371007371007371,0.05555555555555555,0.79,1.4234234234234235,0.7025316455696202
carrot oil for hair growth,114,2,2.47,9.99,1,1,0.017543859649122806,0.5,1.235,0.24724724724724725,4.044534412955465
castor oil,1756,2,3.21,0.0,0,0,0.0011389521640091116,0.0,1.605,0.0,0.0
castor oil for hair growth,541,5,4.03,11.99,1,1,0.009242144177449169,0.2,0.806,0.33611342785654713,2.9751861042183623
castor oil for hair growth cream,1,1,1.35,0.0,0,0,1.0,0.0,1.35,0.0,0.0
castor oil for hair growth roll on,3,1,0.71,0.0,0,0,0.3333333333333333,0.0,0.71,0.0,0.0
castor oil for hair loss,1,1,0.55,0.0,0,0,1.0,0.0,0.55,0.0,0.0
castor oil organic,388,2,4.08,0.0,0,0,0.005154639175257732,0.0,2.04,0.0,0.0
castor oil shampoo for hair growth,8,2,2.21,0.0,0,0,0.25,0.0,1.105,0.0,0.0
castor oil water spray for hair growth,1,1,1.35,0.0,0,0,1.0,0.0,1.35,0.0,0.0
castor oil with herbs for hair growth,1,1,0.35,0.0,0,0,1.0,0.0,0.35,0.0,0.0
cecred hair growth oil,574,1,0.97,0.0,0,0,0.0017421602787456446,0.0,0.97,0.0,0.0
cecrede hair oil,1,1,0.6,0.0,0,0,1.0,0.0,0.6,0.0,0.0
cer 100 collagen hair treatment,7,1,1.2,0.0,0,0,0.14285714285714285,0.0,1.2,0.0,0.0
cer 100 spray,1,1,0.5,0.0,0,0,1.0,0.0,0.5,0.0,0.0
ceraglaze for hair,4,1,1.2,0.0,0,0,0.25,0.0,1.2,0.0,0.0
cheap hair growth oil under 2 dollars,1,1,1.05,0.0,0,0,1.0,0.0,1.05,0.0,0.0
chebe,3,1,0.9,0.0,0,0,0.3333333333333333,0.0,0.9,0.0,0.0
chebe + batana for hair growth,1,1,1.05,0.0,0,0,1.0,0.0,1.05,0.0,0.0
chebe butter for hair growth,4,1,0.73,0.0,0,0,0.25,0.0,0.73,0.0,0.0
chebe for hair growth,11,1,0.91,0.0,0,0,0.09090909090909091,0.0,0.91,0.0,0.0
chebe hair growth powder hair mask,1,1,0.66,15.99,1,1,1.0,1.0,0.66,0.04127579737335835,24.227272727272727
chebe leave in conditioner,13,1,0.5,0.0,0,0,0.07692307692307693,0.0,0.5,0.0,0.0
chebe oil for hair growth,1003,13,11.75,21.98,2,2,0.01296111665004985,0.15384615384615385,0.9038461538461539,0.5345768880800728,1.8706382978723404
chebe oil for hair growth for black women,21,1,0.75,0.0,0,0,0.047619047619047616,0.0,0.75,0.0,0.0
chebe powder for hair growth,15,1,0.92,0.0,0,0,0.06666666666666667,0.0,0.92,0.0,0.0
chemical natural hair,1,1,0.23,0.0,0,0,1.0,0.0,0.23,0.0,0.0
chiki alka hair styling cream,1,1,0.55,11.99,1,1,1.0,1.0,0.55,0.045871559633027525,21.799999999999997
cinnamon oil for hair growth,31,2,1.27,0.0,0,0,0.06451612903225806,0.0,0.635,0.0,0.0
cinnoir batana oil for hair growth,56,3,3.42,0.0,0,0,0.05357142857142857,0.0,1.14,0.0,0.0
clothes of skin batana oil for hair growth,174,2,1.68,0.0,0,0,0.011494252873563218,0.0,0.84,0.0,0.0
clove water for hair growth,6,1,0.75,0.0,0,0,0.16666666666666666,0.0,0.75,0.0,0.0
coconut miracle oil,41,1,0.5,0.0,0,0,0.024390243902439025,0.0,0.5,0.0,0.0
coconut oil,18,1,0.7,0.0,0,0,0.05555555555555555,0.0,0.7,0.0,0.0
coconut oil for hair,201,1,1.06,0.0,0,0,0.004975124378109453,0.0,1.06,0.0,0.0
coconut oil for hair growth,54,1,0.45,0.0,0,0,0.018518518518518517,0.0,0.45,0.0,0.0
coconut oil for hair.,1,1,1.88,0.0,0,0,1.0,0.0,1.88,0.0,0.0
coconut oil hair,533,1,1.59,0.0,0,0,0.001876172607879925,0.0,1.59,0.0,0.0
coconut oil hair growth,6,1,0.75,0.0,0,0,0.16666666666666666,0.0,0.75,0.0,0.0
coconut oil hair growth products,10,1,1.02,0.0,0,0,0.1,0.0,1.02,0.0,0.0
coiling hair moisturizer,1,1,0.5,0.0,0,0,1.0,0.0,0.5,0.0,0.0
cold pressed batana oil,31,1,1.58,0.0,0,0,0.03225806451612903,0.0,1.58,0.0,0.0
cold pressed batana oil for hair growth,338,5,6.76,0.0,0,0,0.014792899408284023,0.0,1.3519999999999999,0.0,0.0
combat hair growth oilmilitary,1,1,0.92,0.0,0,0,1.0,0.0,0.92,0.0,0.0
cream for hair growth,15,1,0.73,0.0,0,0,0.06666666666666667,0.0,0.73,0.0,0.0
cream or oil for leather hair,1,1,0.63,9.99,1,1,1.0,1.0,0.63,0.06306306306306306,15.857142857142858
crecimiento extremo crema para peinar,1,1,0.63,0.0,0,0,1.0,0.0,0.63,0.0,0.0
crema para cabello de ninas,1,1,0.4,0.0,0,0,1.0,0.0,0.4,0.0,0.0
creme de crecer cabelo de homem,1,1,0.52,0.0,0,0,1.0,0.0,0.52,0.0,0.0
crochet human hair pre looped,58,1,0.8,0.0,0,0,0.017241379310344827,0.0,0.8,0.0,0.0
crochet twists pre looped,128,1,0.5,0.0,0,0,0.0078125,0.0,0.5,0.0,0.0
crown naturale 10 n 1 chebe hair growth oil,17,1,0.65,0.0,0,0,0.058823529411764705,0.0,0.65,0.0,0.0
curl cream with batana oil,2,1,0.63,0.0,0,0,0.5,0.0,0.63,0.0,0.0
curlis rosemary & lavender hair growth oil,13,1,1.32,0.0,0,0,0.07692307692307693,0.0,1.32,0.0,0.0
curly hair growth,1,1,0.8,0.0,0,0,1.0,0.0,0.8,0.0,0.0
curly hair growth mask thick,1,1,0.21,0.0,0,0,1.0,0.0,0.21,0.0,0.0
curly hair growth products,18,1,0.45,0.0,0,0,0.05555555555555555,0.0,0.45,0.0,0.0
curly hair moisturizer,122,1,0.7,0.0,0,0,0.00819672131147541,0.0,0.7,0.0,0.0
curly hair moisturizers,1,1,0.55,0.0,0,0,1.0,0.0,0.55,0.0,0.0
curly hair oil,5,1,0.45,0.0,0,0,0.2,0.0,0.45,0.0,0.0
curry for long hair,1,1,0.99,0.0,0,0,1.0,0.0,0.99,0.0,0.0
curry leaves for hair growth,1,1,0.65,0.0,0,0,1.0,0.0,0.65,0.0,0.0
dabur amla hair oil for hair growth,359,3,1.9,0.0,0,0,0.008356545961002786,0.0,0.6333333333333333,0.0,0.0
dadi oil,55,2,0.95,0.0,0,0,0.03636363636363636,0.0,0.475,0.0,0.0
daily hair moisturizer,292,3,2.0,13.99,1,1,0.010273972602739725,0.3333333333333333,0.6666666666666666,0.14295925661186562,6.995
daily hair moisturizer for black hair,3,1,0.7,0.0,0,0,0.3333333333333333,0.0,0.7,0.0,0.0
daily hair moisturizer for black women,267,4,3.39,0.0,0,0,0.0149812734082397,0.0,0.8475,0.0,0.0
daily hair moisturizer for natural hair,4,1,0.55,0.0,0,0,0.25,0.0,0.55,0.0,0.0
damatol medicated hair & scalp treatment,6,1,0.2,0.0,0,0,0.16666666666666666,0.0,0.2,0.0,0.0
dax hair grease for hair growth for black hair,38,2,0.98,0.0,0,0,0.05263157894736842,0.0,0.49,0.0,0.0
dcsc batana oil for hair growth,1,1,1.8,0.0,0,0,1.0,0.0,1.8,0.0,0.0
dcxc batana oil,1882,9,6.510000000000001,16.99,1,1,0.004782146652497344,0.1111111111111111,0.7233333333333334,0.383166568569747,2.6098310291858673
dcxc batana oil for hair growth,145,2,2.9899999999999998,0.0,0,0,0.013793103448275862,0.0,1.4949999999999999,0.0,0.0
dcxc batano oil,1,1,1.32,0.0,0,0,1.0,0.0,1.32,0.0,0.0
dcxc hair growth oil,388,1,1.2,0.0,0,0,0.002577319587628866,0.0,1.2,0.0,0.0
dcxd batana oil,6,1,2.02,0.0,0,0,0.16666666666666666,0.0,2.02,0.0,0.0
deep hair moisturizer,7,1,0.69,0.0,0,0,0.14285714285714285,0.0,0.69,0.0,0.0
deep hair treatment for growth,2,1,0.92,0.0,0,0,0.5,0.0,0.92,0.0,0.0
deep wave headband wigs human hair,3,1,0.84,0.0,0,0,0.3333333333333333,0.0,0.84,0.0,0.0
derma roller for hair growth,112,1,0.52,0.0,0,0,0.008928571428571428,0.0,0.52,0.0,0.0
derma roller scalp hair growth,145,1,1.3,0.0,0,0,0.006896551724137931,0.0,1.3,0.0,0.0
derma stamp for hair growth,37,1,1.35,0.0,0,0,0.02702702702702703,0.0,1.35,0.0,0.0
dermapen for hair growth,5,1,1.05,0.0,0,0,0.2,0.0,1.05,0.0,0.0
dersie batana oil,49,1,2.01,0.0,0,0,0.02040816326530612,0.0,2.01,0.0,0.0
dersie batana oil for hair growth,443,6,6.279999999999999,0.0,0,0,0.013544018058690745,0.0,1.0466666666666666,0.0,0.0
design essentials hair and scalp treatment,12,1,0.45,0.0,0,0,0.08333333333333333,0.0,0.45,0.0,0.0
devine batana oil organic,6,1,1.59,0.0,0,0,0.16666666666666666,0.0,1.59,0.0,0.0
devine vitals batana oil for hair growth,12,1,1.01,16.99,1,1,0.08333333333333333,1.0,1.01,0.05944673337257211,16.82178217821782
deya,6,1,0.37,0.0,0,0,0.16666666666666666,0.0,0.37,0.0,0.0
difeel batana oil,58,1,0.52,0.0,0,0,0.017241379310344827,0.0,0.52,0.0,0.0
difeel batana premium hair oil,1,1,0.82,15.99,1,1,1.0,1.0,0.82,0.05128205128205128,19.5
difeel biotin hair growth oil,22,1,0.7,0.0,0,0,0.045454545454545456,0.0,0.7,0.0,0.0
difeel castor oil for hair growth,14,1,1.05,0.0,0,0,0.07142857142857142,0.0,1.05,0.0,0.0
difeel hair growth oil,28,1,0.9,0.0,0,0,0.03571428571428571,0.0,0.9,0.0,0.0
divine raw batana oil for hair growth,38,1,1.12,0.0,0,0,0.02631578947368421,0.0,1.12,0.0,0.0
divine vitals batana oil for hair growth,399,4,5.1,0.0,0,0,0.010025062656641603,0.0,1.275,0.0,0.0
divine vitals divine batana oil for hair growth,20,1,1.5,0.0,0,0,0.05,0.0,1.5,0.0,0.0
do grow hair grease,37,1,0.8,0.0,0,0,0.02702702702702703,0.0,0.8,0.0,0.0
do growth hair oil,48,1,0.41,0.0,0,0,0.020833333333333332,0.0,0.41,0.0,0.0
dogrow hair growth oil,9,1,0.98,11.99,1,1,0.1111111111111111,1.0,0.98,0.0817347789824854,12.23469387755102
dola hair batana oil,34,2,2.83,0.0,0,0,0.058823529411764705,0.0,1.415,0.0,0.0
dola hair growth oil,1,1,0.68,0.0,0,0,1.0,0.0,0.68,0.0,0.0
dolahair batana oil for hair growth,190,2,1.6600000000000001,0.0,0,0,0.010526315789473684,0.0,0.8300000000000001,0.0,0.0
dominican anti-hair loss and growth dropper,1,1,0.52,0.0,0,0,1.0,0.0,0.52,0.0,0.0
dominican gotero crecer pelo,1,1,0.63,0.0,0,0,1.0,0.0,0.63,0.0,0.0
dominican hair products for hair growth,35,1,0.31,0.0,0,0,0.02857142857142857,0.0,0.31,0.0,0.0
doo gro hair oil anti itch growth oil,1,1,0.15,0.0,0,0,1.0,0.0,0.15,0.0,0.0
doo gro hair oil stimulating growth,2,1,0.24,0.0,0,0,0.5,0.0,0.24,0.0,0.0
doo gro stimulating hair growth oil,9,1,0.65,0.0,0,0,0.1111111111111111,0.0,0.65,0.0,0.0
doo growth hair oil,86,1,0.52,0.0,0,0,0.011627906976744186,0.0,0.52,0.0,0.0
doogro hair growth oil,1,1,0.45,0.0,0,0,1.0,0.0,0.45,0.0,0.0
dorelle hair moisturizer,2,1,0.6,0.0,0,0,0.5,0.0,0.6,0.0,0.0
doux hair moisturizers products,1,1,0.72,16.99,1,1,1.0,1.0,0.72,0.04237786933490289,23.59722222222222
dr lyfe raw batana oil,1,1,0.82,0.0,0,0,1.0,0.0,0.82,0.0,0.0
dr miracle hair growth oil,179,1,0.9,0.0,0,0,0.00558659217877095,0.0,0.9,0.0,0.0
dr miracle hair products,5,1,0.75,0.0,0,0,0.2,0.0,0.75,0.0,0.0
dr sebi hair growth oil,83,1,1.04,0.0,0,0,0.012048192771084338,0.0,1.04,0.0,0.0
dr. miracle hair products growth,16,1,1.2,0.0,0,0,0.0625,0.0,1.2,0.0,0.0
dr. sebi’s hair food oil,1,1,0.4,0.0,0,0,1.0,0.0,0.4,0.0,0.0
dream girls hair growth products,62,1,0.45,0.0,0,0,0.016129032258064516,0.0,0.45,0.0,0.0
drops for hair growth,85,1,1.2,9.99,1,1,0.011764705882352941,1.0,1.2,0.12012012012012012,8.325000000000001
dssuoa azure batana oil for hair growth,3,1,1.2,0.0,0,0,0.3333333333333333,0.0,1.2,0.0,0.0
dxcx batana oil,516,2,1.64,0.0,0,0,0.003875968992248062,0.0,0.82,0.0,0.0
dynamic duo (edge control & growth oil) w/ free edge brush,1,1,0.5,0.0,0,0,1.0,0.0,0.5,0.0,0.0
easy diy hair growth oil for black,1,1,0.23,0.0,0,0,1.0,0.0,0.23,0.0,0.0
ebin mousse,13,1,1.2,0.0,0,0,0.07692307692307693,0.0,1.2,0.0,0.0
eco black castor and flaxseed oil gel,6,1,0.55,0.0,0,0,0.16666666666666666,0.0,0.55,0.0,0.0
edge control for african americans,1,1,0.45,0.0,0,0,1.0,0.0,0.45,0.0,0.0
edge control for black women,36,2,1.1,0.0,0,0,0.05555555555555555,0.0,0.55,0.0,0.0
edge control for hair growth,5,1,1.2,0.0,0,0,0.2,0.0,1.2,0.0,0.0
edge control regrowth,2,1,0.5,0.0,0,0,0.5,0.0,0.5,0.0,0.0
edge control with lemongrass,1,1,0.45,0.0,0,0,1.0,0.0,0.45,0.0,0.0
edge entity,9,1,0.63,0.0,0,0,0.1111111111111111,0.0,0.63,0.0,0.0
edge growth,257,3,1.8,16.99,1,1,0.011673151750972763,0.3333333333333333,0.6,0.10594467333725723,9.438888888888888
edge growth for black hair,629,5,4.41,9.99,1,1,0.00794912559618442,0.2,0.882,0.44144144144144143,2.2653061224489797
edge growth for black woman hair,1,1,0.6,0.0,0,0,1.0,0.0,0.6,0.0,0.0
edge growth for black women,279,12,7.09,11.99,1,1,0.043010752688172046,0.08333333333333333,0.5908333333333333,0.591326105087573,1.691114245416079
edge growth hair,4,1,0.82,0.0,0,0,0.25,0.0,0.82,0.0,0.0
edge growth hair treatment for black hair,2,1,0.32,0.0,0,0,0.5,0.0,0.32,0.0,0.0
edge growth oil,78,3,1.55,0.0,0,0,0.038461538461538464,0.0,0.5166666666666667,0.0,0.0
edge growth oil for black hair,25,1,1.52,0.0,0,0,0.04,0.0,1.52,0.0,0.0
edge growth oil for black women,31,2,0.75,0.0,0,0,0.06451612903225806,0.0,0.375,0.0,0.0
edge hair growth,46,1,0.67,0.0,0,0,0.021739130434782608,0.0,0.67,0.0,0.0
edge hair growth oil,419,1,0.75,0.0,0,0,0.002386634844868735,0.0,0.75,0.0,0.0
edge hair growth oil for black women,70,3,2.6399999999999997,16.99,1,1,0.04285714285714286,0.3333333333333333,0.8799999999999999,0.1553855208946439,6.4356060606060606
edge hair growth with color safe,2,1,1.33,0.0,0,0,0.5,0.0,1.33,0.0,0.0
edge oil for hair growth,98,1,0.52,0.0,0,0,0.01020408163265306,0.0,0.52,0.0,0.0
edge regrowth for black women,103,4,1.8,0.0,0,0,0.038834951456310676,0.0,0.45,0.0,0.0
edges & neck hair growth,1,1,0.67,0.0,0,0,1.0,0.0,0.67,0.0,0.0
edges growth oil for black women,4,1,0.47,0.0,0,0,0.25,0.0,0.47,0.0,0.0
edges growth treatment for black hair,12,1,0.67,0.0,0,0,0.08333333333333333,0.0,0.67,0.0,0.0
edges oil,7,1,0.4,0.0,0,0,0.14285714285714285,0.0,0.4,0.0,0.0
edges regrowth for black women,19,2,0.99,0.0,0,0,0.10526315789473684,0.0,0.495,0.0,0.0
elaeis oleifera batana oil,3,1,1.5,0.0,0,0,0.3333333333333333,0.0,1.5,0.0,0.0
elbbub batana oil for hair growth,19,1,1.04,9.99,1,1,0.05263157894736842,1.0,1.04,0.1041041041041041,9.60576923076923
eld coconut oil for hair loss,1,1,0.55,0.0,0,0,1.0,0.0,0.55,0.0,0.0
electric scalp oil massager for hair growth,2,1,1.05,0.0,0,0,0.5,0.0,1.05,0.0,0.0
elixir edge control,1,1,0.49,0.0,0,0,1.0,0.0,0.49,0.0,0.0
elizavecca cer-100,3,1,0.65,0.0,0,0,0.3333333333333333,0.0,0.65,0.0,0.0
elizavecca cer-100 collagen coating hair protein treatment 100ml mask,2,1,0.66,0.0,0,0,0.5,0.0,0.66,0.0,0.0
elvive hair oil,12,1,2.04,0.0,0,0,0.08333333333333333,0.0,2.04,0.0,0.0
emu oil for hair growth,5,1,0.52,0.0,0,0,0.2,0.0,0.52,0.0,0.0
espíritu de canela para cabello,1,1,0.66,0.0,0,0,1.0,0.0,0.66,0.0,0.0
essential palace organic mango hemp oil miracle hairpomade,1,1,0.69,0.0,0,0,1.0,0.0,0.69,0.0,0.0
eternal passion,1,1,0.45,0.0,0,0,1.0,0.0,0.45,0.0,0.0
eway batana oil for hair growth,2,1,2.77,0.0,0,0,0.5,0.0,2.77,0.0,0.0
excellent hair moisturizer,1,1,0.55,0.0,0,0,1.0,0.0,0.55,0.0,0.0
exosomes for hair growth,6,1,1.04,0.0,0,0,0.16666666666666666,0.0,1.04,0.0,0.0
extreme growth styling cream,19,2,1.1,0.0,0,0,0.10526315789473684,0.0,0.55,0.0,0.0
extremely fast hair growth,14,1,1.0,0.0,0,0,0.07142857142857142,0.0,1.0,0.0,0.0
facial hair growth,3,1,0.36,0.0,0,0,0.3333333333333333,0.0,0.36,0.0,0.0
fadelo batana oil for hair growth,214,4,3.36,0.0,0,0,0.018691588785046728,0.0,0.84,0.0,0.0
fari oil for hair growth,129,2,2.41,0.0,0,0,0.015503875968992248,0.0,1.205,0.0,0.0
fari oil hair growth oil,709,2,2.16,0.0,0,0,0.0028208744710860366,0.0,1.08,0.0,0.0
fari oil hair growth oil organic,197,2,1.22,0.0,0,0,0.01015228426395939,0.0,0.61,0.0,0.0
fast grow hair,1,1,0.45,0.0,0,0,1.0,0.0,0.45,0.0,0.0
fast hair growth mask,1,1,0.65,0.0,0,0,1.0,0.0,0.65,0.0,0.0
faster hair growth for bald spots,1,1,1.35,0.0,0,0,1.0,0.0,1.35,0.0,0.0
feibth batana oil for hair growth,1,1,0.88,0.0,0,0,1.0,0.0,0.88,0.0,0.0
fenugreek and alma oil for hair growth,11,1,0.8,0.0,0,0,0.09090909090909091,0.0,0.8,0.0,0.0
fenugreek hair growth oil,23,1,0.9,9.99,1,1,0.043478260869565216,1.0,0.9,0.09009009009009009,11.1
fertilizer hair growth,1,1,0.6,0.0,0,0,1.0,0.0,0.6,0.0,0.0
flasture batana oil for hair growth,1,1,0.61,0.0,0,0,1.0,0.0,0.61,0.0,0.0
flax seed gel for hair growth,5,1,0.75,0.0,0,0,0.2,0.0,0.75,0.0,0.0
flaxseed gel for hair growth,27,1,0.92,0.0,0,0,0.037037037037037035,0.0,0.92,0.0,0.0
for thicker hair growth,1,1,0.92,0.0,0,0,1.0,0.0,0.92,0.0,0.0
forchics hair growth oil,29,1,1.35,0.0,0,0,0.034482758620689655,0.0,1.35,0.0,0.0
forchics hair growth oil spray,437,5,5.569999999999999,9.99,1,1,0.011441647597254004,0.2,1.1139999999999999,0.5575575575575575,1.7935368043087974
freetress crochet hair,55,1,0.5,0.0,0,0,0.01818181818181818,0.0,0.5,0.0,0.0
fro butter emu oil hair growth,21,1,0.7,0.0,0,0,0.047619047619047616,0.0,0.7,0.0,0.0
full hair growth cream,1,1,1.19,0.0,0,0,1.0,0.0,1.19,0.0,0.0
funnel powder for hair growth,3,1,0.92,0.0,0,0,0.3333333333333333,0.0,0.92,0.0,0.0
fvna batana oil,9,1,1.77,0.0,0,0,0.1111111111111111,0.0,1.77,0.0,0.0
gaayou batana oil for hair growth,41,2,1.43,0.0,0,0,0.04878048780487805,0.0,0.715,0.0,0.0
gaayou rosemary oil for hair growth,34,2,1.1,0.0,0,0,0.058823529411764705,0.0,0.55,0.0,0.0
ganix hair growth oil,5,1,1.35,0.0,0,0,0.2,0.0,1.35,0.0,0.0
ghe method hair growth,1,1,0.18,0.0,0,0,1.0,0.0,0.18,0.0,0.0
ginger for hair growth,1,1,0.41,0.0,0,0,1.0,0.0,0.41,0.0,0.0
giovanni hair moisturizer,1,1,0.5,0.0,0,0,1.0,0.0,0.5,0.0,0.0
gipsophila batana oil shampoo for hair growth,52,3,3.77,0.0,0,0,0.057692307692307696,0.0,1.2566666666666666,0.0,0.0
glueless pixie cut human hair wigs,12,1,1.2,0.0,0,0,0.08333333333333333,0.0,1.2,0.0,0.0
go ho hair growth oil,2,1,1.0,0.0,0,0,0.5,0.0,1.0,0.0,0.0
good oils lara hair colocho,1,1,0.4,0.0,0,0,1.0,0.0,0.4,0.0,0.0
gooseberry hair oil,1,1,0.66,0.0,0,0,1.0,0.0,0.66,0.0,0.0
grape seed oil,14,1,0.45,0.0,0,0,0.07142857142857142,0.0,0.45,0.0,0.0
green tea hair growth,1,1,0.82,0.0,0,0,1.0,0.0,0.82,0.0,0.0
greeonil hair growth oil,1,1,1.21,0.0,0,0,1.0,0.0,1.21,0.0,0.0
grow edges fast for black women,199,7,3.2,0.0,0,0,0.035175879396984924,0.0,0.4571428571428572,0.0,0.0
grow strong mafura - natural hair growth oil,2,1,0.74,0.0,0,0,0.5,0.0,0.74,0.0,0.0
grow your edges back hair growth oil,2,2,1.52,9.99,1,1,1.0,0.5,0.76,0.15215215215215214,6.572368421052632
growing hair grease for womens for edges,2,1,0.45,0.0,0,0,0.5,0.0,0.45,0.0,0.0
grown edge hair,1,1,0.45,0.0,0,0,1.0,0.0,0.45,0.0,0.0
growth hair oil,17,1,1.0,0.0,0,0,0.058823529411764705,0.0,1.0,0.0,0.0
growth oil 4c hair,1,1,2.33,0.0,0,0,1.0,0.0,2.33,0.0,0.0
guru nanda hair growth oil,42,2,3.55,9.99,1,1,0.047619047619047616,0.5,1.775,0.35535535535535534,2.8140845070422538
gypsophila batana oil,53,1,1.93,0.0,0,0,0.018867924528301886,0.0,1.93,0.0,0.0
gypsophila batana oil for hair growth,337,6,7.42,0.0,0,0,0.017804154302670624,0.0,1.2366666666666666,0.0,0.0
gypsophila batana oil shampoo,61,2,1.59,0.0,0,0,0.03278688524590164,0.0,0.795,0.0,0.0
gzarcwvn batana oil for hair growth,43,2,1.6099999999999999,9.99,1,1,0.046511627906976744,0.5,0.8049999999999999,0.16116116116116114,6.204968944099379
gzarcwvn botana oil hair growth,29,1,0.52,0.0,0,0,0.034482758620689655,0.0,0.52,0.0,0.0
hair,15,1,1.12,0.0,0,0,0.06666666666666667,0.0,1.12,0.0,0.0
hair balm,425,1,0.38,0.0,0,0,0.002352941176470588,0.0,0.38,0.0,0.0
hair bar for hair growth,1,1,1.05,0.0,0,0,1.0,0.0,1.05,0.0,0.0
hair butter for black women,21,1,0.9,0.0,0,0,0.047619047619047616,0.0,0.9,0.0,0.0
hair care,2126,5,5.66,0.0,0,0,0.0023518344308560675,0.0,1.1320000000000001,0.0,0.0
hair care for black women,2,1,0.49,0.0,0,0,0.5,0.0,0.49,0.0,0.0
hair conditioner,41,1,0.52,0.0,0,0,0.024390243902439025,0.0,0.52,0.0,0.0
hair crack growth oil,106,1,1.8,0.0,0,0,0.009433962264150943,0.0,1.8,0.0,0.0
hair cream growth,154,2,1.79,0.0,0,0,0.012987012987012988,0.0,0.895,0.0,0.0
hair cremafor,1,1,0.47,0.0,0,0,1.0,0.0,0.47,0.0,0.0
hair edges,6,1,0.5,0.0,0,0,0.16666666666666666,0.0,0.5,0.0,0.0
hair fertilizer for hair growth,59,1,0.52,0.0,0,0,0.01694915254237288,0.0,0.52,0.0,0.0
hair fertilizer for hair growth for black hair,93,5,3.46,0.0,0,0,0.053763440860215055,0.0,0.692,0.0,0.0
hair food for hair growth,146,3,1.6300000000000001,0.0,0,0,0.02054794520547945,0.0,0.5433333333333333,0.0,0.0
hair food growth,2,1,1.06,0.0,0,0,0.5,0.0,1.06,0.0,0.0
hair food growth oil,5,1,0.47,0.0,0,0,0.2,0.0,0.47,0.0,0.0
hair glue remover,4,1,0.5,0.0,0,0,0.25,0.0,0.5,0.0,0.0
hair grease for black hair,208,6,4.19,0.0,0,0,0.028846153846153848,0.0,0.6983333333333334,0.0,0.0
hair grease for black hair growth,943,5,3.69,11.99,1,1,0.005302226935312832,0.2,0.738,0.30775646371976645,3.2493224932249323
hair grease for black women,20,1,0.53,0.0,0,0,0.05,0.0,0.53,0.0,0.0
hair grease for hair growth,7,1,0.75,0.0,0,0,0.14285714285714285,0.0,0.75,0.0,0.0
hair grease to make hair strong and grow,1,1,0.5,0.0,0,0,1.0,0.0,0.5,0.0,0.0
hair growth,2157,17,19.380000000000003,33.98,2,2,0.007881316643486324,0.11764705882352941,1.1400000000000001,0.5703354914655681,1.7533539731682142
hair growth ampoules,16,1,0.75,0.0,0,0,0.0625,0.0,0.75,0.0,0.0
hair growth batana,4,1,2.5,0.0,0,0,0.25,0.0,2.5,0.0,0.0
hair growth biotin oil,27,1,1.04,0.0,0,0,0.037037037037037035,0.0,1.04,0.0,0.0
hair growth brush,29,1,0.8,0.0,0,0,0.034482758620689655,0.0,0.8,0.0,0.0
hair growth butter,11,1,1.12,0.0,0,0,0.09090909090909091,0.0,1.12,0.0,0.0
hair growth co 10 in1 oil,1,1,1.24,0.0,0,0,1.0,0.0,1.24,0.0,0.0
hair growth comb,8,1,0.7,0.0,0,0,0.125,0.0,0.7,0.0,0.0
hair growth cream,199,8,5.3,9.99,1,1,0.04020100502512563,0.125,0.6625,0.5305305305305305,1.8849056603773586
hair growth edge,3,1,0.52,0.0,0,0,0.3333333333333333,0.0,0.52,0.0,0.0
hair growth edge control,4,1,0.92,0.0,0,0,0.25,0.0,0.92,0.0,0.0
hair growth edge gel,1,1,0.52,0.0,0,0,1.0,0.0,0.52,0.0,0.0
hair growth fertilizer hair grease,1,1,0.65,0.0,0,0,1.0,0.0,0.65,0.0,0.0
hair growth for men,11,3,2.92,0.0,0,0,0.2727272727272727,0.0,0.9733333333333333,0.0,0.0
hair growth grease,370,4,3.55,9.99,1,1,0.010810810810810811,0.25,0.8875,0.35535535535535534,2.8140845070422538
hair growth herbs mix for oil,303,1,0.9,0.0,0,0,0.0033003300330033004,0.0,0.9,0.0,0.0
hair growth in men,6,1,0.61,0.0,0,0,0.16666666666666666,0.0,0.61,0.0,0.0
hair growth inhibitor,192,1,0.92,0.0,0,0,0.005208333333333333,0.0,0.92,0.0,0.0
hair growth lotion,153,2,1.7000000000000002,0.0,0,0,0.013071895424836602,0.0,0.8500000000000001,0.0,0.0
hair growth mask,65,3,3.2,16.99,1,1,0.046153846153846156,0.3333333333333333,1.0666666666666667,0.18834608593290172,5.309374999999999
hair growth mask 160z,3,2,1.84,0.0,0,0,0.6666666666666666,0.0,0.92,0.0,0.0
hair growth mask for black women,1,1,0.59,0.0,0,0,1.0,0.0,0.59,0.0,0.0
hair growth moisturiser,2,1,0.5,0.0,0,0,0.5,0.0,0.5,0.0,0.0
hair growth moisturizer,35,2,1.99,0.0,0,0,0.05714285714285714,0.0,0.995,0.0,0.0
hair growth moisturizer alopecia,4,1,0.92,0.0,0,0,0.25,0.0,0.92,0.0,0.0
hair growth moisturizer for black women,41,3,2.81,0.0,0,0,0.07317073170731707,0.0,0.9366666666666666,0.0,0.0
hair growth natural hair,2,1,0.79,0.0,0,0,0.5,0.0,0.79,0.0,0.0
hair growth oil,102412,500,424.85,375.68,33,33,0.004882240362457524,0.066,0.8497,1.1308826660988076,0.8842650347181358
hair growth oil 5 stars,2,1,1.04,0.0,0,0,0.5,0.0,1.04,0.0,0.0
hair growth oil bio 7,5,1,1.28,0.0,0,0,0.2,0.0,1.28,0.0,0.0
hair growth oil black women,6,1,1.5,0.0,0,0,0.16666666666666666,0.0,1.5,0.0,0.0
hair growth oil by beyonce,3,1,1.8,0.0,0,0,0.3333333333333333,0.0,1.8,0.0,0.0
hair growth oil essential,1,1,1.04,0.0,0,0,1.0,0.0,1.04,0.0,0.0
hair growth oil for black babies,32,1,0.69,0.0,0,0,0.03125,0.0,0.69,0.0,0.0
hair growth oil for black hair,13,1,1.04,0.0,0,0,0.07692307692307693,0.0,1.04,0.0,0.0
hair growth oil for black women,500,10,9.49,0.0,0,0,0.02,0.0,0.9490000000000001,0.0,0.0
hair growth oil for boys,2,1,0.66,0.0,0,0,0.5,0.0,0.66,0.0,0.0
hair growth oil for high porosity hair,1,1,1.04,0.0,0,0,1.0,0.0,1.04,0.0,0.0
hair growth oil for men,1216,7,7.66,9.99,1,1,0.005756578947368421,0.14285714285714285,1.0942857142857143,0.7667667667667668,1.304177545691906
hair growth oil for natural hair,12,1,1.82,0.0,0,0,0.08333333333333333,0.0,1.82,0.0,0.0
hair growth oil for teens,1,1,0.65,0.0,0,0,1.0,0.0,0.65,0.0,0.0
hair growth oil for thin hair,10,1,3.16,20.99,1,1,0.1,1.0,3.16,0.15054787994282995,6.642405063291139
hair growth oil for thinning edges,7,1,1.6,16.99,1,1,0.14285714285714285,1.0,1.6,0.09417304296645086,10.618749999999999
hair growth oil for waves,1,1,1.61,0.0,0,0,1.0,0.0,1.61,0.0,0.0
hair growth oil indian,111,1,0.59,0.0,0,0,0.009009009009009009,0.0,0.59,0.0,0.0
hair growth oil overnight,77,2,1.36,0.0,0,0,0.025974025974025976,0.0,0.68,0.0,0.0
hair growth oil with rice water and biotin,1,1,1.3,0.0,0,0,1.0,0.0,1.3,0.0,0.0
hair growth oils,16,1,0.75,0.0,0,0,0.0625,0.0,0.75,0.0,0.0
hair growth oils for black women,16,1,1.25,0.0,0,0,0.0625,0.0,1.25,0.0,0.0
hair growth oils for rapid regrowth,1,1,0.7,0.0,0,0,1.0,0.0,0.7,0.0,0.0
hair growth oil￼,203,2,1.6,0.0,0,0,0.009852216748768473,0.0,0.8,0.0,0.0
hair growth pomade,34,1,0.92,0.0,0,0,0.029411764705882353,0.0,0.92,0.0,0.0
hair growth powder,25,1,0.75,0.0,0,0,0.04,0.0,0.75,0.0,0.0
hair growth products,6860,51,40.550000000000004,40.97,3,3,0.0074344023323615165,0.058823529411764705,0.7950980392156863,0.9897485965340495,1.0103575832305793
hair growth products african american,2,2,0.99,0.0,0,0,1.0,0.0,0.495,0.0,0.0
hair growth products edges,1,1,0.41,0.0,0,0,1.0,0.0,0.41,0.0,0.0
hair growth products for black women,784,9,7.55,9.99,1,1,0.011479591836734694,0.1111111111111111,0.8388888888888889,0.7557557557557557,1.32317880794702
hair growth products for black women teen,1,1,0.9,0.0,0,0,1.0,0.0,0.9,0.0,0.0
hair growth products for mature black women,1,1,0.55,0.0,0,0,1.0,0.0,0.55,0.0,0.0
hair growth products for men,181,2,2.0300000000000002,0.0,0,0,0.011049723756906077,0.0,1.0150000000000001,0.0,0.0
hair growth products grow black hair,2,1,1.04,0.0,0,0,0.5,0.0,1.04,0.0,0.0
hair growth recipes,3,1,0.24,0.0,0,0,0.3333333333333333,0.0,0.24,0.0,0.0
hair growth scalp,1,1,0.8,0.0,0,0,1.0,0.0,0.8,0.0,0.0
hair growth serum,95,2,1.44,0.0,0,0,0.021052631578947368,0.0,0.72,0.0,0.0
hair growth serums,4,1,0.55,0.0,0,0,0.25,0.0,0.55,0.0,0.0
hair growth stopping cream,1,1,3.8,0.0,0,0,1.0,0.0,3.8,0.0,0.0
hair growth strong hold gel,1,1,0.65,0.0,0,0,1.0,0.0,0.65,0.0,0.0
hair growth tea for black women,1,1,1.52,0.0,0,0,1.0,0.0,1.52,0.0,0.0
hair growth thick oil,1,1,1.4,0.0,0,0,1.0,0.0,1.4,0.0,0.0
hair growth tips,37,1,0.24,0.0,0,0,0.02702702702702703,0.0,0.24,0.0,0.0
hair growth tool,4,1,1.04,0.0,0,0,0.25,0.0,1.04,0.0,0.0
hair growth vitamins,73,1,0.52,0.0,0,0,0.0136986301369863,0.0,0.52,0.0,0.0
hair hot oil treatment,28,1,2.04,0.0,0,0,0.03571428571428571,0.0,2.04,0.0,0.0
hair lossleave in,1,1,1.2,0.0,0,0,1.0,0.0,1.2,0.0,0.0
hair mask for growth,17,1,0.75,0.0,0,0,0.058823529411764705,0.0,0.75,0.0,0.0
hair mask for hair growth,61,3,2.62,0.0,0,0,0.04918032786885246,0.0,0.8733333333333334,0.0,0.0
hair mask money,1,1,0.5,0.0,0,0,1.0,0.0,0.5,0.0,0.0
hair mask protein,3,1,0.82,0.0,0,0,0.3333333333333333,0.0,0.82,0.0,0.0
hair massager scalp for hair growth,4,1,0.92,0.0,0,0,0.25,0.0,0.92,0.0,0.0
hair moisturizer,14515,121,74.84,172.88,11,12,0.008336203926972098,0.09090909090909091,0.6185123966942149,0.4329014345210551,2.309994655264564
hair moisturizer black women,9,1,0.8,0.0,0,0,0.1111111111111111,0.0,0.8,0.0,0.0
hair moisturizer for 4c hair,33,1,0.74,0.0,0,0,0.030303030303030304,0.0,0.74,0.0,0.0
hair moisturizer for black hair,107,4,2.3,11.99,1,1,0.037383177570093455,0.25,0.575,0.19182652210175144,5.21304347826087
hair moisturizer for black men,107,1,0.55,0.0,0,0,0.009345794392523364,0.0,0.55,0.0,0.0
hair moisturizer for black women,11017,131,85.66,168.86,14,14,0.01189071435054915,0.10687022900763359,0.6538931297709923,0.507284140708279,1.9712818118141493
hair moisturizer for coily hair,6,1,0.7,9.99,1,1,0.16666666666666666,1.0,0.7,0.07007007007007006,14.271428571428572
hair moisturizer for curly hair,27,1,0.54,0.0,0,0,0.037037037037037035,0.0,0.54,0.0,0.0
hair moisturizer for damaged hair,4,1,1.12,0.0,0,0,0.25,0.0,1.12,0.0,0.0
hair moisturizer for dry hair,387,5,2.39,0.0,0,0,0.012919896640826873,0.0,0.47800000000000004,0.0,0.0
hair moisturizer for straight hair,3,1,0.55,0.0,0,0,0.3333333333333333,0.0,0.55,0.0,0.0
hair moisturizer for toddler black girls,1,1,0.29,9.99,1,1,1.0,1.0,0.29,0.029029029029029027,34.44827586206897
hair moisturizer gel,2,1,0.8,0.0,0,0,0.5,0.0,0.8,0.0,0.0
hair moisturizer hair grease,1,1,0.55,0.0,0,0,1.0,0.0,0.55,0.0,0.0
hair moisturizer kids,19,1,0.6,0.0,0,0,0.05263157894736842,0.0,0.6,0.0,0.0
hair moisturizer mizani,8,1,0.5,0.0,0,0,0.125,0.0,0.5,0.0,0.0
hair moisturizer moisture max,1,1,1.12,0.0,0,0,1.0,0.0,1.12,0.0,0.0
hair moisturizer oil for black women,14,1,0.6,0.0,0,0,0.07142857142857142,0.0,0.6,0.0,0.0
hair moisturizer oil for dry hair,116,1,0.8,0.0,0,0,0.008620689655172414,0.0,0.8,0.0,0.0
hair moisturizer oil for soften hair,1,1,0.84,16.99,1,1,1.0,1.0,0.84,0.0494408475573867,20.226190476190474
hair moisturizer paraben free,1,1,0.8,0.0,0,0,1.0,0.0,0.8,0.0,0.0
hair moisturizer ￼￼,1,1,0.6,0.0,0,0,1.0,0.0,0.6,0.0,0.0
hair moisturizers for black women,14,1,0.8,0.0,0,0,0.07142857142857142,0.0,0.8,0.0,0.0
hair oil,5703,11,9.129999999999999,11.99,1,1,0.0019288093985621604,0.09090909090909091,0.83,0.7614678899082568,1.313253012048193
hair oil applicator scalp massager,5,1,0.82,0.0,0,0,0.2,0.0,0.82,0.0,0.0
hair oil batana,198,1,1.4,0.0,0,0,0.005050505050505051,0.0,1.4,0.0,0.0
hair oil bottle with comb,18,1,0.82,0.0,0,0,0.05555555555555555,0.0,0.82,0.0,0.0
hair oil for black women,13,1,1.06,0.0,0,0,0.07692307692307693,0.0,1.06,0.0,0.0
hair oil for black women hair growth,2,1,1.35,0.0,0,0,0.5,0.0,1.35,0.0,0.0
hair oil for curly hair,388,4,5.52,16.99,1,1,0.010309278350515464,0.25,1.38,0.32489699823425544,3.0778985507246377
hair oil for curly hair growth,4,1,0.86,0.0,0,0,0.25,0.0,0.86,0.0,0.0
hair oil for damaged hair,225,2,2.12,0.0,0,0,0.008888888888888889,0.0,1.06,0.0,0.0
hair oil for damaged hair leave in,1,1,0.45,0.0,0,0,1.0,0.0,0.45,0.0,0.0
hair oil for dry black people hair,1,1,0.55,11.99,1,1,1.0,1.0,0.55,0.045871559633027525,21.799999999999997
hair oil for frizzy hair,270,1,2.04,0.0,0,0,0.003703703703703704,0.0,2.04,0.0,0.0
hair oil for hair growth,181,2,1.53,0.0,0,0,0.011049723756906077,0.0,0.765,0.0,0.0
hair oil for hair growth and thickness,114,1,0.99,0.0,0,0,0.008771929824561403,0.0,0.99,0.0,0.0
hair oil for natural hair,730,1,1.23,0.0,0,0,0.0013698630136986301,0.0,1.23,0.0,0.0
hair oil for oily scalp,140,1,0.62,0.0,0,0,0.007142857142857143,0.0,0.62,0.0,0.0
hair oil growth scalp hair oil,1,1,1.74,0.0,0,0,1.0,0.0,1.74,0.0,0.0
hair oil loss hair mielle,1,1,0.15,0.0,0,0,1.0,0.0,0.15,0.0,0.0
hair oil scalp moisturizer cream natural,1,1,0.5,0.0,0,0,1.0,0.0,0.5,0.0,0.0
hair oil wild growth,1,1,1.53,0.0,0,0,1.0,0.0,1.53,0.0,0.0
hair oiling brush scalp direct,1,1,0.5,0.0,0,0,1.0,0.0,0.5,0.0,0.0
hair oils for hair growth,23875,115,91.43,39.96,4,4,0.0048167539267015705,0.034782608695652174,0.7950434782608696,2.2880380380380383,0.43705567100514053
hair oils for hair growth 5 star for african american hair,1,1,0.45,11.99,1,1,1.0,1.0,0.45,0.03753127606338615,26.644444444444446
hair oils for hair growth argan oil,1,1,0.8,0.0,0,0,1.0,0.0,0.8,0.0,0.0
hair oils for hair growth black men,2,1,2.7,0.0,0,0,0.5,0.0,2.7,0.0,0.0
hair oils for hair growth black women,35,2,2.98,0.0,0,0,0.05714285714285714,0.0,1.49,0.0,0.0
hair oul growth,30,2,1.04,0.0,0,0,0.06666666666666667,0.0,0.52,0.0,0.0
hair product for kids girls,1,1,0.4,0.0,0,0,1.0,0.0,0.4,0.0,0.0
hair products,7,1,0.86,0.0,0,0,0.14285714285714285,0.0,0.86,0.0,0.0
hair products for bleached hair,1,1,1.14,0.0,0,0,1.0,0.0,1.14,0.0,0.0
hair protein for hair growth,1,1,1.2,0.0,0,0,1.0,0.0,1.2,0.0,0.0
hair refresher spray,1,1,1.1,0.0,0,0,1.0,0.0,1.1,0.0,0.0
hair relaxer with deep conditioning treatment,1,1,0.37,0.0,0,0,1.0,0.0,0.37,0.0,0.0
hair remedies for growth,2,1,0.13,0.0,0,0,0.5,0.0,0.13,0.0,0.0
hair scalp oil,28,1,2.67,0.0,0,0,0.03571428571428571,0.0,2.67,0.0,0.0
hair serum for hair growth,286,2,1.85,9.99,1,1,0.006993006993006993,0.5,0.925,0.1851851851851852,5.3999999999999995
hair strengthening products,1,1,0.5,0.0,0,0,1.0,0.0,0.5,0.0,0.0
hair supplements for hair growth,9,1,0.75,0.0,0,0,0.1111111111111111,0.0,0.75,0.0,0.0
hair tonic lola,2,1,0.5,0.0,0,0,0.5,0.0,0.5,0.0,0.0
hair treatment,94,1,3.16,0.0,0,0,0.010638297872340425,0.0,3.16,0.0,0.0
hair treatment for natural hair,2,1,0.8,0.0,0,0,0.5,0.0,0.8,0.0,0.0
hair treatment for natural redheads,1,1,0.66,0.0,0,0,1.0,0.0,0.66,0.0,0.0
hair treatment for split ends,2,1,1.2,0.0,0,0,0.5,0.0,1.2,0.0,0.0
hair treatment for strongest hair and growth,1,1,1.4,0.0,0,0,1.0,0.0,1.4,0.0,0.0
hair treatment oils,641,5,6.49,0.0,0,0,0.0078003120124804995,0.0,1.298,0.0,0.0
hair treatments,4,2,5.1,0.0,0,0,0.5,0.0,2.55,0.0,0.0
hair+growth+products+for+black+women,1,1,2.56,0.0,0,0,1.0,0.0,2.56,0.0,0.0
hairbrush oil,1,1,0.45,0.0,0,0,1.0,0.0,0.45,0.0,0.0
haitian black castor oil for hair growth,5,1,0.45,0.0,0,0,0.2,0.0,0.45,0.0,0.0
halogrow hair growth spray,15,2,1.19,0.0,0,0,0.13333333333333333,0.0,0.595,0.0,0.0
head massager for hair growth,2,1,0.92,0.0,0,0,0.5,0.0,0.92,0.0,0.0
head massager scalp hair growth,1,1,2.28,0.0,0,0,1.0,0.0,2.28,0.0,0.0
healing oil taaliyah,1,1,0.45,0.0,0,0,1.0,0.0,0.45,0.0,0.0
heat cap for deep conditioning,63,1,1.2,0.0,0,0,0.015873015873015872,0.0,1.2,0.0,0.0
help edges grow black women,11,1,0.45,0.0,0,0,0.09090909090909091,0.0,0.45,0.0,0.0
henna hair growth,30,1,1.01,0.0,0,0,0.03333333333333333,0.0,1.01,0.0,0.0
her for hair growth,1,1,0.2,0.0,0,0,1.0,0.0,0.2,0.0,0.0
herb & aura batana oil for hair growth,8,2,1.94,0.0,0,0,0.25,0.0,0.97,0.0,0.0
herbal for curls,1,1,0.45,0.0,0,0,1.0,0.0,0.45,0.0,0.0
herbal growth hair oil,10,1,1.35,0.0,0,0,0.1,0.0,1.35,0.0,0.0
herbal hair growth,1,1,0.24,0.0,0,0,1.0,0.0,0.24,0.0,0.0
herbal hair growth oil,152,1,0.9,0.0,0,0,0.006578947368421052,0.0,0.9,0.0,0.0
herbal hair moisturizer,5,1,0.7,0.0,0,0,0.2,0.0,0.7,0.0,0.0
herbs for hair growth,438,1,0.52,0.0,0,0,0.00228310502283105,0.0,0.52,0.0,0.0
herbs for hair growth oil,2,1,1.21,0.0,0,0,0.5,0.0,1.21,0.0,0.0
hernaturals.co hair growth oil,1,1,1.35,0.0,0,0,1.0,0.0,1.35,0.0,0.0
hers hair growth,1,1,1.35,0.0,0,0,1.0,0.0,1.35,0.0,0.0
heykeratin batana natural organic hair growth oil,8,1,2.7,16.99,1,1,0.125,1.0,2.7,0.15891701000588584,6.292592592592592
hibiscus oil for hair growth organic,28,1,0.28,0.0,0,0,0.03571428571428571,0.0,0.28,0.0,0.0
high frequency wand for hair growth scalp,1,1,1.12,0.0,0,0,1.0,0.0,1.12,0.0,0.0
highest rated batana oil,12,1,2.0,0.0,0,0,0.08333333333333333,0.0,2.0,0.0,0.0
hoegoa batana oil for hair growth,37,1,2.67,16.99,1,1,0.02702702702702703,1.0,2.67,0.15715126545026487,6.3632958801498125
hollywood hair growth,6,1,0.75,0.0,0,0,0.16666666666666666,0.0,0.75,0.0,0.0
homdura hair growth,1,1,1.1,0.0,0,0,1.0,0.0,1.1,0.0,0.0
honduran,2,1,0.66,0.0,0,0,0.5,0.0,0.66,0.0,0.0
honduran azure batana oil for hair growth,2,1,0.72,0.0,0,0,0.5,0.0,0.72,0.0,0.0
honduran batana,5,1,0.8,0.0,0,0,0.2,0.0,0.8,0.0,0.0
honduran botanic batana oil for hair growth,13,1,0.82,0.0,0,0,0.07692307692307693,0.0,0.82,0.0,0.0
honduras banana oil for hair growth,1,1,0.92,0.0,0,0,1.0,0.0,0.92,0.0,0.0
honduras batana oil,17,2,5.12,14.99,1,1,0.11764705882352941,0.5,2.56,0.3415610406937959,2.927734375
horse hair growth products,2,1,0.45,0.0,0,0,0.5,0.0,0.45,0.0,0.0
horsetail oil for hair growth,23,1,0.52,11.99,1,1,0.043478260869565216,1.0,0.52,0.043369474562135114,23.057692307692307
hot batana oil,1,1,0.67,0.0,0,0,1.0,0.0,0.67,0.0,0.0
hot oil treatment,155,3,5.96,0.0,0,0,0.01935483870967742,0.0,1.9866666666666666,0.0,0.0
hot oil treatment for black hair,47,1,2.04,0.0,0,0,0.02127659574468085,0.0,2.04,0.0,0.0
huile nourrissante cheveux,1,1,0.5,0.0,0,0,1.0,0.0,0.5,0.0,0.0
human curly hair for boho braids,1,1,0.9,0.0,0,0,1.0,0.0,0.9,0.0,0.0
illumi hair mask,2,1,0.8,0.0,0,0,0.5,0.0,0.8,0.0,0.0
inats bantana natural hair growth oil,17,1,1.35,0.0,0,0,0.058823529411764705,0.0,1.35,0.0,0.0
inats batana oil for hair growth,37,1,1.04,0.0,0,0,0.02702702702702703,0.0,1.04,0.0,0.0
inbelleza vegan curl activator,1,1,0.35,0.0,0,0,1.0,0.0,0.35,0.0,0.0
indian ayurvedic hair growth oil,27,1,0.9,0.0,0,0,0.037037037037037035,0.0,0.9,0.0,0.0
indian hair growth oil,851,8,7.449999999999999,0.0,0,0,0.009400705052878966,0.0,0.9312499999999999,0.0,0.0
indian hair oil,21,1,1.02,0.0,0,0,0.047619047619047616,0.0,1.02,0.0,0.0
"indian hair oil blend batana,fenugreek ,amla",1,1,1.75,0.0,0,0,1.0,0.0,1.75,0.0,0.0
indian hemp hair and scalp treatment,98,3,1.35,0.0,0,0,0.030612244897959183,0.0,0.45,0.0,0.0
indian hemp hair grease,72,1,0.5,0.0,0,0,0.013888888888888888,0.0,0.5,0.0,0.0
indian natural hair growth wash,1,1,0.75,0.0,0,0,1.0,0.0,0.75,0.0,0.0
indigenous hair,3,1,0.23,0.0,0,0,0.3333333333333333,0.0,0.23,0.0,0.0
infant hair growth products,85,1,0.79,0.0,0,0,0.011764705882352941,0.0,0.79,0.0,0.0
ixq batana oil,12,1,2.7,0.0,0,0,0.08333333333333333,0.0,2.7,0.0,0.0
jamaican black castor oil,3,1,0.75,0.0,0,0,0.3333333333333333,0.0,0.75,0.0,0.0
jamaican black castor oil for hair growth,105,1,0.37,0.0,0,0,0.009523809523809525,0.0,0.37,0.0,0.0
jamaican black castor oil grease with rosemary,1,1,0.44,0.0,0,0,1.0,0.0,0.44,0.0,0.0
japanese hair growth,12,2,1.3,0.0,0,0,0.16666666666666666,0.0,0.65,0.0,0.0
jasmine hair oil,1,1,0.52,0.0,0,0,1.0,0.0,0.52,0.0,0.0
joana,1,1,0.45,0.0,0,0,1.0,0.0,0.45,0.0,0.0
johohula batana,1,1,1.98,0.0,0,0,1.0,0.0,1.98,0.0,0.0
jojoba oil for hair growth,105,2,2.0,0.0,0,0,0.01904761904761905,0.0,1.0,0.0,0.0
jumbo size 10 in 1 hair growth oil,2,1,0.75,0.0,0,0,0.5,0.0,0.75,0.0,0.0
kalahari hair moisturizer,2,1,0.5,11.99,1,1,0.5,1.0,0.5,0.041701417848206836,23.98
karseell bnc collagen treatment conditioner,1,1,0.5,0.0,0,0,1.0,0.0,0.5,0.0,0.0
karsell hair products,4,1,0.45,0.0,0,0,0.25,0.0,0.45,0.0,0.0
ke oil,1,1,0.41,0.0,0,0,1.0,0.0,0.41,0.0,0.0
kemiri oil for hair growth,10,1,0.52,0.0,0,0,0.1,0.0,0.52,0.0,0.0
keratin hair oil,1,1,1.2,0.0,0,0,1.0,0.0,1.2,0.0,0.0
keratin oil for hair growth,42,1,0.75,0.0,0,0,0.023809523809523808,0.0,0.75,0.0,0.0
keri oil original,1,1,0.66,0.0,0,0,1.0,0.0,0.66,0.0,0.0
kerry berry hair growth oil and thicken paste,8,1,1.5,16.99,1,1,0.125,1.0,1.5,0.08828722778104768,11.326666666666666
kesa hair oil,1,1,0.99,0.0,0,0,1.0,0.0,0.99,0.0,0.0
khalida naturals edge control,13,1,0.55,0.0,0,0,0.07692307692307693,0.0,0.55,0.0,0.0
khalida naturals hair,1,1,0.45,0.0,0,0,1.0,0.0,0.45,0.0,0.0
kids hair growth oil,29,1,0.65,0.0,0,0,0.034482758620689655,0.0,0.65,0.0,0.0
kinks an co,1,1,0.57,0.0,0,0,1.0,0.0,0.57,0.0,0.0
kiss color&care multivitamin oil for hair,1,1,0.66,0.0,0,0,1.0,0.0,0.66,0.0,0.0
kiss edges unscented,1,1,0.66,0.0,0,0,1.0,0.0,0.66,0.0,0.0
koneo hair growth paste,41,1,0.8,0.0,0,0,0.024390243902439025,0.0,0.8,0.0,0.0
korean hair growth,19,1,0.63,0.0,0,0,0.05263157894736842,0.0,0.63,0.0,0.0
korean hair growth oil,83,1,0.75,0.0,0,0,0.012048192771084338,0.0,0.75,0.0,0.0
ktintar batana oil for hair growth,30,1,1.12,0.0,0,0,0.03333333333333333,0.0,1.12,0.0,0.0
ktintar rosemary oil for hair growth,167,1,1.12,0.0,0,0,0.005988023952095809,0.0,1.12,0.0,0.0
kuri nuka batana oil,86,2,2.0,0.0,0,0,0.023255813953488372,0.0,1.0,0.0,0.0
kuri nuka batana oil for hair growth,131,4,3.24,0.0,0,0,0.030534351145038167,0.0,0.81,0.0,0.0
kuri oil,1,1,0.45,0.0,0,0,1.0,0.0,0.45,0.0,0.0
labanta,271,2,0.88,0.0,0,0,0.007380073800738007,0.0,0.44,0.0,0.0
labanta batana oil,146,2,5.14,0.0,0,0,0.0136986301369863,0.0,2.57,0.0,0.0
labanta batana oil for hair growth,877,6,9.69,0.0,0,0,0.0068415051311288486,0.0,1.615,0.0,0.0
labanta batana oil paste,80,2,2.82,0.0,0,0,0.025,0.0,1.41,0.0,0.0
labanta hair growth,85,3,2.56,0.0,0,0,0.03529411764705882,0.0,0.8533333333333334,0.0,0.0
labanta hair product,1,1,0.6,0.0,0,0,1.0,0.0,0.6,0.0,0.0
labs hair mask,1,1,0.55,0.0,0,0,1.0,0.0,0.55,0.0,0.0
lanza for silk press,1,1,0.55,0.0,0,0,1.0,0.0,0.55,0.0,0.0
lavanta braid hair oil,1,1,0.86,0.0,0,0,1.0,0.0,0.86,0.0,0.0
leave in batana grease,1,1,0.55,0.0,0,0,1.0,0.0,0.55,0.0,0.0
leave in batana oil,33,2,4.27,0.0,0,0,0.06060606060606061,0.0,2.135,0.0,0.0
leave in batana oil for hair growth,99,4,6.63,9.99,1,1,0.04040404040404041,0.25,1.6575,0.6636636636636637,1.506787330316742
leave in botana oil hair growth,9,2,4.46,15.5,1,1,0.2222222222222222,0.5,2.23,0.28774193548387095,3.475336322869955
leave in conditioner for hair growth,4,3,2.39,0.0,0,0,0.75,0.0,0.7966666666666667,0.0,0.0
leave on hair gel for growth,2,1,0.55,0.0,0,0,0.5,0.0,0.55,0.0,0.0
lebanta batana oil,2667,8,10.23,16.99,1,1,0.0029996250468691415,0.125,1.27875,0.6021188934667452,1.6608015640273703
lebanta batana oil for hair growth,30,1,0.57,0.0,0,0,0.03333333333333333,0.0,0.57,0.0,0.0
lebanta hair growth,4303,13,10.98,26.98,2,2,0.0030211480362537764,0.15384615384615385,0.8446153846153847,0.40696812453669384,2.4571948998178508
lebanta hair growth oil,2965,18,17.21,0.0,0,0,0.0060708263069139965,0.0,0.9561111111111111,0.0,0.0
lebanta hair growth oil spray,82,1,0.68,0.0,0,0,0.012195121951219513,0.0,0.68,0.0,0.0
lebanta raw batana oil,131,4,7.9,0.0,0,0,0.030534351145038167,0.0,1.975,0.0,0.0
lebanta raw batana oil for hair,2,1,1.08,0.0,0,0,0.5,0.0,1.08,0.0,0.0
lebanta raw batana oil for hair growth,205,1,1.04,9.99,1,1,0.004878048780487805,1.0,1.04,0.1041041041041041,9.60576923076923
"lebanta raw batana oil pure, natural formula boosts hair health. moisturizes and nourishes scalp effectively. promotes stronger, thicker hair growth.",1,1,0.4,0.0,0,0,1.0,0.0,0.4,0.0,0.0
lebatana batana oil,71,1,0.52,0.0,0,0,0.014084507042253521,0.0,0.52,0.0,0.0
led scalp massager hair growth,2,1,0.92,0.0,0,0,0.5,0.0,0.92,0.0,0.0
levanta batana oil,139,1,0.82,0.0,0,0,0.007194244604316547,0.0,0.82,0.0,0.0
lia hair growth oil,2,1,0.59,11.99,1,1,0.5,1.0,0.59,0.04920767306088407,20.322033898305087
lia organic hair growth oil,59,2,3.77,0.0,0,0,0.03389830508474576,0.0,1.885,0.0,0.0
libby hair care hair growth oil kids,5,1,0.56,0.0,0,0,0.2,0.0,0.56,0.0,0.0
life queen crack hair growth oil,1,1,1.05,0.0,0,0,1.0,0.0,1.05,0.0,0.0
life wit queen p hair growth oil,6,1,0.82,0.0,0,0,0.16666666666666666,0.0,0.82,0.0,0.0
life with queen p hair growth oil crack,4,1,0.52,0.0,0,0,0.25,0.0,0.52,0.0,0.0
lifewit queenp hair growth oil,3,1,1.35,0.0,0,0,0.3333333333333333,0.0,1.35,0.0,0.0
lifewithqueenp hair growth oil crack oil,120,2,1.94,0.0,0,0,0.016666666666666666,0.0,0.97,0.0,0.0
lifewitqueenp crack hair growth oil,53,1,0.9,9.99,1,1,0.018867924528301886,1.0,0.9,0.09009009009009009,11.1
lifewitqueenp crack hair growth oil butter,2,1,0.75,0.0,0,0,0.5,0.0,0.75,0.0,0.0
lifewitqueenp hair care growth oil,161,1,1.12,0.0,0,0,0.006211180124223602,0.0,1.12,0.0,0.0
lifewitqueenp hair growth products,118,3,1.57,0.0,0,0,0.025423728813559324,0.0,0.5233333333333333,0.0,0.0
line for natural hair growth,1,1,1.17,0.0,0,0,1.0,0.0,1.17,0.0,0.0
liv hair moisturizer,41,2,1.5,0.0,0,0,0.04878048780487805,0.0,0.75,0.0,0.0
lllt hair growth,2,1,0.65,0.0,0,0,0.5,0.0,0.65,0.0,0.0
loar beauty intensive growth hair oil,1,1,0.45,0.0,0,0,1.0,0.0,0.45,0.0,0.0
lola cosmetics hair products,16,1,0.67,0.0,0,0,0.0625,0.0,0.67,0.0,0.0
long hair don't care growth oil,55,1,1.04,0.0,0,0,0.01818181818181818,0.0,1.04,0.0,0.0
long hair growth oil,1,1,0.58,0.0,0,0,1.0,0.0,0.58,0.0,0.0
loreal hair growth,12,1,0.62,0.0,0,0,0.08333333333333333,0.0,0.62,0.0,0.0
loreal hair oil,30,1,0.82,0.0,0,0,0.03333333333333333,0.0,0.82,0.0,0.0
lumiel batana oil,1,1,1.43,0.0,0,0,1.0,0.0,1.43,0.0,0.0
lumin hair growth cream,1,1,0.92,0.0,0,0,1.0,0.0,0.92,0.0,0.0
lumin hair growth gummies,17,2,1.77,0.0,0,0,0.11764705882352941,0.0,0.885,0.0,0.0
lumineux hair growth,1,1,0.84,0.0,0,0,1.0,0.0,0.84,0.0,0.0
luna leaf midnight oil,1,1,0.45,0.0,0,0,1.0,0.0,0.45,0.0,0.0
luv jones hair products,1,1,0.5,0.0,0,0,1.0,0.0,0.5,0.0,0.0
luxmiel batana oil,6,4,3.6399999999999997,15.5,1,1,0.6666666666666666,0.25,0.9099999999999999,0.23483870967741932,4.258241758241758
luxmiel batana oil for hair growth,14,8,4.16,0.0,0,0,0.5714285714285714,0.0,0.52,0.0,0.0
luxmiel raw batana,3,2,0.94,0.0,0,0,0.6666666666666666,0.0,0.47,0.0,0.0
luxmile raw batana oil,1,1,0.5,0.0,0,0,1.0,0.0,0.5,0.0,0.0
madani hair growth oil,21,1,0.52,0.0,0,0,0.047619047619047616,0.0,0.52,0.0,0.0
mahabhringraj oil for hair growth,62,1,0.21,0.0,0,0,0.016129032258064516,0.0,0.21,0.0,0.0
majestic pure batana oil,1,1,1.34,0.0,0,0,1.0,0.0,1.34,0.0,0.0
makof beauty hair growth oil for kids,2,1,1.04,0.0,0,0,0.5,0.0,1.04,0.0,0.0
mama earth hair growth oil,2,1,0.7,16.99,1,1,0.5,1.0,0.7,0.04120070629782225,24.271428571428572
mamela batana oil for hair growth,11,1,1.04,0.0,0,0,0.09090909090909091,0.0,1.04,0.0,0.0
mamela naturals batana oil,18,1,1.4,0.0,0,0,0.05555555555555555,0.0,1.4,0.0,0.0
mamela naturals mary ruth multivitamin hair growth,45,2,1.19,0.0,0,0,0.044444444444444446,0.0,0.595,0.0,0.0
mandana,2,1,0.93,0.0,0,0,0.5,0.0,0.93,0.0,0.0
mane choice hair growth oil,41,1,1.04,0.0,0,0,0.024390243902439025,0.0,1.04,0.0,0.0
marc anthony grow long,76,1,1.12,0.0,0,0,0.013157894736842105,0.0,1.12,0.0,0.0
maree keratin hair treatment,1,1,0.47,0.0,0,0,1.0,0.0,0.47,0.0,0.0
mariguanol,366,1,0.37,0.0,0,0,0.00273224043715847,0.0,0.37,0.0,0.0
mariguanol extra fuerte,32,1,0.4,0.0,0,0,0.03125,0.0,0.4,0.0,0.0
mariguanol extra strength,2,1,0.54,0.0,0,0,0.5,0.0,0.54,0.0,0.0
mariguanol oil,13,1,0.5,0.0,0,0,0.07692307692307693,0.0,0.5,0.0,0.0
mart ruth hair growth,3,1,0.91,0.0,0,0,0.3333333333333333,0.0,0.91,0.0,0.0
mary ruth hair growth,285,2,1.74,0.0,0,0,0.007017543859649123,0.0,0.87,0.0,0.0
mary ruth hair growth max,82,2,1.5,0.0,0,0,0.024390243902439025,0.0,0.75,0.0,0.0
mary ruth multivitamin hair growth,530,2,1.52,0.0,0,0,0.0037735849056603774,0.0,0.76,0.0,0.0
maryruths liquid multivitamin hair growth,15,1,0.92,0.0,0,0,0.06666666666666667,0.0,0.92,0.0,0.0
maui oil,3,1,0.4,0.0,0,0,0.3333333333333333,0.0,0.4,0.0,0.0
me me crack hair oil,2,1,0.91,0.0,0,0,0.5,0.0,0.91,0.0,0.0
mega growth hair products,101,1,0.82,0.0,0,0,0.009900990099009901,0.0,0.82,0.0,0.0
men's natural boar bristle bush for hair growth,6,1,1.12,0.0,0,0,0.16666666666666666,0.0,1.12,0.0,0.0
mens hair growth,272,1,1.03,0.0,0,0,0.003676470588235294,0.0,1.03,0.0,0.0
mens hair growth products,809,6,6.12,11.99,1,1,0.007416563658838072,0.16666666666666666,1.02,0.5104253544620517,1.9591503267973855
mens hair growth vitamin oil,1,1,0.79,0.0,0,0,1.0,0.0,0.79,0.0,0.0
mens hair oil for dry hair,1,1,3.74,15.5,1,1,1.0,1.0,3.74,0.24129032258064517,4.144385026737968
mens hair oil for growth,2,1,1.5,0.0,0,0,0.5,0.0,1.5,0.0,0.0
mgl naturals coconut oil and shea butter hair food,12,1,0.5,0.0,0,0,0.08333333333333333,0.0,0.5,0.0,0.0
microneedling for hair growth scalp,5,1,0.82,0.0,0,0,0.2,0.0,0.82,0.0,0.0
miele hair growth oil,30,2,1.5699999999999998,16.99,2,2,0.06666666666666667,1.0,0.7849999999999999,0.0924072984108299,10.821656050955415
mielle hair balm,2,1,0.92,0.0,0,0,0.5,0.0,0.92,0.0,0.0
mielle hair growth oil,102,2,1.45,0.0,0,0,0.0196078431372549,0.0,0.725,0.0,0.0
mielle hair oil,24,1,0.5,0.0,0,0,0.041666666666666664,0.0,0.5,0.0,0.0
mielle hair products,33,1,0.55,0.0,0,0,0.030303030303030304,0.0,0.55,0.0,0.0
mielle light rosemary oil for hair growth organic,1,1,0.9,0.0,0,0,1.0,0.0,0.9,0.0,0.0
mielle moisturizer,40,1,0.6,0.0,0,0,0.025,0.0,0.6,0.0,0.0
mielle moisturizer for hair growth,1,1,1.2,0.0,0,0,1.0,0.0,1.2,0.0,0.0
mielle organics hair growth oil,310,1,1.07,0.0,0,0,0.0032258064516129032,0.0,1.07,0.0,0.0
mielle organics rosemary oil for hair growth,1248,5,5.12,0.0,0,0,0.004006410256410256,0.0,1.024,0.0,0.0
mielle rosemary oil for hair growth organic,381,2,1.55,0.0,0,0,0.005249343832020997,0.0,0.775,0.0,0.0
mielle sea moss shampoo,1,1,0.8,0.0,0,0,1.0,0.0,0.8,0.0,0.0
mille regular strength hair relaxer,1,1,0.93,0.0,0,0,1.0,0.0,0.93,0.0,0.0
mille rosemary oil for hair growth,1,1,1.04,0.0,0,0,1.0,0.0,1.04,0.0,0.0
millie rosemary oil for hair growth,18,1,1.2,0.0,0,0,0.05555555555555555,0.0,1.2,0.0,0.0
minah crack hair oil,1,1,0.45,0.0,0,0,1.0,0.0,0.45,0.0,0.0
mineral. and batana oil for hair,1,1,1.04,0.0,0,0,1.0,0.0,1.04,0.0,0.0
minnah beauty hair growth oil,63,1,1.04,9.99,1,1,0.015873015873015872,1.0,1.04,0.1041041041041041,9.60576923076923
minnah crack hair growth oil,351,1,1.29,0.0,0,0,0.002849002849002849,0.0,1.29,0.0,0.0
minoxidil hair growth,4,1,0.81,0.0,0,0,0.25,0.0,0.81,0.0,0.0
minoxidil hair growth cream,1,1,0.55,0.0,0,0,1.0,0.0,0.55,0.0,0.0
minoxidil men and women,1,1,0.7,0.0,0,0,1.0,0.0,0.7,0.0,0.0
miracle drops for edges,1,1,0.53,0.0,0,0,1.0,0.0,0.53,0.0,0.0
miracle mustard seed hair growth moisturizer,1,1,0.45,0.0,0,0,1.0,0.0,0.45,0.0,0.0
mixed oils for hair growth,2,1,0.55,0.0,0,0,0.5,0.0,0.55,0.0,0.0
moisturizer for dry hair,7,1,1.12,0.0,0,0,0.14285714285714285,0.0,1.12,0.0,0.0
moisturizer for dry hair black women,6,2,1.21,0.0,0,0,0.3333333333333333,0.0,0.605,0.0,0.0
moisturizer for hair growth,1,1,0.88,0.0,0,0,1.0,0.0,0.88,0.0,0.0
moisturizer for kinky curly hair,1,1,0.45,0.0,0,0,1.0,0.0,0.45,0.0,0.0
moisturizer for natural hair black women,14,2,1.52,11.99,1,1,0.14285714285714285,0.5,0.76,0.1267723102585488,7.8881578947368425
moisturizer hair growth,1,1,0.91,0.0,0,0,1.0,0.0,0.91,0.0,0.0
moisturizer hair products,2,1,0.45,0.0,0,0,0.5,0.0,0.45,0.0,0.0
montana oil for hair growth,74,1,1.46,0.0,0,0,0.013513513513513514,0.0,1.46,0.0,0.0
moroccan oil for hair,40,1,2.04,0.0,0,0,0.025,0.0,2.04,0.0,0.0
moska oil for hair growth,93,2,1.69,0.0,0,0,0.021505376344086023,0.0,0.845,0.0,0.0
most effective hair growth products,1,1,0.55,0.0,0,0,1.0,0.0,0.55,0.0,0.0
motions hair moisturizer,166,1,0.6,0.0,0,0,0.006024096385542169,0.0,0.6,0.0,0.0
musely hair growth,2,1,0.39,0.0,0,0,0.5,0.0,0.39,0.0,0.0
muss hair moisturizer,1,1,1.12,0.0,0,0,1.0,0.0,1.12,0.0,0.0
mustard oil for hair growth,220,1,1.35,0.0,0,0,0.004545454545454545,0.0,1.35,0.0,0.0
nairobi hair moisturizer,1,1,0.45,0.0,0,0,1.0,0.0,0.45,0.0,0.0
natana oil,4,1,0.5,0.0,0,0,0.25,0.0,0.5,0.0,0.0
native american hair oil,3,1,1.25,0.0,0,0,0.3333333333333333,0.0,1.25,0.0,0.0
natural batana oil,65,3,7.8100000000000005,44.97,2,3,0.046153846153846156,0.6666666666666666,2.6033333333333335,0.1736713364465199,5.758002560819461
natural daily hair moisturizer for black women,3,1,0.9,0.0,0,0,0.3333333333333333,0.0,0.9,0.0,0.0
natural growth hair oilwith amla,1,1,0.55,0.0,0,0,1.0,0.0,0.55,0.0,0.0
natural hair butter,2,1,1.08,0.0,0,0,0.5,0.0,1.08,0.0,0.0
natural hair growth,197,2,1.98,11.99,1,1,0.01015228426395939,0.5,0.99,0.1651376146788991,6.055555555555555
natural hair growth grease for black women,4,1,1.12,0.0,0,0,0.25,0.0,1.12,0.0,0.0
natural hair growth oil,345,3,3.42,0.0,0,0,0.008695652173913044,0.0,1.14,0.0,0.0
natural hair growth oil for men,1,1,1.12,0.0,0,0,1.0,0.0,1.12,0.0,0.0
natural hair growth products for men,2,1,0.9,0.0,0,0,0.5,0.0,0.9,0.0,0.0
natural hair growth tips how to grow,1,1,0.24,0.0,0,0,1.0,0.0,0.24,0.0,0.0
natural hair moisturizer,272,3,1.29,0.0,0,0,0.011029411764705883,0.0,0.43,0.0,0.0
natural hair moisturizer for black women,131,1,0.8,0.0,0,0,0.007633587786259542,0.0,0.8,0.0,0.0
natural hair moisturizer for black women no flaking,2,1,0.5,0.0,0,0,0.5,0.0,0.5,0.0,0.0
natural hair moisturizer for dry hair,4,1,0.9,0.0,0,0,0.25,0.0,0.9,0.0,0.0
natural hair oils,145,1,2.03,0.0,0,0,0.006896551724137931,0.0,2.03,0.0,0.0
natural hair product for natural hair,1,1,1.56,0.0,0,0,1.0,0.0,1.56,0.0,0.0
natural hair products,4,1,0.55,0.0,0,0,0.25,0.0,0.55,0.0,0.0
natural moisturizer for hair,2,1,0.3,0.0,0,0,0.5,0.0,0.3,0.0,0.0
natural oil african hair moisturizer,1,1,0.55,0.0,0,0,1.0,0.0,0.55,0.0,0.0
natural oil for hair growth,1,1,1.04,0.0,0,0,1.0,0.0,1.04,0.0,0.0
natural oils for hair,6,1,0.9,0.0,0,0,0.16666666666666666,0.0,0.9,0.0,0.0
natural oils for hair growth,8,1,1.22,0.0,0,0,0.125,0.0,1.22,0.0,0.0
natural organic hair growth,2,1,1.06,0.0,0,0,0.5,0.0,1.06,0.0,0.0
natural relaxer for black hair,1,1,0.5,0.0,0,0,1.0,0.0,0.5,0.0,0.0
nature spell batana oil for hair growth,43,1,1.42,0.0,0,0,0.023255813953488372,0.0,1.42,0.0,0.0
natures collection miracle growth hair and scalp moisturizer,2,1,0.75,0.0,0,0,0.5,0.0,0.75,0.0,0.0
nene crack hair growth oil,56,2,2.39,0.0,0,0,0.03571428571428571,0.0,1.195,0.0,0.0
netergold hair growth oil,3,1,1.45,0.0,0,0,0.3333333333333333,0.0,1.45,0.0,0.0
never before now growth hair oil,469,2,1.43,0.0,0,0,0.0042643923240938165,0.0,0.715,0.0,0.0
never before now hair growth oil,20,1,0.8,0.0,0,0,0.05,0.0,0.8,0.0,0.0
new raw batana oil for hair growth,4,1,0.67,0.0,0,0,0.25,0.0,0.67,0.0,0.0
newborn hair growth oil,9,1,0.45,0.0,0,0,0.1111111111111111,0.0,0.45,0.0,0.0
nexxus hair oil,4,1,0.55,0.0,0,0,0.25,0.0,0.55,0.0,0.0
nifeishi batana oil for hair growth,3,1,1.2,0.0,0,0,0.3333333333333333,0.0,1.2,0.0,0.0
no rinse batana oil,5,1,2.25,0.0,0,0,0.2,0.0,2.25,0.0,0.0
non refined botana,1,1,0.65,19.99,1,1,1.0,1.0,0.65,0.032516258129064536,30.75384615384615
officiallumin hair growth,1,1,0.55,0.0,0,0,1.0,0.0,0.55,0.0,0.0
ogx scalp treatment,2,1,0.72,0.0,0,0,0.5,0.0,0.72,0.0,0.0
oil 100% honduran,1,1,0.45,0.0,0,0,1.0,0.0,0.45,0.0,0.0
oil divine,1,1,0.29,0.0,0,0,1.0,0.0,0.29,0.0,0.0
oil for 4c hair growth vegan,1,1,1.5,0.0,0,0,1.0,0.0,1.5,0.0,0.0
oil for african american hair,1,1,0.93,0.0,0,0,1.0,0.0,0.93,0.0,0.0
oil for growth,413,1,1.84,0.0,0,0,0.002421307506053269,0.0,1.84,0.0,0.0
oil for hair growth,736,5,6.640000000000001,11.99,1,1,0.006793478260869565,0.2,1.328,0.5537948290241869,1.8057228915662649
oil for hair growth and thickening,19,1,0.75,0.0,0,0,0.05263157894736842,0.0,0.75,0.0,0.0
oil for soothing and growth hair,1,1,1.35,0.0,0,0,1.0,0.0,1.35,0.0,0.0
oil hair,81,1,0.81,0.0,0,0,0.012345679012345678,0.0,0.81,0.0,0.0
oil hair growth,63,1,2.99,16.99,1,1,0.015873015873015872,1.0,2.99,0.17598587404355506,5.6822742474916375
oil moisturizer for hair,12,1,0.8,0.0,0,0,0.08333333333333333,0.0,0.8,0.0,0.0
oils for edge regrowth,1,1,0.5,0.0,0,0,1.0,0.0,0.5,0.0,0.0
okay batana hair masque,2,1,0.75,0.0,0,0,0.5,0.0,0.75,0.0,0.0
okutani batana oil for hair growth,142,1,1.2,0.0,0,0,0.007042253521126761,0.0,1.2,0.0,0.0
olbas oil,17,1,0.55,11.99,1,1,0.058823529411764705,1.0,0.55,0.045871559633027525,21.799999999999997
olcg batana oil,429,3,7.05,16.99,1,1,0.006993006993006993,0.3333333333333333,2.35,0.4149499705709241,2.4099290780141844
olive batana oil,2,1,1.48,0.0,0,0,0.5,0.0,1.48,0.0,0.0
olive miracle super hold & smooth edges,6,1,0.45,0.0,0,0,0.16666666666666666,0.0,0.45,0.0,0.0
olive oil daily moisturizer for hair growth,2,1,1.8,9.99,1,1,0.5,1.0,1.8,0.18018018018018017,5.55
olive oil edge up zone relaxer,1,1,0.5,0.0,0,0,1.0,0.0,0.5,0.0,0.0
olive oil for hair growth,51,3,1.71,0.0,0,0,0.058823529411764705,0.0,0.57,0.0,0.0
olive oil hair lotion,93,1,0.5,0.0,0,0,0.010752688172043012,0.0,0.5,0.0,0.0
olive oil hair moisturizer,218,1,0.6,0.0,0,0,0.0045871559633027525,0.0,0.6,0.0,0.0
olive oil relaxer normal,2,1,0.63,0.0,0,0,0.5,0.0,0.63,0.0,0.0
olive oil sheen spray for hair,3,1,0.69,0.0,0,0,0.3333333333333333,0.0,0.69,0.0,0.0
onion and coconut oil for hair growth,2,1,0.45,0.0,0,0,0.5,0.0,0.45,0.0,0.0
onion oil for hair growth,990,3,2.92,0.0,0,0,0.0030303030303030303,0.0,0.9733333333333333,0.0,0.0
onion oil for hair growth organic,21,1,0.8,0.0,0,0,0.047619047619047616,0.0,0.8,0.0,0.0
optimum hair moisturizer,27,2,1.6,9.99,1,1,0.07407407407407407,0.5,0.8,0.16016016016016016,6.2437499999999995
optimum oil therapy hair moisturizer,39,1,0.41,0.0,0,0,0.02564102564102564,0.0,0.41,0.0,0.0
organic bandana oil,2,1,0.69,0.0,0,0,0.5,0.0,0.69,0.0,0.0
organic batana oil,1751,7,12.26,16.99,1,1,0.003997715591090805,0.14285714285714285,1.7514285714285713,0.7216009417304298,1.3858075040783033
organic batana oil cold pressed,36,1,0.64,0.0,0,0,0.027777777777777776,0.0,0.64,0.0,0.0
organic batana oil for hair growth,51,1,0.84,0.0,0,0,0.0196078431372549,0.0,0.84,0.0,0.0
organic batana oil honduras,3,1,2.25,0.0,0,0,0.3333333333333333,0.0,2.25,0.0,0.0
organic batona oil for hair growth,18,1,0.73,0.0,0,0,0.05555555555555555,0.0,0.73,0.0,0.0
organic botana oil hair growth,108,2,2.62,0.0,0,0,0.018518518518518517,0.0,1.31,0.0,0.0
organic castor oil,246,1,2.04,0.0,0,0,0.0040650406504065045,0.0,2.04,0.0,0.0
organic edge growth cream – ‘i want my edges back’,1,1,0.55,0.0,0,0,1.0,0.0,0.55,0.0,0.0
organic growth hair oil,14,1,0.82,0.0,0,0,0.07142857142857142,0.0,0.82,0.0,0.0
organic hair growth,4,1,1.12,0.0,0,0,0.25,0.0,1.12,0.0,0.0
organic hair growth raw,1,1,0.92,0.0,0,0,1.0,0.0,0.92,0.0,0.0
organic hair lotion,1,1,0.55,0.0,0,0,1.0,0.0,0.55,0.0,0.0
organic hair mask for health,1,1,0.9,0.0,0,0,1.0,0.0,0.9,0.0,0.0
organic hair moisturizer,64,1,0.8,0.0,0,0,0.015625,0.0,0.8,0.0,0.0
organic hair oil for hair growth,1,1,3.09,0.0,0,0,1.0,0.0,3.09,0.0,0.0
organic hair products for black hair,2,1,0.9,0.0,0,0,0.5,0.0,0.9,0.0,0.0
organic non toxic edge control,1,1,0.37,0.0,0,0,1.0,0.0,0.37,0.0,0.0
organic onion oil for hair growth,16,1,2.25,0.0,0,0,0.0625,0.0,2.25,0.0,0.0
organic raw batana oil,1,1,3.6,0.0,0,0,1.0,0.0,3.6,0.0,0.0
organic unrefined batana oil,1,1,0.75,0.0,0,0,1.0,0.0,0.75,0.0,0.0
original batana oil,9,1,1.46,0.0,0,0,0.1111111111111111,0.0,1.46,0.0,0.0
original batana oil for hair growth,96,1,1.12,0.0,0,0,0.010416666666666666,0.0,1.12,0.0,0.0
ors hair fertilizer for hair growth,10,4,1.32,0.0,0,0,0.4,0.0,0.33,0.0,0.0
ors olive oil hair grease,1,1,0.4,0.0,0,0,1.0,0.0,0.4,0.0,0.0
ors olive oil hair products,33,1,0.4,0.0,0,0,0.030303030303030304,0.0,0.4,0.0,0.0
otana batana oil for hair growth,1,1,2.27,0.0,0,0,1.0,0.0,2.27,0.0,0.0
palmer hair growth,66,1,0.52,0.0,0,0,0.015151515151515152,0.0,0.52,0.0,0.0
palmers hair growth oil,13,1,0.78,0.0,0,0,0.07692307692307693,0.0,0.78,0.0,0.0
panda's promise batana oil for hair growth,21,1,1.5,0.0,0,0,0.047619047619047616,0.0,1.5,0.0,0.0
pantene hair moisturizer,11,1,0.45,0.0,0,0,0.09090909090909091,0.0,0.45,0.0,0.0
patana oil for hair growth,2,1,1.76,9.99,1,1,0.5,1.0,1.76,0.17617617617617617,5.676136363636363
perm growth hair,1,1,0.75,0.0,0,0,1.0,0.0,0.75,0.0,0.0
pink hair moisturizer lotion,26,1,0.8,0.0,0,0,0.038461538461538464,0.0,0.8,0.0,0.0
pink lotion hair moisturizer,2495,8,4.67,0.0,0,0,0.0032064128256513026,0.0,0.58375,0.0,0.0
placenta hair treatment for growth,123,1,0.82,0.0,0,0,0.008130081300813009,0.0,0.82,0.0,0.0
plantain oil pure organic,1,1,0.9,19.99,1,1,1.0,1.0,0.9,0.04502251125562782,22.21111111111111
pomade for natural hair breakage shedding,1,1,0.5,0.0,0,0,1.0,0.0,0.5,0.0,0.0
pomade for women,2,1,0.31,0.0,0,0,0.5,0.0,0.31,0.0,0.0
pp405 hair growth,24,1,0.9,0.0,0,0,0.041666666666666664,0.0,0.9,0.0,0.0
pregnancy safe hair growth oil,65,1,1.35,0.0,0,0,0.015384615384615385,0.0,1.35,0.0,0.0
pressing oil for black hair,13,1,0.55,0.0,0,0,0.07692307692307693,0.0,0.55,0.0,0.0
prime day pure edge control sale,1,1,0.45,0.0,0,0,1.0,0.0,0.45,0.0,0.0
protective styles hair moisturizer products for black women,2,1,0.8,0.0,0,0,0.5,0.0,0.8,0.0,0.0
prspr wellness root revive hair growth oil,10,1,0.8,0.0,0,0,0.1,0.0,0.8,0.0,0.0
puffy hold me down baby gelle,6,1,0.5,0.0,0,0,0.16666666666666666,0.0,0.5,0.0,0.0
pumpkin seed oil for hair growth,640,6,4.83,0.0,0,0,0.009375,0.0,0.805,0.0,0.0
pumpkin seed oil hair growth,29,1,0.66,0.0,0,0,0.034482758620689655,0.0,0.66,0.0,0.0
pumpkinseed oil for hair,1,1,0.5,0.0,0,0,1.0,0.0,0.5,0.0,0.0
pure aura hair growth balm,1,1,1.08,9.99,1,1,1.0,1.0,1.08,0.10810810810810811,9.25
pure authentic batana oil from honduras,2,1,1.08,0.0,0,0,0.5,0.0,1.08,0.0,0.0
pure batana oil,157,5,7.54,0.0,0,0,0.03184713375796178,0.0,1.508,0.0,0.0
pure batana oil for hair,645,3,8.66,0.0,0,0,0.004651162790697674,0.0,2.8866666666666667,0.0,0.0
pure batana oil for hair growth,87,1,1.23,9.99,1,1,0.011494252873563218,1.0,1.23,0.12312312312312312,8.121951219512196
pure bontana oil dcxc,2,1,0.4,0.0,0,0,0.5,0.0,0.4,0.0,0.0
pure botanica oil from honduras,1,1,1.61,0.0,0,0,1.0,0.0,1.61,0.0,0.0
pure d honduras sweet potato oil,1,1,0.4,0.0,0,0,1.0,0.0,0.4,0.0,0.0
pure edge control,432,4,1.6700000000000002,16.99,1,1,0.009259259259259259,0.25,0.41750000000000004,0.09829311359623309,10.173652694610777
pure glycerin for hair,2,1,0.92,0.0,0,0,0.5,0.0,0.92,0.0,0.0
pure haitian black castor oil,1,1,0.39,0.0,0,0,1.0,0.0,0.39,0.0,0.0
pure loc & twist vegamink scalp treatment,1,1,0.58,0.0,0,0,1.0,0.0,0.58,0.0,0.0
pure majik hair growth oil,21,1,1.21,0.0,0,0,0.047619047619047616,0.0,1.21,0.0,0.0
pure onion juice for hair growth,47,2,1.57,0.0,0,0,0.0425531914893617,0.0,0.785,0.0,0.0
pure raw batana oil from honduras,6,1,2.11,0.0,0,0,0.16666666666666666,0.0,2.11,0.0,0.0
puremajik naturals hair growth oil,78,1,1.5,0.0,0,0,0.01282051282051282,0.0,1.5,0.0,0.0
quorra raw batana oil for hair growth,1,1,0.95,0.0,0,0,1.0,0.0,0.95,0.0,0.0
qytin,1,1,0.75,0.0,0,0,1.0,0.0,0.75,0.0,0.0
qytin batana oil for hair growth,716,4,3.75,0.0,0,0,0.00558659217877095,0.0,0.9375,0.0,0.0
ra cosmetics batana oil for hair growth,37,1,1.5,0.0,0,0,0.02702702702702703,0.0,1.5,0.0,0.0
ralla oil,1,1,0.63,0.0,0,0,1.0,0.0,0.63,0.0,0.0
raw babassu oil,1,1,0.69,0.0,0,0,1.0,0.0,0.69,0.0,0.0
raw banana oil for hair growth,38,2,2.56,0.0,0,0,0.05263157894736842,0.0,1.28,0.0,0.0
raw banana oil paste,2,1,0.9,19.99,1,1,0.5,1.0,0.9,0.04502251125562782,22.21111111111111
raw banta oil no rinse out,1,1,0.65,0.0,0,0,1.0,0.0,0.65,0.0,0.0
raw batana,132,2,2.96,14.99,1,1,0.015151515151515152,0.5,1.48,0.19746497665110072,5.0641891891891895
raw batana from honduras,2,1,1.26,0.0,0,0,0.5,0.0,1.26,0.0,0.0
raw batana hair oil,22,1,2.7,0.0,0,0,0.045454545454545456,0.0,2.7,0.0,0.0
raw batana oil,2688,13,11.99,0.0,0,0,0.004836309523809524,0.0,0.9223076923076923,0.0,0.0
raw batana oil by dr. sebi,7,1,1.4,0.0,0,0,0.14285714285714285,0.0,1.4,0.0,0.0
raw batana oil cold pressed organic,2,1,3.04,0.0,0,0,0.5,0.0,3.04,0.0,0.0
raw batana oil for daily use to leave in,1,1,1.7,0.0,0,0,1.0,0.0,1.7,0.0,0.0
raw batana oil for hair growth,3353,29,28.69,16.99,1,1,0.00864897107068297,0.034482758620689655,0.9893103448275863,1.688640376692172,0.5921924015336353
"raw batana oil for hair growth - 100% pure, organic 4oz batana from honduras for thick and strong natural hair - dr. sebi unrefined cold pressed cosmetic scalp mask gifts for women (1 pack)",7,2,2.65,0.0,0,0,0.2857142857142857,0.0,1.325,0.0,0.0
raw batana oil for hair growth: 100% natural batana oil from honduras prevent hair loss and enhances hair thickness for men & women,0,1,0.55,0.0,0,0,0.0,0.0,0.55,0.0,0.0
raw batana oil luxmiel,9,4,2.7,16.99,1,1,0.4444444444444444,0.25,0.675,0.15891701000588584,6.292592592592592
raw batana oil paste,1085,4,6.199999999999999,31.979999999999997,2,2,0.003686635944700461,0.5,1.5499999999999998,0.1938711694809256,5.158064516129032
raw batana unrefined,238,2,2.29,0.0,0,0,0.008403361344537815,0.0,1.145,0.0,0.0
raw botanical oil paste,1,1,0.66,0.0,0,0,1.0,0.0,0.66,0.0,0.0
raw hair oil,34,1,1.58,0.0,0,0,0.029411764705882353,0.0,1.58,0.0,0.0
raw organic banyan oil from africa,2,1,0.9,0.0,0,0,0.5,0.0,0.9,0.0,0.0
raw organic unrefined batana oil,1,1,0.75,0.0,0,0,1.0,0.0,0.75,0.0,0.0
real batana oil for hair growth,1,1,0.92,0.0,0,0,1.0,0.0,0.92,0.0,0.0
rebond hair treatment,3,1,1.2,0.0,0,0,0.3333333333333333,0.0,1.2,0.0,0.0
red pimento hair growth oil,31,1,0.82,0.0,0,0,0.03225806451612903,0.0,0.82,0.0,0.0
regrow edges for black women,188,11,4.91,19.98,2,2,0.05851063829787234,0.18181818181818182,0.44636363636363635,0.24574574574574576,4.069246435845214
rennora hair growth serum,5,1,0.64,0.0,0,0,0.2,0.0,0.64,0.0,0.0
renora hair growth serum,1,1,0.65,0.0,0,0,1.0,0.0,0.65,0.0,0.0
restorative hair oil for edges black women,1,1,0.5,0.0,0,0,1.0,0.0,0.5,0.0,0.0
restore edges black women,11,1,0.4,0.0,0,0,0.09090909090909091,0.0,0.4,0.0,0.0
restore hair mask,1,1,0.5,0.0,0,0,1.0,0.0,0.5,0.0,0.0
rhassoul hair growth oil original from africa and made in africa,1,1,0.59,0.0,0,0,1.0,0.0,0.59,0.0,0.0
rice oil for hair growth,62,2,1.17,0.0,0,0,0.03225806451612903,0.0,0.585,0.0,0.0
rice water alocia for hair growth edge control,2,1,0.73,0.0,0,0,0.5,0.0,0.73,0.0,0.0
rich hair moisturizer,1,1,0.48,0.0,0,0,1.0,0.0,0.48,0.0,0.0
richgrand batana oil for hair growth,1575,15,14.86,0.0,0,0,0.009523809523809525,0.0,0.9906666666666666,0.0,0.0
richgrand hair growth products,602,4,1.79,0.0,0,0,0.006644518272425249,0.0,0.4475,0.0,0.0
right on hair moisturizer,3,1,0.8,0.0,0,0,0.3333333333333333,0.0,0.8,0.0,0.0
romeo con gator hair oil,1,1,0.5,0.0,0,0,1.0,0.0,0.5,0.0,0.0
root revive hair growth oil,38,1,1.12,0.0,0,0,0.02631578947368421,0.0,1.12,0.0,0.0
rosemary and batana oil,41,1,0.82,0.0,0,0,0.024390243902439025,0.0,0.82,0.0,0.0
rosemary and castor oil for hair growth,82,2,1.47,0.0,0,0,0.024390243902439025,0.0,0.735,0.0,0.0
rosemary and castor oil hair growth,1,1,0.91,0.0,0,0,1.0,0.0,0.91,0.0,0.0
rosemary and grapeseed oil for hair growth,3,1,0.52,0.0,0,0,0.3333333333333333,0.0,0.52,0.0,0.0
rosemary and mint oil for hair growth,87,1,0.93,0.0,0,0,0.011494252873563218,0.0,0.93,0.0,0.0
rosemary grease for hair growth,1,1,1.17,0.0,0,0,1.0,0.0,1.17,0.0,0.0
rosemary growth hair oil,86,1,0.82,0.0,0,0,0.011627906976744186,0.0,0.82,0.0,0.0
rosemary hair growth,69,1,1.2,0.0,0,0,0.014492753623188406,0.0,1.2,0.0,0.0
rosemary hair growth oil,176,1,1.04,0.0,0,0,0.005681818181818182,0.0,1.04,0.0,0.0
rosemary hair moisturizer,10,1,0.6,0.0,0,0,0.1,0.0,0.6,0.0,0.0
rosemary mint oil for hair growth,65,1,0.7,0.0,0,0,0.015384615384615385,0.0,0.7,0.0,0.0
rosemary mint water spray for hair growth,1,1,0.65,0.0,0,0,1.0,0.0,0.65,0.0,0.0
rosemary oil,78,1,1.06,0.0,0,0,0.01282051282051282,0.0,1.06,0.0,0.0
rosemary oil for hair growth,6180,42,37.300000000000004,35.97,3,3,0.006796116504854369,0.07142857142857142,0.8880952380952382,1.0369752571587436,0.9643431635388738
rosemary oil for hair growth allpa botanicals,10,1,1.12,0.0,0,0,0.1,0.0,1.12,0.0,0.0
rosemary oil for hair growth kids,11,1,1.31,0.0,0,0,0.09090909090909091,0.0,1.31,0.0,0.0
rosemary oil for hair growth organic,13,1,1.04,0.0,0,0,0.07692307692307693,0.0,1.04,0.0,0.0
rosemary oil hair cream,3,1,0.6,0.0,0,0,0.3333333333333333,0.0,0.6,0.0,0.0
rosemary resdyn oil for hair growth,1,1,1.21,0.0,0,0,1.0,0.0,1.21,0.0,0.0
rosemary water spray for hair growth,8,1,1.2,0.0,0,0,0.125,0.0,1.2,0.0,0.0
sage oil for hair growth,1,1,1.51,16.99,1,1,1.0,1.0,1.51,0.08887580929958801,11.251655629139071
salt and pepper drawstring ponytail,7,1,0.47,0.0,0,0,0.14285714285714285,0.0,0.47,0.0,0.0
san curly girl hair growth oil,3,1,0.65,0.0,0,0,0.3333333333333333,0.0,0.65,0.0,0.0
san curly girl hair growth oil sc,14,1,0.56,0.0,0,0,0.07142857142857142,0.0,0.56,0.0,0.0
sapuyulo hair treatment,1,1,0.55,0.0,0,0,1.0,0.0,0.55,0.0,0.0
sapuyulo oil for hair,4,1,0.55,0.0,0,0,0.25,0.0,0.55,0.0,0.0
sapuyulo oil for hair growth,5,2,2.02,0.0,0,0,0.4,0.0,1.01,0.0,0.0
scalp balm for hair growth,3,1,0.72,0.0,0,0,0.3333333333333333,0.0,0.72,0.0,0.0
scalp mask,2,1,1.0,0.0,0,0,0.5,0.0,1.0,0.0,0.0
scalp massager hair growth,712,6,4.25,0.0,0,0,0.008426966292134831,0.0,0.7083333333333334,0.0,0.0
scalp massager hair growth electric,3,1,0.8,0.0,0,0,0.3333333333333333,0.0,0.8,0.0,0.0
scalp massager hair growth oil,231,4,2.76,0.0,0,0,0.017316017316017316,0.0,0.69,0.0,0.0
scalp massager hair growth wooden,2,1,0.9,0.0,0,0,0.5,0.0,0.9,0.0,0.0
scalp oil,708,4,5.31,0.0,0,0,0.005649717514124294,0.0,1.3275,0.0,0.0
scalp oil hair growth,727,5,4.22,0.0,0,0,0.0068775790921595595,0.0,0.844,0.0,0.0
scalp oil hair growth smell good,1,1,1.04,0.0,0,0,1.0,0.0,1.04,0.0,0.0
scalp scrub for hair growth,10,1,1.2,0.0,0,0,0.1,0.0,1.2,0.0,0.0
scalp serum for hair growth,42,2,1.4,0.0,0,0,0.047619047619047616,0.0,0.7,0.0,0.0
scalp stimulator hair growth,27,1,0.52,0.0,0,0,0.037037037037037035,0.0,0.52,0.0,0.0
scalp stimulator hair growth oil,1169,6,4.29,0.0,0,0,0.0051325919589392645,0.0,0.715,0.0,0.0
scalp stimulator hair growth tool,1,1,0.52,0.0,0,0,1.0,0.0,0.52,0.0,0.0
scalp treatment for hair growth,20,2,5.79,0.0,0,0,0.1,0.0,2.895,0.0,0.0
scalp treatments,30,1,2.11,0.0,0,0,0.03333333333333333,0.0,2.11,0.0,0.0
schwarzkopf hair growth,1,1,0.55,0.0,0,0,1.0,0.0,0.55,0.0,0.0
septha hair growth,3,1,0.52,0.0,0,0,0.3333333333333333,0.0,0.52,0.0,0.0
serum for hair growth,22,1,0.3,0.0,0,0,0.045454545454545456,0.0,0.3,0.0,0.0
shabana hussain hair product,1,1,1.98,0.0,0,0,1.0,0.0,1.98,0.0,0.0
shadavi hair elixir,1,1,0.63,0.0,0,0,1.0,0.0,0.63,0.0,0.0
shael cosmetics ambunu for hair,4,1,0.67,0.0,0,0,0.25,0.0,0.67,0.0,0.0
shampoo and conditioner set,5,1,1.0,0.0,0,0,0.2,0.0,1.0,0.0,0.0
shampoo batana oil,94,1,1.05,0.0,0,0,0.010638297872340425,0.0,1.05,0.0,0.0
shampoo de aceite de batana,3,1,1.0,0.0,0,0,0.3333333333333333,0.0,1.0,0.0,0.0
shea moisture strengthen grow and restore edge treatment,1,1,0.42,0.0,0,0,1.0,0.0,0.42,0.0,0.0
shea yogurt hair moisturizer,18,1,0.7,0.0,0,0,0.05555555555555555,0.0,0.7,0.0,0.0
shea.for hair moisturizer,1,1,0.53,0.0,0,0,1.0,0.0,0.53,0.0,0.0
shiny moisturizer for hair,1,1,0.45,0.0,0,0,1.0,0.0,0.45,0.0,0.0
silicone scalp massager for hair growth,13,1,0.51,0.0,0,0,0.07692307692307693,0.0,0.51,0.0,0.0
silver human braiding hair,1,1,0.44,0.0,0,0,1.0,0.0,0.44,0.0,0.0
skala hair growth products,99,5,2.82,0.0,0,0,0.050505050505050504,0.0,0.564,0.0,0.0
skala hair products,15,1,0.49,0.0,0,0,0.06666666666666667,0.0,0.49,0.0,0.0
skala hair treatment,9,1,0.45,0.0,0,0,0.1111111111111111,0.0,0.45,0.0,0.0
skala vitamin pump,8,1,0.5,0.0,0,0,0.125,0.0,0.5,0.0,0.0
slow hair growth moisturizer,1,1,0.4,0.0,0,0,1.0,0.0,0.4,0.0,0.0
snack oil for hair,4,1,0.45,0.0,0,0,0.25,0.0,0.45,0.0,0.0
sniden hair growth spray,13,1,0.92,0.0,0,0,0.07692307692307693,0.0,0.92,0.0,0.0
snidin hair growth spray,908,4,3.4699999999999998,0.0,0,0,0.004405286343612335,0.0,0.8674999999999999,0.0,0.0
soul lady wigs,12,1,0.72,16.99,1,1,0.08333333333333333,1.0,0.72,0.04237786933490289,23.59722222222222
split end trimmer,3,1,0.8,0.0,0,0,0.3333333333333333,0.0,0.8,0.0,0.0
spoild batana oil,165,2,2.85,0.0,0,0,0.012121212121212121,0.0,1.425,0.0,0.0
spoiled batana oil,17,1,2.99,0.0,0,0,0.058823529411764705,0.0,2.99,0.0,0.0
spoiled batana oil for hair growth,224,2,2.8,0.0,0,0,0.008928571428571428,0.0,1.4,0.0,0.0
stimulate hair growth,274,1,0.75,0.0,0,0,0.0036496350364963502,0.0,0.75,0.0,0.0
stimulating hair growth oil,5,1,0.7,0.0,0,0,0.2,0.0,0.7,0.0,0.0
stimulating oil for hair growth￼,2,1,1.27,0.0,0,0,0.5,0.0,1.27,0.0,0.0
stimulating scalp and hair balm,1060,9,4.59,30.98,2,2,0.008490566037735849,0.2222222222222222,0.51,0.14816010329244672,6.749455337690632
"stimulating scalp and hair balm, shea butter and mango butter blend for moisturizing haircar",3,1,0.37,0.0,0,0,0.3333333333333333,0.0,0.37,0.0,0.0
stop hair growth,1,1,0.55,0.0,0,0,1.0,0.0,0.55,0.0,0.0
strawberry hair growth oil,15,2,2.09,9.99,1,1,0.13333333333333333,0.5,1.045,0.20920920920920918,4.7799043062200965
strengthen new hair growth,1,1,0.55,0.0,0,0,1.0,0.0,0.55,0.0,0.0
styling hair moisturizer,2,1,0.6,0.0,0,0,0.5,0.0,0.6,0.0,0.0
sulfur 8 medicated for scalp,14,1,1.2,0.0,0,0,0.07142857142857142,0.0,1.2,0.0,0.0
sulfur hair growth,4,1,0.82,9.99,1,1,0.25,1.0,0.82,0.08208208208208208,12.182926829268293
sunny isle batana oil for hair growth,118,1,0.82,0.0,0,0,0.00847457627118644,0.0,0.82,0.0,0.0
sunny isle jamaican black castor oil for hair growth,6,1,0.82,0.0,0,0,0.16666666666666666,0.0,0.82,0.0,0.0
super hair growth oil ￼ white girl hair￼,1,1,2.0,0.0,0,0,1.0,0.0,2.0,0.0,0.0
supergrow hair grease,44,1,1.19,0.0,0,0,0.022727272727272728,0.0,1.19,0.0,0.0
syren batana oil for hair growth,4,1,1.12,0.0,0,0,0.25,0.0,1.12,0.0,0.0
t444z hair food for hair growth,35,2,1.74,0.0,0,0,0.05714285714285714,0.0,0.87,0.0,0.0
tabatha brown,3,1,0.5,0.0,0,0,0.3333333333333333,0.0,0.5,0.0,0.0
tea tree moisturizer hair and body,1,1,2.28,0.0,0,0,1.0,0.0,2.28,0.0,0.0
tea tree oil for hair,73,1,2.04,0.0,0,0,0.0136986301369863,0.0,2.04,0.0,0.0
tea tree oil hair growth,9,1,0.9,0.0,0,0,0.1111111111111111,0.0,0.9,0.0,0.0
teen mega hair growth products,1,1,1.57,0.0,0,0,1.0,0.0,1.57,0.0,0.0
temple hair growth,11,1,1.05,0.0,0,0,0.09090909090909091,0.0,1.05,0.0,0.0
tgin hair moisturizer,17,1,0.7,0.0,0,0,0.058823529411764705,0.0,0.7,0.0,0.0
thasila hair growth oil,4,1,2.69,16.99,1,1,0.25,1.0,2.69,0.15832842848734552,6.315985130111524
the alkaline brand batana oil 32 oz,2,1,2.24,0.0,0,0,0.5,0.0,2.24,0.0,0.0
the hair oil,132,1,1.06,0.0,0,0,0.007575757575757576,0.0,1.06,0.0,0.0
the main attraction hair growth oil,131,1,1.35,0.0,0,0,0.007633587786259542,0.0,1.35,0.0,0.0
the mane attraction hair growth oil,317,1,1.21,0.0,0,0,0.0031545741324921135,0.0,1.21,0.0,0.0
the ordinary hair growth oil,1,1,1.17,0.0,0,0,1.0,0.0,1.17,0.0,0.0
the verb ghost oil,1,1,0.66,0.0,0,0,1.0,0.0,0.66,0.0,0.0
the-mix-up botana oil hair growth,4,1,0.52,0.0,0,0,0.25,0.0,0.52,0.0,0.0
thick hair moisturizer,14,1,0.7,0.0,0,0,0.07142857142857142,0.0,0.7,0.0,0.0
thick hair oil,4,1,1.33,0.0,0,0,0.25,0.0,1.33,0.0,0.0
thick oil,6,1,0.99,0.0,0,0,0.16666666666666666,0.0,0.99,0.0,0.0
thick oil for hair,8,1,1.62,0.0,0,0,0.125,0.0,1.62,0.0,0.0
thickening hair products,7,1,0.52,0.0,0,0,0.14285714285714285,0.0,0.52,0.0,0.0
thinning hair growth cream,1,1,0.82,0.0,0,0,1.0,0.0,0.82,0.0,0.0
tiktok hair growth oil,12,1,1.94,0.0,0,0,0.08333333333333333,0.0,1.94,0.0,0.0
tinted hair moisturizer,1,1,0.65,0.0,0,0,1.0,0.0,0.65,0.0,0.0
tktalker raw batana oil for hair growth,4,1,1.8,0.0,0,0,0.25,0.0,1.8,0.0,0.0
tma extra strength hair growth oil,304,1,0.9,0.0,0,0,0.003289473684210526,0.0,0.9,0.0,0.0
tmm hair oil,1,1,0.82,0.0,0,0,1.0,0.0,0.82,0.0,0.0
toddler hair growth products,123,1,0.52,0.0,0,0,0.008130081300813009,0.0,0.52,0.0,0.0
top hair growth oils,1,1,0.65,0.0,0,0,1.0,0.0,0.65,0.0,0.0
top ranking hair growth oil,1,1,1.35,9.99,1,1,1.0,1.0,1.35,0.13513513513513514,7.3999999999999995
tratamiento para el cabello para darle brillo y crecimiento,1,1,0.66,0.0,0,0,1.0,0.0,0.66,0.0,0.0
tratamiento para la caída del cabello,2,1,0.43,0.0,0,0,0.5,0.0,0.43,0.0,0.0
tratamiento para que nazca cabello,1,1,3.8,0.0,0,0,1.0,0.0,3.8,0.0,0.0
travel size hair growth moisturizer,1,1,0.65,0.0,0,0,1.0,0.0,0.65,0.0,0.0
treat inflammation for alopecia,1,1,0.9,0.0,0,0,1.0,0.0,0.9,0.0,0.0
treatment for girl's hair growth,2,1,1.17,0.0,0,0,0.5,0.0,1.17,0.0,0.0
treatment for hair,18,1,3.95,0.0,0,0,0.05555555555555555,0.0,3.95,0.0,0.0
tropical isle jamaican hair growth oil,2,1,1.35,0.0,0,0,0.5,0.0,1.35,0.0,0.0
trwlcff divine batana oil for hair growth,7,1,0.69,0.0,0,0,0.14285714285714285,0.0,0.69,0.0,0.0
twist and lock gel,1,1,1.87,0.0,0,0,1.0,0.0,1.87,0.0,0.0
tyche batana oil for hair growth,2,1,2.07,0.0,0,0,0.5,0.0,2.07,0.0,0.0
ufna batana oil,65,1,2.1,0.0,0,0,0.015384615384615385,0.0,2.1,0.0,0.0
ugeizfld batana oil for hair growth,4,1,0.7,0.0,0,0,0.25,0.0,0.7,0.0,0.0
uizelta batana oil for hair growth,5,2,5.4,0.0,0,0,0.4,0.0,2.7,0.0,0.0
ultimate original,1,1,0.45,0.0,0,0,1.0,0.0,0.45,0.0,0.0
umex batana oil for hair growth,11,1,0.75,0.0,0,0,0.09090909090909091,0.0,0.75,0.0,0.0
unalakleet botana oil hair growth,15,2,2.13,0.0,0,0,0.13333333333333333,0.0,1.065,0.0,0.0
undefine batana oil from honduras,4,2,1.34,0.0,0,0,0.5,0.0,0.67,0.0,0.0
unrefined banana oil for hair growth,90,1,1.35,0.0,0,0,0.011111111111111112,0.0,1.35,0.0,0.0
unrefined batana oil,660,11,6.61,0.0,0,0,0.016666666666666666,0.0,0.600909090909091,0.0,0.0
unrefined batana oil for hair growth,50,1,0.9,0.0,0,0,0.02,0.0,0.9,0.0,0.0
unscented batana oil for hair growth,11,1,0.9,0.0,0,0,0.09090909090909091,0.0,0.9,0.0,0.0
untamed hair growth oil,11,3,5.54,19.98,2,2,0.2727272727272727,0.6666666666666666,1.8466666666666667,0.2772772772772773,3.6064981949458486
usma grass hair growth,8,1,0.5,16.99,1,1,0.125,1.0,0.5,0.029429075927015894,33.98
varana aseite,1,1,0.4,0.0,0,0,1.0,0.0,0.4,0.0,0.0
vatika hair oil growth,7,2,1.84,0.0,0,0,0.2857142857142857,0.0,0.92,0.0,0.0
veanic hair growth oil,1,1,1.0,0.0,0,0,1.0,0.0,1.0,0.0,0.0
vegan hair growth oil,35,1,1.0,0.0,0,0,0.02857142857142857,0.0,1.0,0.0,0.0
vegan hair mask for growth,1,1,0.75,0.0,0,0,1.0,0.0,0.75,0.0,0.0
vegan moroccan hair & skin oil,1,1,0.45,0.0,0,0,1.0,0.0,0.45,0.0,0.0
veganic natural hair growth oil,172,1,0.82,0.0,0,0,0.005813953488372093,0.0,0.82,0.0,0.0
venicell eternal,1,1,1.0,0.0,0,0,1.0,0.0,1.0,0.0,0.0
venrock rosemary oil for hair growth,2,1,0.7,0.0,0,0,0.5,0.0,0.7,0.0,0.0
vichy time grow hair,1,1,0.35,0.0,0,0,1.0,0.0,0.35,0.0,0.0
vigorol hair mousse olive oil,14,1,0.5,0.0,0,0,0.07142857142857142,0.0,0.5,0.0,0.0
viral strands batana oil,6,1,1.35,0.0,0,0,0.16666666666666666,0.0,1.35,0.0,0.0
virgin fertilizer hair growth,10,1,1.05,0.0,0,0,0.1,0.0,1.05,0.0,0.0
virgin hair fertilizer hair growth,77,2,1.73,0.0,0,0,0.025974025974025976,0.0,0.865,0.0,0.0
virgin hair growth fertilizer liquid,43,1,0.65,0.0,0,0,0.023255813953488372,0.0,0.65,0.0,0.0
vital affair hair growth oil,210,1,0.82,11.99,1,1,0.004761904761904762,1.0,0.82,0.0683903252710592,14.621951219512196
vital affair rosemary oil for hair growth,534,4,3.72,0.0,0,0,0.00749063670411985,0.0,0.93,0.0,0.0
vital banana oil for hair growth,32,1,1.12,0.0,0,0,0.03125,0.0,1.12,0.0,0.0
vital batana oil,740,6,3.88,11.99,1,1,0.008108108108108109,0.16666666666666666,0.6466666666666666,0.32360300250208507,3.0902061855670104
vital batana oil for hair growth,156,3,4.83,0.0,0,0,0.019230769230769232,0.0,1.61,0.0,0.0
vital pure batana oil,44,1,1.71,0.0,0,0,0.022727272727272728,0.0,1.71,0.0,0.0
vitalstrands batana oil,2,1,3.35,0.0,0,0,0.5,0.0,3.35,0.0,0.0
vitamino batana hair oil,11,1,1.5,0.0,0,0,0.09090909090909091,0.0,1.5,0.0,0.0
vitamins for hair growth,41,1,0.35,0.0,0,0,0.024390243902439025,0.0,0.35,0.0,0.0
vitamo batana oil,4,1,0.41,0.0,0,0,0.25,0.0,0.41,0.0,0.0
vitapointe hair cream,33,1,0.45,0.0,0,0,0.030303030303030304,0.0,0.45,0.0,0.0
vitapointe hair cream original,20,1,0.69,0.0,0,0,0.05,0.0,0.69,0.0,0.0
vitapointe hair cream original jar,9,1,1.16,0.0,0,0,0.1111111111111111,0.0,1.16,0.0,0.0
vivccon batana oil for hair growth,46,1,0.9,0.0,0,0,0.021739130434782608,0.0,0.9,0.0,0.0
viviscal hair growth,8,1,1.05,0.0,0,0,0.125,0.0,1.05,0.0,0.0
voodoo hair growth oil,107,2,3.22,0.0,0,0,0.018691588785046728,0.0,1.61,0.0,0.0
vortex hair growth,2,1,0.55,0.0,0,0,0.5,0.0,0.55,0.0,0.0
vxdag batana oil for hair growth,15,1,1.04,0.0,0,0,0.06666666666666667,0.0,1.04,0.0,0.0
water based hair moisturizer,13,1,0.7,0.0,0,0,0.07692307692307693,0.0,0.7,0.0,0.0
wave butter,6,1,2.28,0.0,0,0,0.16666666666666666,0.0,2.28,0.0,0.0
wavenuvo hair moisturizer,19,1,0.63,0.0,0,0,0.05263157894736842,0.0,0.63,0.0,0.0
weemotd batana oil for hair growth,25,1,1.3,0.0,0,0,0.04,0.0,1.3,0.0,0.0
weemotd botana oil hair growth,375,3,3.36,0.0,0,0,0.008,0.0,1.1199999999999999,0.0,0.0
well's oil herbs for hair growth,52,1,0.76,0.0,0,0,0.019230769230769232,0.0,0.76,0.0,0.0
what make edge growth,1,1,0.63,0.0,0,0,1.0,0.0,0.63,0.0,0.0
whole blends oil,1,1,0.82,0.0,0,0,1.0,0.0,0.82,0.0,0.0
wild growth hair growth products,16,1,0.45,0.0,0,0,0.0625,0.0,0.45,0.0,0.0
wild growth hair oil,3710,19,19.939999999999998,16.99,1,1,0.005121293800539084,0.05263157894736842,1.0494736842105261,1.1736315479693937,0.8520561685055166
wild growth hair oil extra strength,328,2,2.05,0.0,0,0,0.006097560975609756,0.0,1.025,0.0,0.0
wild growth oil,9,1,0.5,0.0,0,0,0.1111111111111111,0.0,0.5,0.0,0.0
wild hair growth,73,1,1.04,0.0,0,0,0.0136986301369863,0.0,1.04,0.0,0.0
wild hair growth oil,58,1,0.85,0.0,0,0,0.017241379310344827,0.0,0.85,0.0,0.0
wilde growth hair oil,1,1,0.28,0.0,0,0,1.0,0.0,0.28,0.0,0.0
wildroot root hair cream,1,1,0.5,0.0,0,0,1.0,0.0,0.5,0.0,0.0
wiqeerilly batana oil for hair growth,32,1,1.3,0.0,0,0,0.03125,0.0,1.3,0.0,0.0
wish care hair growth serum,1,1,1.49,0.0,0,0,1.0,0.0,1.49,0.0,0.0
women hair growth oil,118,3,3.35,0.0,0,0,0.025423728813559324,0.0,1.1166666666666667,0.0,0.0
women hair oil,21,1,0.9,0.0,0,0,0.047619047619047616,0.0,0.9,0.0,0.0
wonder growth oil,95,1,2.04,0.0,0,0,0.010526315789473684,0.0,2.04,0.0,0.0
wood scalp massager hair growth,3,1,0.75,0.0,0,0,0.3333333333333333,0.0,0.75,0.0,0.0
wooden comb for hair growth,10,1,0.75,0.0,0,0,0.1,0.0,0.75,0.0,0.0
xl balm- stimulating scalp and hair balm,41,1,0.42,0.0,0,0,0.024390243902439025,0.0,0.42,0.0,0.0
yacemira batana oil for hair growth,39,1,1.04,0.0,0,0,0.02564102564102564,0.0,1.04,0.0,0.0
ybera mirra oil repair,5,1,0.5,0.0,0,0,0.2,0.0,0.5,0.0,0.0
ybw batana oil for hair growth,127,1,0.77,0.0,0,0,0.007874015748031496,0.0,0.77,0.0,0.0
yetaim batana oil for hair growth,10,2,2.85,0.0,0,0,0.2,0.0,1.425,0.0,0.0
الزيت الافريقي,1,1,0.45,11.99,1,1,1.0,1.0,0.45,0.03753127606338615,26.644444444444446
دهن اصلي للشعر,1,1,0.95,0.0,0,0,1.0,0.0,0.95,0.0,0.0
زيوت شعر للترطيب,1,1,0.5,0.0,0,0,1.0,0.0,0.5,0.0,0.0
سيروم للشعر نسائيه,1,1,0.5,0.0,0,0,1.0,0.0,0.5,0.0,0.0
"￼ stimulating scalp and hair balm, shea b",1,1,0.91,0.0,0,0,1.0,0.0,0.91,0.0,0.0
￼hair moisturizer,4,1,0.65,0.0,0,0,0.25,0.0,0.65,0.0,0.0
￼l’oreal elvive growth,1,1,0.64,0.0,0,0,1.0,0.0,0.64,0.0,0.0
